{
"type": "FeatureCollection",
"name": "yapilar",
"crs": { "type": "name", "properties": { "name": "urn:ogc:def:crs:EPSG::5253" } },
"features": [
{ "type": "Feature", "properties": { "fid": 1, "uipfonksiyon": "YERLEŞİK KONUT ALANI", "nizam": "A", "yanbahce": "4", "taks": "0.4", "kaks": "1.6", "onbahce": "5.5", "katadedi": "4", "yencok": null, "emsal": null, "aream2": 522.23, "facade_front": "5,6,7,8", "facade_side": "", "facade_back": "0,1,2,3,4,9", "facade_count": 4, "is_corner": true, "front_direction": "coklu", "bina_alan_m2": 173.11, "taks_kullanim": 0.3315 }, "geometry": { "type": "MultiPolygon", "coordinates": [ [ [ [ 585626.225346642895602, 4234074.438229704275727 ], [ 585631.329236976220272, 4234086.869555643759668 ], [ 585633.732560407486744, 4234089.270974734798074 ], [ 585640.302849943516776, 4234086.598794907331467 ], [ 585634.90928727388382, 4234068.443701947107911 ], [ 585626.446224802173674, 4234072.053238845430315 ], [ 585625.746615075040609, 4234072.862200923264027 ], [ 585625.706918901647441, 4234073.17551757581532 ], [ 585626.225346642895602, 4234074.438229704275727 ] ] ] ] } },
{ "type": "Feature", "properties": { "fid": 1, "uipfonksiyon": "YERLEŞİK KONUT ALANI", "nizam": "A", "yanbahce": "4", "taks": "0.4", "kaks": "1.6", "onbahce": "5.5", "katadedi": "4", "yencok": null, "emsal": null, "aream2": 459.56, "facade_front": "3", "facade_side": "1,2,4,5", "facade_back": "0", "facade_count": 1, "is_corner": false, "front_direction": "S", "bina_alan_m2": 153.36, "taks_kullanim": 0.3337 }, "geometry": { "type": "MultiPolygon", "coordinates": [ [ [ [ 585645.2356564180227, 4234069.844006904400885 ], [ 585649.14487156458199, 4234083.002686748281121 ], [ 585656.590784508385696, 4234079.974385139532387 ], [ 585651.69824715948198, 4234063.505776944570243 ], [ 585651.112194374320097, 4234061.533084043301642 ], [ 585643.705151128466241, 4234064.692223655991256 ], [ 585645.2356564180227, 4234069.844006904400885 ] ] ] ] } },
{ "type": "Feature", "properties": { "fid": 1, "uipfonksiyon": "YERLEŞİK KONUT ALANI", "nizam": "A", "yanbahce": "4", "taks": "0.4", "kaks": "1.6", "onbahce": "5.5", "katadedi": "4", "yencok": null, "emsal": null, "aream2": 458.28, "facade_front": "4,5", "facade_side": "", "facade_back": "0,1,2,3,6,7", "facade_count": 2, "is_corner": true, "front_direction": "S", "bina_alan_m2": 150.44, "taks_kullanim": 0.3283 }, "geometry": { "type": "MultiPolygon", "coordinates": [ [ [ [ 585658.519237620639615, 4234058.373944430612028 ], [ 585661.459435143275186, 4234068.270846091210842 ], [ 585663.951841119094752, 4234076.660451433621347 ], [ 585666.262209679465741, 4234076.040953119285405 ], [ 585671.482610396458767, 4234073.917781922966242 ], [ 585667.057057643542066, 4234059.021075135096908 ], [ 585666.274580498691648, 4234056.387204691767693 ], [ 585658.745684247929603, 4234058.277363853529096 ], [ 585658.519237620639615, 4234058.373944430612028 ] ] ] ] } },
{ "type": "Feature", "properties": { "fid": 1, "uipfonksiyon": "YERLEŞİK KONUT ALANI", "nizam": "A", "yanbahce": "4", "taks": "0.4", "kaks": "1.6", "onbahce": "5.5", "katadedi": "4", "yencok": null, "emsal": null, "aream2": 452.8, "facade_front": "3", "facade_side": "1,2,4,5", "facade_back": "0", "facade_count": 1, "is_corner": false, "front_direction": "S", "bina_alan_m2": 150.36, "taks_kullanim": 0.3321 }, "geometry": { "type": "MultiPolygon", "coordinates": [ [ [ [ 585676.9859779587714, 4234064.350742537528276 ], [ 585679.411475948872976, 4234072.515131120570004 ], [ 585687.141293363994919, 4234070.442470964044333 ], [ 585685.683175957063213, 4234065.534350174479187 ], [ 585681.807234144187532, 4234052.487670599482954 ], [ 585674.040907321497798, 4234054.437437646090984 ], [ 585676.9859779587714, 4234064.350742537528276 ] ] ] ] } },
{ "type": "Feature", "properties": { "fid": 1, "uipfonksiyon": "YERLEŞİK KONUT ALANI", "nizam": "A", "yanbahce": "4", "taks": "0.4", "kaks": "1.6", "onbahce": "5.5", "katadedi": "4", "yencok": null, "emsal": null, "aream2": 448.7, "facade_front": "3", "facade_side": "1,2,4,5", "facade_back": "0", "facade_count": 1, "is_corner": false, "front_direction": "S", "bina_alan_m2": 148.3, "taks_kullanim": 0.3305 }, "geometry": { "type": "MultiPolygon", "coordinates": [ [ [ [ 585691.795753406360745, 4234058.017952045425773 ], [ 585694.871110779000446, 4234068.369810807518661 ], [ 585702.600928193307482, 4234066.29715065099299 ], [ 585698.376792844617739, 4234052.078428328037262 ], [ 585697.339887789450586, 4234048.588136508129537 ], [ 585689.573560967110097, 4234050.537903553806245 ], [ 585691.795753406360745, 4234058.017952045425773 ] ] ] ] } },
{ "type": "Feature", "properties": { "fid": 1, "uipfonksiyon": "YERLEŞİK KONUT ALANI", "nizam": "A", "yanbahce": "4", "taks": "0.4", "kaks": "1.6", "onbahce": "5.5", "katadedi": "4", "yencok": null, "emsal": null, "aream2": 444.6, "facade_front": "1", "facade_side": "0,2,3,5,6", "facade_back": "4", "facade_count": 1, "is_corner": false, "front_direction": "S", "bina_alan_m2": 135.07, "taks_kullanim": 0.3038 }, "geometry": { "type": "MultiPolygon", "coordinates": [ [ [ [ 585705.70632991346065, 4234048.658397734165192 ], [ 585706.927855913061649, 4234052.770136010833085 ], [ 585710.330745608429424, 4234064.224490494467318 ], [ 585718.060563023202121, 4234062.151830337941647 ], [ 585713.068705305689946, 4234045.34890313539654 ], [ 585705.70632991346065, 4234048.658397734165192 ] ] ] ] } },
{ "type": "Feature", "properties": { "fid": 1, "uipfonksiyon": "YERLEŞİK KONUT ALANI", "nizam": "A", "yanbahce": "4", "taks": "0.4", "kaks": "1.6", "onbahce": "5.5", "katadedi": "4", "yencok": null, "emsal": null, "aream2": 508.21, "facade_front": "", "facade_side": "", "facade_back": "0,1,2,3,4,5,6,7", "facade_count": 0, "is_corner": false, "front_direction": "belirsiz", "bina_alan_m2": 144.98, "taks_kullanim": 0.2853 }, "geometry": { "type": "MultiPolygon", "coordinates": [ [ [ [ 585742.518206885433756, 4234032.110924776643515 ], [ 585721.456693198415451, 4234041.578380838036537 ], [ 585720.584104525158182, 4234042.554496981203556 ], [ 585721.695417168200947, 4234046.295249721966684 ], [ 585744.701638326747343, 4234039.460501153953373 ], [ 585742.518206885433756, 4234032.110924776643515 ] ] ] ] } },
{ "type": "Feature", "properties": { "fid": 1, "uipfonksiyon": "YERLEŞİK KONUT ALANI", "nizam": "A", "yanbahce": "4", "taks": "0.4", "kaks": "1.6", "onbahce": "5.5", "katadedi": "4", "yencok": null, "emsal": null, "aream2": 513.57, "facade_front": "1", "facade_side": "0,2,3,5", "facade_back": "4", "facade_count": 1, "is_corner": false, "front_direction": "S", "bina_alan_m2": 180.63, "taks_kullanim": 0.3517 }, "geometry": { "type": "MultiPolygon", "coordinates": [ [ [ [ 585758.086203728220426, 4234028.330358251929283 ], [ 585750.203070125542581, 4234029.886945857666433 ], [ 585754.402171293273568, 4234044.021401452831924 ], [ 585756.709650097065605, 4234051.788529555313289 ], [ 585764.439467512071133, 4234049.715869398787618 ], [ 585758.086203728220426, 4234028.330358251929283 ] ] ] ] } },
{ "type": "Feature", "properties": { "fid": 1, "uipfonksiyon": "YERLEŞİK KONUT ALANI", "nizam": "A", "yanbahce": "4", "taks": "0.4", "kaks": "1.6", "onbahce": "5.5", "katadedi": "4", "yencok": null, "emsal": null, "aream2": 496.34, "facade_front": "1", "facade_side": "0,2,3,5", "facade_back": "4", "facade_count": 1, "is_corner": false, "front_direction": "S", "bina_alan_m2": 172.01, "taks_kullanim": 0.3466 }, "geometry": { "type": "MultiPolygon", "coordinates": [ [ [ [ 585775.417432356858626, 4234030.484947940334678 ], [ 585773.852470933226869, 4234025.217183039523661 ], [ 585765.969337331014685, 4234026.773770645260811 ], [ 585772.169284926960245, 4234047.643209241330624 ], [ 585779.899102341500111, 4234045.570549084804952 ], [ 585775.417432356858626, 4234030.484947940334678 ] ] ] ] } },
{ "type": "Feature", "properties": { "fid": 1, "uipfonksiyon": "YERLEŞİK KONUT ALANI", "nizam": "A", "yanbahce": "4", "taks": "0.4", "kaks": "1.6", "onbahce": "5.5", "katadedi": "4", "yencok": null, "emsal": null, "aream2": 536.24, "facade_front": "1,2,3,4,5,6,7", "facade_side": "", "facade_back": "0,8,9", "facade_count": 7, "is_corner": true, "front_direction": "coklu", "bina_alan_m2": 172.69, "taks_kullanim": 0.322 }, "geometry": { "type": "MultiPolygon", "coordinates": [ [ [ [ 585783.304471943643875, 4234023.350810050033033 ], [ 585781.735604536137544, 4234023.660595432855189 ], [ 585785.045812601340003, 4234034.802977346815169 ], [ 585787.628919756389223, 4234043.497888928279281 ], [ 585794.866639593965374, 4234041.557178983464837 ], [ 585792.983292660210282, 4234030.272047848440707 ], [ 585791.768911624443717, 4234022.995401686057448 ], [ 585783.304471943643875, 4234023.350810050033033 ] ] ] ] } },
{ "type": "Feature", "properties": { "fid": 1, "uipfonksiyon": "YERLEŞİK KONUT ALANI", "nizam": "A", "yanbahce": "4", "taks": "0.4", "kaks": "1.6", "onbahce": "5.5", "katadedi": "4", "yencok": null, "emsal": null, "aream2": 518.5, "facade_front": "0,1", "facade_side": "", "facade_back": "2,3,4,5", "facade_count": 2, "is_corner": true, "front_direction": "S", "bina_alan_m2": 160.82, "taks_kullanim": 0.3102 }, "geometry": { "type": "MultiPolygon", "coordinates": [ [ [ [ 585748.979832682060078, 4234053.861189711838961 ], [ 585746.979887849418446, 4234047.1292415400967 ], [ 585729.083868059562519, 4234052.44583807233721 ], [ 585723.973666690872051, 4234053.963990108110011 ], [ 585725.790380437974818, 4234060.079170181415975 ], [ 585737.036703519173898, 4234057.063600148074329 ], [ 585748.979832682060078, 4234053.861189711838961 ] ] ] ] } },
{ "type": "Feature", "properties": { "fid": 4, "uipfonksiyon": "YERLEŞİK KONUT ALANI", "nizam": "A", "yanbahce": "4", "taks": "0.4", "kaks": "1.6", "onbahce": "5.5", "katadedi": "4", "yencok": null, "emsal": null, "aream2": 778.8, "facade_front": "0,1,2,3,5,6,7,8,9,10,11,12,13", "facade_side": "", "facade_back": "4", "facade_count": 13, "is_corner": true, "front_direction": "coklu", "bina_alan_m2": 40.25, "taks_kullanim": 0.0517 }, "geometry": { "type": "MultiPolygon", "coordinates": [ [ [ [ 585825.787260659155436, 4234098.133456600829959 ], [ 585827.233197223511524, 4234106.798308532685041 ], [ 585831.755011618253775, 4234106.224820803850889 ], [ 585830.227409205399454, 4234097.367660207673907 ], [ 585825.787260659155436, 4234098.133456600829959 ] ] ] ] } },
{ "type": "Feature", "properties": { "fid": 4, "uipfonksiyon": "YERLEŞİK KONUT ALANI", "nizam": "A", "yanbahce": "4", "taks": "0.4", "kaks": "1.6", "onbahce": "5.5", "katadedi": "4", "yencok": null, "emsal": null, "aream2": 394.41, "facade_front": "0,1,6,7", "facade_side": "", "facade_back": "2,3,4,5", "facade_count": 4, "is_corner": true, "front_direction": "coklu", "bina_alan_m2": 77.77, "taks_kullanim": 0.1972 }, "geometry": { "type": "MultiPolygon", "coordinates": [ [ [ [ 585840.739764506928623, 4234084.39217961486429 ], [ 585839.808375274878927, 4234078.991910580545664 ], [ 585837.841245535179041, 4234067.586335497908294 ], [ 585833.348657743539661, 4234068.395442073233426 ], [ 585836.241437555872835, 4234085.168010089546442 ], [ 585840.739764506928623, 4234084.39217961486429 ] ] ] ] } },
{ "type": "Feature", "properties": { "fid": 4, "uipfonksiyon": "YERLEŞİK KONUT ALANI", "nizam": "A", "yanbahce": "4", "taks": "0.4", "kaks": "1.6", "onbahce": "5.5", "katadedi": "4", "yencok": null, "emsal": null, "aream2": 344.84, "facade_front": "0,1,2,6,7", "facade_side": "", "facade_back": "3,4,5", "facade_count": 5, "is_corner": true, "front_direction": "coklu", "bina_alan_m2": 61.72, "taks_kullanim": 0.179 }, "geometry": { "type": "MultiPolygon", "coordinates": [ [ [ [ 585829.755652550957166, 4234047.562911467626691 ], [ 585831.479029401903972, 4234057.555187867023051 ], [ 585835.971617193077691, 4234056.746081291697919 ], [ 585833.675587464123964, 4234043.433517843484879 ], [ 585829.178626905428246, 4234044.217270763590932 ], [ 585829.755652550957166, 4234047.562911467626691 ] ] ] ] } },
{ "type": "Feature", "properties": { "fid": 4, "uipfonksiyon": "YERLEŞİK KONUT ALANI", "nizam": "A", "yanbahce": "4", "taks": "0.4", "kaks": "1.6", "onbahce": "5.5", "katadedi": "4", "yencok": null, "emsal": null, "aream2": 497.67, "facade_front": "1,2,3,4,5", "facade_side": "", "facade_back": "0,6,7", "facade_count": 5, "is_corner": true, "front_direction": "coklu", "bina_alan_m2": 116.06, "taks_kullanim": 0.2332 }, "geometry": { "type": "MultiPolygon", "coordinates": [ [ [ [ 585820.034651153953746, 4234063.660637517459691 ], [ 585821.589955974835902, 4234072.980884556658566 ], [ 585825.893389358534478, 4234072.238667550496757 ], [ 585821.297416054061614, 4234045.590847857296467 ], [ 585817.296364631969482, 4234046.288171237334609 ], [ 585817.185296787298284, 4234046.585729598999023 ], [ 585820.034651153953746, 4234063.660637517459691 ] ] ] ] } },
{ "type": "Feature", "properties": { "fid": 6, "uipfonksiyon": "YERLEŞİK KONUT ALANI", "nizam": "A", "yanbahce": "4", "taks": "0.4", "kaks": "1.6", "onbahce": "5.5", "katadedi": "4", "yencok": null, "emsal": null, "aream2": 500.84, "facade_front": "2,3,4,5", "facade_side": "", "facade_back": "0,1", "facade_count": 4, "is_corner": true, "front_direction": "coklu", "bina_alan_m2": 165.62, "taks_kullanim": 0.3307 }, "geometry": { "type": "MultiPolygon", "coordinates": [ [ [ [ 586183.060201945831068, 4233994.233719507232308 ], [ 586180.377383183687925, 4233978.714164389297366 ], [ 586169.954192086355761, 4233980.579586145468056 ], [ 586172.714870619238354, 4233996.005095052532852 ], [ 586183.060201945831068, 4233994.233719507232308 ] ] ] ] } },
{ "type": "Feature", "properties": { "fid": 6, "uipfonksiyon": "YERLEŞİK KONUT ALANI", "nizam": "A", "yanbahce": "4", "taks": "0.4", "kaks": "1.6", "onbahce": "5.5", "katadedi": "4", "yencok": null, "emsal": null, "aream2": 522.55, "facade_front": "1,2,3", "facade_side": "", "facade_back": "0,4,5", "facade_count": 3, "is_corner": true, "front_direction": "coklu", "bina_alan_m2": 190.5, "taks_kullanim": 0.3646 }, "geometry": { "type": "MultiPolygon", "coordinates": [ [ [ [ 586171.639189914683811, 4233953.728396530263126 ], [ 586165.35349305823911, 4233954.872817683964968 ], [ 586168.54483764176257, 4233972.704707096330822 ], [ 586179.014634672901593, 4233970.83094435185194 ], [ 586176.183038740768097, 4233954.450743885710835 ], [ 586171.639189914683811, 4233953.728396530263126 ] ] ] ] } },
{ "type": "Feature", "properties": { "fid": 6, "uipfonksiyon": "YERLEŞİK KONUT ALANI", "nizam": "A", "yanbahce": "4", "taks": "0.4", "kaks": "1.6", "onbahce": "5.5", "katadedi": "4", "yencok": null, "emsal": null, "aream2": 401.29, "facade_front": "2", "facade_side": "1,3", "facade_back": "0", "facade_count": 1, "is_corner": false, "front_direction": "S", "bina_alan_m2": 124.64, "taks_kullanim": 0.3106 }, "geometry": { "type": "MultiPolygon", "coordinates": [ [ [ [ 586154.204433987033553, 4233983.398295034654438 ], [ 586156.9439340995159, 4233998.705467848107219 ], [ 586164.829402359318919, 4233997.355281450785697 ], [ 586162.079313036636449, 4233981.988940590061247 ], [ 586154.204433987033553, 4233983.398295034654438 ] ] ] ] } },
{ "type": "Feature", "properties": { "fid": 6, "uipfonksiyon": "YERLEŞİK KONUT ALANI", "nizam": "A", "yanbahce": "4", "taks": "0.4", "kaks": "1.6", "onbahce": "5.5", "katadedi": "4", "yencok": null, "emsal": null, "aream2": 417.27, "facade_front": "", "facade_side": "", "facade_back": "0,1,2,3", "facade_count": 0, "is_corner": false, "front_direction": "belirsiz", "bina_alan_m2": 144.63, "taks_kullanim": 0.3466 }, "geometry": { "type": "MultiPolygon", "coordinates": [ [ [ [ 586160.669958591926843, 4233974.114061540924013 ], [ 586157.482843929436058, 4233956.305807146243751 ], [ 586149.612194800982252, 4233957.738796608522534 ], [ 586152.795079542323947, 4233975.523415985517204 ], [ 586160.669958591926843, 4233974.114061540924013 ] ] ] ] } },
{ "type": "Feature", "properties": { "fid": 6, "uipfonksiyon": "YERLEŞİK KONUT ALANI", "nizam": "A", "yanbahce": "4", "taks": "0.4", "kaks": "1.6", "onbahce": "5.5", "katadedi": "4", "yencok": null, "emsal": null, "aream2": 399.37, "facade_front": "2", "facade_side": "1,3", "facade_back": "0", "facade_count": 1, "is_corner": false, "front_direction": "S", "bina_alan_m2": 123.68, "taks_kullanim": 0.3097 }, "geometry": { "type": "MultiPolygon", "coordinates": [ [ [ [ 586138.454675887245685, 4233986.217003924772143 ], [ 586141.172997579211369, 4234001.405840644612908 ], [ 586149.05846583948005, 4234000.055654246360064 ], [ 586146.329554937314242, 4233984.80764947924763 ], [ 586138.454675887245685, 4233986.217003924772143 ] ] ] ] } },
{ "type": "Feature", "properties": { "fid": 6, "uipfonksiyon": "YERLEŞİK KONUT ALANI", "nizam": "A", "yanbahce": "4", "taks": "0.4", "kaks": "1.6", "onbahce": "5.5", "katadedi": "4", "yencok": null, "emsal": null, "aream2": 416.5, "facade_front": "", "facade_side": "", "facade_back": "0,1,2,3", "facade_count": 0, "is_corner": false, "front_direction": "belirsiz", "bina_alan_m2": 144.25, "taks_kullanim": 0.3463 }, "geometry": { "type": "MultiPolygon", "coordinates": [ [ [ [ 586144.920200492604636, 4233976.932770430110395 ], [ 586141.7415456721792, 4233959.17178607173264 ], [ 586133.870896543492563, 4233960.604775534011424 ], [ 586137.045321442536078, 4233978.342124875634909 ], [ 586144.920200492604636, 4233976.932770430110395 ] ] ] ] } },
{ "type": "Feature", "properties": { "fid": 6, "uipfonksiyon": "YERLEŞİK KONUT ALANI", "nizam": "A", "yanbahce": "4", "taks": "0.4", "kaks": "1.6", "onbahce": "5.5", "katadedi": "4", "yencok": null, "emsal": null, "aream2": 397.68, "facade_front": "2,3", "facade_side": "", "facade_back": "0,1,4", "facade_count": 2, "is_corner": true, "front_direction": "S", "bina_alan_m2": 121.58, "taks_kullanim": 0.3057 }, "geometry": { "type": "MultiPolygon", "coordinates": [ [ [ [ 586125.400275522144511, 4234004.096236611716449 ], [ 586133.238926321500912, 4234002.484453961253166 ], [ 586130.579796837526374, 4233987.626358369365335 ], [ 586122.704917787807062, 4233989.035712813958526 ], [ 586125.400275522144511, 4234004.096236611716449 ] ] ] ] } },
{ "type": "Feature", "properties": { "fid": 6, "uipfonksiyon": "YERLEŞİK KONUT ALANI", "nizam": "A", "yanbahce": "4", "taks": "0.4", "kaks": "1.6", "onbahce": "5.5", "katadedi": "4", "yencok": null, "emsal": null, "aream2": 415.79, "facade_front": "", "facade_side": "", "facade_back": "0,1,2,3,4", "facade_count": 0, "is_corner": false, "front_direction": "belirsiz", "bina_alan_m2": 143.67, "taks_kullanim": 0.3455 }, "geometry": { "type": "MultiPolygon", "coordinates": [ [ [ [ 586126.009221847169101, 4233962.087910343892872 ], [ 586118.345313788042404, 4233963.431479674763978 ], [ 586118.12959828611929, 4233963.47075445856899 ], [ 586121.295563343213871, 4233981.160833764821291 ], [ 586129.170442392816767, 4233979.7514793202281 ], [ 586126.009221847169101, 4233962.087910343892872 ] ] ] ] } },
{ "type": "Feature", "properties": { "fid": 6, "uipfonksiyon": "YERLEŞİK KONUT ALANI", "nizam": "A", "yanbahce": "4", "taks": "0.4", "kaks": "1.6", "onbahce": "5.5", "katadedi": "4", "yencok": null, "emsal": null, "aream2": 401.76, "facade_front": "1", "facade_side": "0,2", "facade_back": "3", "facade_count": 1, "is_corner": false, "front_direction": "S", "bina_alan_m2": 124.87, "taks_kullanim": 0.3108 }, "geometry": { "type": "MultiPolygon", "coordinates": [ [ [ [ 586109.722973923548125, 4234007.319801911711693 ], [ 586117.561624722904526, 4234005.70801926124841 ], [ 586114.830038738087751, 4233990.445067258551717 ], [ 586106.955159688019194, 4233991.854421704076231 ], [ 586109.722973923548125, 4234007.319801911711693 ] ] ] ] } },
{ "type": "Feature", "properties": { "fid": 6, "uipfonksiyon": "YERLEŞİK KONUT ALANI", "nizam": "A", "yanbahce": "4", "taks": "0.4", "kaks": "1.6", "onbahce": "5.5", "katadedi": "4", "yencok": null, "emsal": null, "aream2": 408.34, "facade_front": "3", "facade_side": "0,2", "facade_back": "1", "facade_count": 1, "is_corner": false, "front_direction": "S", "bina_alan_m2": 128.16, "taks_kullanim": 0.3138 }, "geometry": { "type": "MultiPolygon", "coordinates": [ [ [ [ 586099.080280638299882, 4233993.263776148669422 ], [ 586091.205401588580571, 4233994.673130593262613 ], [ 586094.045672325068153, 4234010.543367211706936 ], [ 586101.884323124308139, 4234008.931584561243653 ], [ 586099.080280638299882, 4233993.263776148669422 ] ] ] ] } },
{ "type": "Feature", "properties": { "fid": 6, "uipfonksiyon": "YERLEŞİK KONUT ALANI", "nizam": "A", "yanbahce": "4", "taks": "0.4", "kaks": "1.6", "onbahce": "5.5", "katadedi": "4", "yencok": null, "emsal": null, "aream2": 518.55, "facade_front": "2,3,4,5", "facade_side": "", "facade_back": "0,1", "facade_count": 4, "is_corner": true, "front_direction": "coklu", "bina_alan_m2": 175.7, "taks_kullanim": 0.3388 }, "geometry": { "type": "MultiPolygon", "coordinates": [ [ [ [ 586075.686047871015035, 4234014.318471488542855 ], [ 586086.207021525828168, 4234012.155149861238897 ], [ 586083.33052253886126, 4233996.082485037855804 ], [ 586072.892345367581584, 4233997.95058882702142 ], [ 586075.686047871015035, 4234014.318471488542855 ] ] ] ] } },
{ "type": "Feature", "properties": { "fid": 6, "uipfonksiyon": "YERLEŞİK KONUT ALANI", "nizam": "A", "yanbahce": "4", "taks": "0.4", "kaks": "1.6", "onbahce": "5.5", "katadedi": "4", "yencok": null, "emsal": null, "aream2": 416.24, "facade_front": "", "facade_side": "", "facade_back": "0,1,2,3", "facade_count": 0, "is_corner": false, "front_direction": "belirsiz", "bina_alan_m2": 144.12, "taks_kullanim": 0.3462 }, "geometry": { "type": "MultiPolygon", "coordinates": [ [ [ [ 586105.545805243309587, 4233983.979542654938996 ], [ 586113.420684293378145, 4233982.570188209414482 ], [ 586110.249468927504495, 4233964.850772388279438 ], [ 586102.369592467322946, 4233966.232203410938382 ], [ 586105.545805243309587, 4233983.979542654938996 ] ] ] ] } },
{ "type": "Feature", "properties": { "fid": 6, "uipfonksiyon": "YERLEŞİK KONUT ALANI", "nizam": "A", "yanbahce": "4", "taks": "0.4", "kaks": "1.6", "onbahce": "5.5", "katadedi": "4", "yencok": null, "emsal": null, "aream2": 417.15, "facade_front": "", "facade_side": "", "facade_back": "0,1,2,3", "facade_count": 0, "is_corner": false, "front_direction": "belirsiz", "bina_alan_m2": 144.57, "taks_kullanim": 0.3466 }, "geometry": { "type": "MultiPolygon", "coordinates": [ [ [ [ 586094.489716007490642, 4233967.613634433597326 ], [ 586086.609839548007585, 4233968.995065455324948 ], [ 586089.79604714398738, 4233986.798251544125378 ], [ 586097.670926193473861, 4233985.388897099532187 ], [ 586094.489716007490642, 4233967.613634433597326 ] ] ] ] } },
{ "type": "Feature", "properties": { "fid": 6, "uipfonksiyon": "YERLEŞİK KONUT ALANI", "nizam": "A", "yanbahce": "4", "taks": "0.4", "kaks": "1.6", "onbahce": "5.5", "katadedi": "4", "yencok": null, "emsal": null, "aream2": 516.85, "facade_front": "2,3,4,5", "facade_side": "", "facade_back": "0,1,6", "facade_count": 4, "is_corner": true, "front_direction": "coklu", "bina_alan_m2": 176.31, "taks_kullanim": 0.3411 }, "geometry": { "type": "MultiPolygon", "coordinates": [ [ [ [ 586078.918988475925289, 4233971.432690732181072 ], [ 586068.748108044150285, 4233973.670125842094421 ], [ 586071.546311250072904, 4233990.064377441070974 ], [ 586081.921168094151653, 4233988.207605988718569 ], [ 586078.918988475925289, 4233971.432690732181072 ] ] ] ] } },
{ "type": "Feature", "properties": { "fid": 10, "uipfonksiyon": "YERLEŞİK KONUT ALANI", "nizam": "A", "yanbahce": "4", "taks": "0.4", "kaks": "1.6", "onbahce": "5.5", "katadedi": "4", "yencok": null, "emsal": null, "aream2": 343.27, "facade_front": "1,2,3,4", "facade_side": "", "facade_back": "0,5,6", "facade_count": 4, "is_corner": true, "front_direction": "coklu", "bina_alan_m2": 82.04, "taks_kullanim": 0.239 }, "geometry": { "type": "MultiPolygon", "coordinates": [ [ [ [ 585642.555986354942434, 4234113.792052040807903 ], [ 585656.009165600757115, 4234111.11836117412895 ], [ 585654.556176908430643, 4234103.807374864816666 ], [ 585643.370627549244091, 4234108.430779897607863 ], [ 585642.23576786450576, 4234108.968622276559472 ], [ 585642.555986354942434, 4234113.792052040807903 ] ] ] ] } },
{ "type": "Feature", "properties": { "fid": 10, "uipfonksiyon": "YERLEŞİK KONUT ALANI", "nizam": "A", "yanbahce": "4", "taks": "0.4", "kaks": "1.6", "onbahce": "5.5", "katadedi": "4", "yencok": null, "emsal": null, "aream2": 311.04, "facade_front": "3,4", "facade_side": "", "facade_back": "0,1,2", "facade_count": 2, "is_corner": true, "front_direction": "N", "bina_alan_m2": 78.67, "taks_kullanim": 0.2529 }, "geometry": { "type": "MultiPolygon", "coordinates": [ [ [ [ 585671.702246102853678, 4234107.999511329457164 ], [ 585669.630768861155957, 4234097.576483377255499 ], [ 585662.093472884618677, 4234100.691929121501744 ], [ 585663.855705851572566, 4234109.558936252258718 ], [ 585671.702246102853678, 4234107.999511329457164 ] ] ] ] } },
{ "type": "Feature", "properties": { "fid": 10, "uipfonksiyon": "YERLEŞİK KONUT ALANI", "nizam": "A", "yanbahce": "4", "taks": "0.4", "kaks": "1.6", "onbahce": "5.5", "katadedi": "4", "yencok": null, "emsal": null, "aream2": 346.05, "facade_front": "3", "facade_side": "0,2", "facade_back": "1", "facade_count": 1, "is_corner": false, "front_direction": "N", "bina_alan_m2": 96.88, "taks_kullanim": 0.2799 }, "geometry": { "type": "MultiPolygon", "coordinates": [ [ [ [ 585679.548786353785545, 4234106.440086407586932 ], [ 585687.395326604950242, 4234104.880661484785378 ], [ 585684.970484816352837, 4234092.679613249376416 ], [ 585677.252684096456505, 4234094.886815374717116 ], [ 585679.548786353785545, 4234106.440086407586932 ] ] ] ] } },
{ "type": "Feature", "properties": { "fid": 10, "uipfonksiyon": "YERLEŞİK KONUT ALANI", "nizam": "A", "yanbahce": "4", "taks": "0.4", "kaks": "1.6", "onbahce": "5.5", "katadedi": "4", "yencok": null, "emsal": null, "aream2": 367.18, "facade_front": "3", "facade_side": "0,2", "facade_back": "1", "facade_count": 1, "is_corner": false, "front_direction": "N", "bina_alan_m2": 107.44, "taks_kullanim": 0.2926 }, "geometry": { "type": "MultiPolygon", "coordinates": [ [ [ [ 585695.241866855882108, 4234103.321236562915146 ], [ 585703.088407107163221, 4234101.761811640113592 ], [ 585700.406086256029084, 4234088.265209000557661 ], [ 585692.688285536132753, 4234090.472411125898361 ], [ 585695.241866855882108, 4234103.321236562915146 ] ] ] ] } },
{ "type": "Feature", "properties": { "fid": 10, "uipfonksiyon": "YERLEŞİK KONUT ALANI", "nizam": "A", "yanbahce": "4", "taks": "0.4", "kaks": "1.6", "onbahce": "5.5", "katadedi": "4", "yencok": null, "emsal": null, "aream2": 388.32, "facade_front": "3", "facade_side": "0,2", "facade_back": "1", "facade_count": 1, "is_corner": false, "front_direction": "N", "bina_alan_m2": 118.01, "taks_kullanim": 0.3039 }, "geometry": { "type": "MultiPolygon", "coordinates": [ [ [ [ 585710.934947358095087, 4234100.202386718243361 ], [ 585718.781487609259784, 4234098.642961795441806 ], [ 585715.841687695356086, 4234083.850804748944938 ], [ 585708.12388697557617, 4234086.058006874285638 ], [ 585710.934947358095087, 4234100.202386718243361 ] ] ] ] } },
{ "type": "Feature", "properties": { "fid": 10, "uipfonksiyon": "YERLEŞİK KONUT ALANI", "nizam": "A", "yanbahce": "4", "taks": "0.4", "kaks": "1.6", "onbahce": "5.5", "katadedi": "4", "yencok": null, "emsal": null, "aream2": 407.09, "facade_front": "3,4", "facade_side": "", "facade_back": "0,1,2", "facade_count": 2, "is_corner": true, "front_direction": "N", "bina_alan_m2": 127.5, "taks_kullanim": 0.3132 }, "geometry": { "type": "MultiPolygon", "coordinates": [ [ [ [ 585734.474568111356348, 4234095.52411195077002 ], [ 585731.322733913199045, 4234079.665064460597932 ], [ 585723.566458092886023, 4234081.67867187038064 ], [ 585726.628027860191651, 4234097.083536873571575 ], [ 585734.474568111356348, 4234095.52411195077002 ] ] ] ] } },
{ "type": "Feature", "properties": { "fid": 10, "uipfonksiyon": "YERLEŞİK KONUT ALANI", "nizam": "A", "yanbahce": "4", "taks": "0.4", "kaks": "1.6", "onbahce": "5.5", "katadedi": "4", "yencok": null, "emsal": null, "aream2": 530.06, "facade_front": "3,4,5", "facade_side": "", "facade_back": "0,1,2", "facade_count": 3, "is_corner": true, "front_direction": "coklu", "bina_alan_m2": 199.59, "taks_kullanim": 0.3765 }, "geometry": { "type": "MultiPolygon", "coordinates": [ [ [ [ 585651.736016682116315, 4234135.896461732685566 ], [ 585655.196242068661377, 4234140.047072809189558 ], [ 585661.457813259446993, 4234138.534258250147104 ], [ 585657.568590523209423, 4234118.964901425875723 ], [ 585645.651418665423989, 4234121.33332549687475 ], [ 585651.736016682116315, 4234135.896461732685566 ] ] ] ] } },
{ "type": "Feature", "properties": { "fid": 10, "uipfonksiyon": "YERLEŞİK KONUT ALANI", "nizam": "A", "yanbahce": "4", "taks": "0.4", "kaks": "1.6", "onbahce": "5.5", "katadedi": "4", "yencok": null, "emsal": null, "aream2": 463.21, "facade_front": "1,2", "facade_side": "", "facade_back": "0,3,4", "facade_count": 2, "is_corner": true, "front_direction": "S", "bina_alan_m2": 155.69, "taks_kullanim": 0.3361 }, "geometry": { "type": "MultiPolygon", "coordinates": [ [ [ [ 585676.659843783127144, 4234134.861401645466685 ], [ 585677.021175838424824, 4234134.762708240188658 ], [ 585673.261671025305986, 4234115.846051581203938 ], [ 585665.415130774024874, 4234117.405476504005492 ], [ 585669.240574944880791, 4234136.65391946118325 ], [ 585676.659843783127144, 4234134.861401645466685 ] ] ] ] } },
{ "type": "Feature", "properties": { "fid": 10, "uipfonksiyon": "YERLEŞİK KONUT ALANI", "nizam": "A", "yanbahce": "4", "taks": "0.4", "kaks": "1.6", "onbahce": "5.5", "katadedi": "4", "yencok": null, "emsal": null, "aream2": 447.25, "facade_front": "1,2", "facade_side": "", "facade_back": "0,3,4", "facade_count": 2, "is_corner": true, "front_direction": "S", "bina_alan_m2": 147.52, "taks_kullanim": 0.3298 }, "geometry": { "type": "MultiPolygon", "coordinates": [ [ [ [ 585692.494108744314872, 4234130.536144294776022 ], [ 585688.954751527518965, 4234112.727201736532152 ], [ 585681.108211276237853, 4234114.286626659333706 ], [ 585684.75766875827685, 4234132.649559441022575 ], [ 585692.494108744314872, 4234130.536144294776022 ] ] ] ] } },
{ "type": "Feature", "properties": { "fid": 10, "uipfonksiyon": "YERLEŞİK KONUT ALANI", "nizam": "A", "yanbahce": "4", "taks": "0.4", "kaks": "1.6", "onbahce": "5.5", "katadedi": "4", "yencok": null, "emsal": null, "aream2": 429.17, "facade_front": "1,2", "facade_side": "", "facade_back": "0,3,4", "facade_count": 2, "is_corner": true, "front_direction": "S", "bina_alan_m2": 138.48, "taks_kullanim": 0.3227 }, "geometry": { "type": "MultiPolygon", "coordinates": [ [ [ [ 585704.078941454761662, 4234127.371437923051417 ], [ 585707.966765948222019, 4234126.308193102478981 ], [ 585704.647832029615529, 4234109.608351891860366 ], [ 585696.801291778334416, 4234111.16777681466192 ], [ 585700.230548730236478, 4234128.42272914852947 ], [ 585704.078941454761662, 4234127.371437923051417 ] ] ] ] } },
{ "type": "Feature", "properties": { "fid": 10, "uipfonksiyon": "YERLEŞİK KONUT ALANI", "nizam": "A", "yanbahce": "4", "taks": "0.4", "kaks": "1.6", "onbahce": "5.5", "katadedi": "4", "yencok": null, "emsal": null, "aream2": 412.15, "facade_front": "1,2", "facade_side": "", "facade_back": "0,3,4", "facade_count": 2, "is_corner": true, "front_direction": "S", "bina_alan_m2": 126.1, "taks_kullanim": 0.306 }, "geometry": { "type": "MultiPolygon", "coordinates": [ [ [ [ 585722.997415424790233, 4234122.197601119056344 ], [ 585723.43875939224381, 4234122.076902078464627 ], [ 585720.340912531828508, 4234106.48950204718858 ], [ 585712.494372280663811, 4234108.048926969990134 ], [ 585715.531973453820683, 4234123.333189475350082 ], [ 585722.997415424790233, 4234122.197601119056344 ] ] ] ] } },
{ "type": "Feature", "properties": { "fid": 10, "uipfonksiyon": "YERLEŞİK KONUT ALANI", "nizam": "A", "yanbahce": "4", "taks": "0.4", "kaks": "1.6", "onbahce": "5.5", "katadedi": "4", "yencok": null, "emsal": null, "aream2": 416.32, "facade_front": "1,2", "facade_side": "", "facade_back": "0,3,4", "facade_count": 2, "is_corner": true, "front_direction": "S", "bina_alan_m2": 131.91, "taks_kullanim": 0.3168 }, "geometry": { "type": "MultiPolygon", "coordinates": [ [ [ [ 585731.997957097017206, 4234120.828504637815058 ], [ 585739.283330739475787, 4234119.720306957140565 ], [ 585736.033993033925071, 4234103.370652202516794 ], [ 585728.187452782643959, 4234104.930077125318348 ], [ 585731.365451368386857, 4234120.920775659382343 ], [ 585731.997957097017206, 4234120.828504637815058 ] ] ] ] } },
{ "type": "Feature", "properties": { "fid": 10, "uipfonksiyon": "YERLEŞİK KONUT ALANI", "nizam": "A", "yanbahce": "4", "taks": "0.4", "kaks": "1.6", "onbahce": "5.5", "katadedi": "4", "yencok": null, "emsal": null, "aream2": 421.97, "facade_front": "2", "facade_side": "1,3", "facade_back": "0", "facade_count": 1, "is_corner": false, "front_direction": "N", "bina_alan_m2": 134.91, "taks_kullanim": 0.3197 }, "geometry": { "type": "MultiPolygon", "coordinates": [ [ [ [ 585750.167648613336496, 4234092.405262106098235 ], [ 585746.835285553475842, 4234075.63784964196384 ], [ 585739.07900973316282, 4234077.651457051746547 ], [ 585742.321108362288214, 4234093.964687028899789 ], [ 585750.167648613336496, 4234092.405262106098235 ] ] ] ] } },
{ "type": "Feature", "properties": { "fid": 10, "uipfonksiyon": "YERLEŞİK KONUT ALANI", "nizam": "A", "yanbahce": "4", "taks": "0.4", "kaks": "1.6", "onbahce": "5.5", "katadedi": "4", "yencok": null, "emsal": null, "aream2": 429.41, "facade_front": "2", "facade_side": "1,3", "facade_back": "0", "facade_count": 1, "is_corner": false, "front_direction": "S", "bina_alan_m2": 138.65, "taks_kullanim": 0.3229 }, "geometry": { "type": "MultiPolygon", "coordinates": [ [ [ [ 585743.880533284740523, 4234101.811227280646563 ], [ 585747.218745313002728, 4234118.608069931156933 ], [ 585755.145392285659909, 4234117.45171706750989 ], [ 585751.727073535788804, 4234100.251802357845008 ], [ 585743.880533284740523, 4234101.811227280646563 ] ] ] ] } },
{ "type": "Feature", "properties": { "fid": 10, "uipfonksiyon": "YERLEŞİK KONUT ALANI", "nizam": "A", "yanbahce": "4", "taks": "0.4", "kaks": "1.6", "onbahce": "5.5", "katadedi": "4", "yencok": null, "emsal": null, "aream2": 436.79, "facade_front": "2", "facade_side": "1,3", "facade_back": "0", "facade_count": 1, "is_corner": false, "front_direction": "N", "bina_alan_m2": 142.32, "taks_kullanim": 0.3258 }, "geometry": { "type": "MultiPolygon", "coordinates": [ [ [ [ 585765.860729115782306, 4234089.286412260495126 ], [ 585762.34783719398547, 4234071.610634821467102 ], [ 585754.591561373439617, 4234073.624242231249809 ], [ 585758.014188864151947, 4234090.84583718329668 ], [ 585765.860729115782306, 4234089.286412260495126 ] ] ] ] } },
{ "type": "Feature", "properties": { "fid": 10, "uipfonksiyon": "YERLEŞİK KONUT ALANI", "nizam": "A", "yanbahce": "4", "taks": "0.4", "kaks": "1.6", "onbahce": "5.5", "katadedi": "4", "yencok": null, "emsal": null, "aream2": 442.56, "facade_front": "2", "facade_side": "1,3", "facade_back": "0", "facade_count": 1, "is_corner": false, "front_direction": "S", "bina_alan_m2": 145.22, "taks_kullanim": 0.3281 }, "geometry": { "type": "MultiPolygon", "coordinates": [ [ [ [ 585759.573613786720671, 4234098.692377435974777 ], [ 585763.072039257967845, 4234116.295364203862846 ], [ 585770.998686230741441, 4234115.139011340215802 ], [ 585767.420154038351029, 4234097.132952513173223 ], [ 585759.573613786720671, 4234098.692377435974777 ] ] ] ] } },
{ "type": "Feature", "properties": { "fid": 10, "uipfonksiyon": "YERLEŞİK KONUT ALANI", "nizam": "A", "yanbahce": "4", "taks": "0.4", "kaks": "1.6", "onbahce": "5.5", "katadedi": "4", "yencok": null, "emsal": null, "aream2": 451.6, "facade_front": "2", "facade_side": "1,3", "facade_back": "0", "facade_count": 1, "is_corner": false, "front_direction": "N", "bina_alan_m2": 149.73, "taks_kullanim": 0.3315 }, "geometry": { "type": "MultiPolygon", "coordinates": [ [ [ [ 585781.553809617762454, 4234086.16756241582334 ], [ 585777.860388834262267, 4234067.583420001901686 ], [ 585770.104113013949245, 4234069.597027411684394 ], [ 585773.707269366714172, 4234087.726987338624895 ], [ 585781.553809617762454, 4234086.16756241582334 ] ] ] ] } },
{ "type": "Feature", "properties": { "fid": 10, "uipfonksiyon": "YERLEŞİK KONUT ALANI", "nizam": "A", "yanbahce": "4", "taks": "0.4", "kaks": "1.6", "onbahce": "5.5", "katadedi": "4", "yencok": null, "emsal": null, "aream2": 455.71, "facade_front": "2", "facade_side": "1,3", "facade_back": "0", "facade_count": 1, "is_corner": false, "front_direction": "S", "bina_alan_m2": 151.8, "taks_kullanim": 0.3331 }, "geometry": { "type": "MultiPolygon", "coordinates": [ [ [ [ 585775.26669428916648, 4234095.573527590371668 ], [ 585778.925333202932961, 4234113.982658475637436 ], [ 585786.851980175473727, 4234112.826305611990392 ], [ 585783.113234540214762, 4234094.014102667570114 ], [ 585775.26669428916648, 4234095.573527590371668 ] ] ] ] } },
{ "type": "Feature", "properties": { "fid": 10, "uipfonksiyon": "YERLEŞİK KONUT ALANI", "nizam": "A", "yanbahce": "4", "taks": "0.4", "kaks": "1.6", "onbahce": "5.5", "katadedi": "4", "yencok": null, "emsal": null, "aream2": 649.18, "facade_front": "1,2,3,4", "facade_side": "", "facade_back": "0,5", "facade_count": 4, "is_corner": true, "front_direction": "coklu", "bina_alan_m2": 254.32, "taks_kullanim": 0.3917 }, "geometry": { "type": "MultiPolygon", "coordinates": [ [ [ [ 585798.251352736959234, 4234062.289720169268548 ], [ 585785.616664654226042, 4234065.569812592118979 ], [ 585789.40034986869432, 4234084.608137493953109 ], [ 585801.69552505610045, 4234082.164588872343302 ], [ 585798.440919741638936, 4234062.542442749254405 ], [ 585798.251352736959234, 4234062.289720169268548 ] ] ] ] } },
{ "type": "Feature", "properties": { "fid": 10, "uipfonksiyon": "YERLEŞİK KONUT ALANI", "nizam": "A", "yanbahce": "4", "taks": "0.4", "kaks": "1.6", "onbahce": "5.5", "katadedi": "4", "yencok": null, "emsal": null, "aream2": 625.64, "facade_front": "2,3,4,5,6", "facade_side": "", "facade_back": "0,1", "facade_count": 5, "is_corner": true, "front_direction": "coklu", "bina_alan_m2": 237.98, "taks_kullanim": 0.3804 }, "geometry": { "type": "MultiPolygon", "coordinates": [ [ [ [ 585790.959774791146629, 4234092.454677745699883 ], [ 585794.778627147781663, 4234111.669952748343349 ], [ 585806.310371291241609, 4234109.987682122737169 ], [ 585803.005214909091592, 4234090.060761583968997 ], [ 585790.959774791146629, 4234092.454677745699883 ] ] ] ] } },
{ "type": "Feature", "properties": { "fid": 11, "uipfonksiyon": "YERLEŞİK KONUT ALANI", "nizam": "A", "yanbahce": "4", "taks": "0.4", "kaks": "1.6", "onbahce": "5.5", "katadedi": "4", "yencok": null, "emsal": null, "aream2": 629.93, "facade_front": "1,2,3,4", "facade_side": "", "facade_back": "0,5", "facade_count": 4, "is_corner": true, "front_direction": "coklu", "bina_alan_m2": 241.57, "taks_kullanim": 0.3835 }, "geometry": { "type": "MultiPolygon", "coordinates": [ [ [ [ 586206.32159787719138, 4234115.08350379858166 ], [ 586202.512482196907513, 4234096.129110570997 ], [ 586190.708310817368329, 4234098.152560696937144 ], [ 586194.030094735557213, 4234117.530802913941443 ], [ 586206.226502806530334, 4234115.540255760774016 ], [ 586206.32159787719138, 4234115.08350379858166 ] ] ] ] } },
{ "type": "Feature", "properties": { "fid": 11, "uipfonksiyon": "YERLEŞİK KONUT ALANI", "nizam": "A", "yanbahce": "4", "taks": "0.4", "kaks": "1.6", "onbahce": "5.5", "katadedi": "4", "yencok": null, "emsal": null, "aream2": 465.04, "facade_front": "3", "facade_side": "0,2", "facade_back": "1", "facade_count": 1, "is_corner": false, "front_direction": "S", "bina_alan_m2": 156.52, "taks_kullanim": 0.3366 }, "geometry": { "type": "MultiPolygon", "coordinates": [ [ [ [ 586182.823319195187651, 4234099.504191978834569 ], [ 586174.938327573356219, 4234100.855823259800673 ], [ 586178.238520212704316, 4234120.108108750544488 ], [ 586186.134307474014349, 4234118.819455832242966 ], [ 586182.823319195187651, 4234099.504191978834569 ] ] ] ] } },
{ "type": "Feature", "properties": { "fid": 11, "uipfonksiyon": "YERLEŞİK KONUT ALANI", "nizam": "A", "yanbahce": "4", "taks": "0.4", "kaks": "1.6", "onbahce": "5.5", "katadedi": "4", "yencok": null, "emsal": null, "aream2": 463.0, "facade_front": "3", "facade_side": "0,2", "facade_back": "1", "facade_count": 1, "is_corner": false, "front_direction": "S", "bina_alan_m2": 155.5, "taks_kullanim": 0.3358 }, "geometry": { "type": "MultiPolygon", "coordinates": [ [ [ [ 586167.053335951291956, 4234102.207454541698098 ], [ 586159.168344329693355, 4234103.559085823595524 ], [ 586162.446945690200664, 4234122.685414587147534 ], [ 586170.342732951277867, 4234121.396761668846011 ], [ 586167.053335951291956, 4234102.207454541698098 ] ] ] ] } },
{ "type": "Feature", "properties": { "fid": 11, "uipfonksiyon": "YERLEŞİK KONUT ALANI", "nizam": "A", "yanbahce": "4", "taks": "0.4", "kaks": "1.6", "onbahce": "5.5", "katadedi": "4", "yencok": null, "emsal": null, "aream2": 460.95, "facade_front": "3", "facade_side": "0,2", "facade_back": "1", "facade_count": 1, "is_corner": false, "front_direction": "S", "bina_alan_m2": 154.48, "taks_kullanim": 0.3351 }, "geometry": { "type": "MultiPolygon", "coordinates": [ [ [ [ 586151.283352707629092, 4234104.910717105492949 ], [ 586143.398361085681245, 4234106.262348387390375 ], [ 586146.655371167697012, 4234125.262720424681902 ], [ 586154.551158428774215, 4234123.974067506380379 ], [ 586151.283352707629092, 4234104.910717105492949 ] ] ] ] } },
{ "type": "Feature", "properties": { "fid": 11, "uipfonksiyon": "YERLEŞİK KONUT ALANI", "nizam": "A", "yanbahce": "4", "taks": "0.4", "kaks": "1.6", "onbahce": "5.5", "katadedi": "4", "yencok": null, "emsal": null, "aream2": 458.76, "facade_front": "3,4", "facade_side": "", "facade_back": "0,1,2", "facade_count": 2, "is_corner": true, "front_direction": "S", "bina_alan_m2": 153.39, "taks_kullanim": 0.3344 }, "geometry": { "type": "MultiPolygon", "coordinates": [ [ [ [ 586127.62837784178555, 4234108.965610951185226 ], [ 586130.860870018019341, 4234127.822953240014613 ], [ 586137.887529973173514, 4234126.693699220195413 ], [ 586138.759583906270564, 4234126.551373342983425 ], [ 586135.513369463616982, 4234107.613979669287801 ], [ 586127.62837784178555, 4234108.965610951185226 ] ] ] ] } },
{ "type": "Feature", "properties": { "fid": 11, "uipfonksiyon": "YERLEŞİK KONUT ALANI", "nizam": "A", "yanbahce": "4", "taks": "0.4", "kaks": "1.6", "onbahce": "5.5", "katadedi": "4", "yencok": null, "emsal": null, "aream2": 608.67, "facade_front": "2,3,4,5", "facade_side": "", "facade_back": "0,1", "facade_count": 4, "is_corner": true, "front_direction": "coklu", "bina_alan_m2": 226.73, "taks_kullanim": 0.3725 }, "geometry": { "type": "MultiPolygon", "coordinates": [ [ [ [ 586197.046693978598341, 4234068.931013196706772 ], [ 586197.022951445309445, 4234068.889577352441847 ], [ 586186.01554599951487, 4234070.776447274722159 ], [ 586189.356679535703734, 4234090.267569075338542 ], [ 586200.935654979781248, 4234088.282721636816859 ], [ 586197.046693978598341, 4234068.931013196706772 ] ] ] ] } },
{ "type": "Feature", "properties": { "fid": 11, "uipfonksiyon": "YERLEŞİK KONUT ALANI", "nizam": "A", "yanbahce": "4", "taks": "0.4", "kaks": "1.6", "onbahce": "5.5", "katadedi": "4", "yencok": null, "emsal": null, "aream2": 468.41, "facade_front": "1", "facade_side": "0,2", "facade_back": "3", "facade_count": 1, "is_corner": false, "front_direction": "N", "bina_alan_m2": 158.2, "taks_kullanim": 0.3377 }, "geometry": { "type": "MultiPolygon", "coordinates": [ [ [ [ 586178.130554377450608, 4234072.128078556619585 ], [ 586170.245562755619176, 4234073.479709837585688 ], [ 586173.586696291808039, 4234092.970831638202071 ], [ 586181.471687913639471, 4234091.619200357235968 ], [ 586178.130554377450608, 4234072.128078556619585 ] ] ] ] } },
{ "type": "Feature", "properties": { "fid": 11, "uipfonksiyon": "YERLEŞİK KONUT ALANI", "nizam": "A", "yanbahce": "4", "taks": "0.4", "kaks": "1.6", "onbahce": "5.5", "katadedi": "4", "yencok": null, "emsal": null, "aream2": 468.41, "facade_front": "1", "facade_side": "0,2", "facade_back": "3", "facade_count": 1, "is_corner": false, "front_direction": "N", "bina_alan_m2": 158.2, "taks_kullanim": 0.3377 }, "geometry": { "type": "MultiPolygon", "coordinates": [ [ [ [ 586162.360571133438498, 4234074.831341119483113 ], [ 586154.475579511723481, 4234076.182972401380539 ], [ 586157.81671304802876, 4234095.674094201996922 ], [ 586165.701704669627361, 4234094.322462920099497 ], [ 586162.360571133438498, 4234074.831341119483113 ] ] ] ] } },
{ "type": "Feature", "properties": { "fid": 11, "uipfonksiyon": "YERLEŞİK KONUT ALANI", "nizam": "A", "yanbahce": "4", "taks": "0.4", "kaks": "1.6", "onbahce": "5.5", "katadedi": "4", "yencok": null, "emsal": null, "aream2": 468.41, "facade_front": "1", "facade_side": "0,2", "facade_back": "3", "facade_count": 1, "is_corner": false, "front_direction": "N", "bina_alan_m2": 158.2, "taks_kullanim": 0.3377 }, "geometry": { "type": "MultiPolygon", "coordinates": [ [ [ [ 586146.590587889659218, 4234077.534603683277965 ], [ 586138.705596267827787, 4234078.88623496517539 ], [ 586142.04672980401665, 4234098.377356765791774 ], [ 586149.931721425964497, 4234097.025725483894348 ], [ 586146.590587889659218, 4234077.534603683277965 ] ] ] ] } },
{ "type": "Feature", "properties": { "fid": 11, "uipfonksiyon": "YERLEŞİK KONUT ALANI", "nizam": "A", "yanbahce": "4", "taks": "0.4", "kaks": "1.6", "onbahce": "5.5", "katadedi": "4", "yencok": null, "emsal": null, "aream2": 468.38, "facade_front": "1,2", "facade_side": "", "facade_back": "0,3,4", "facade_count": 2, "is_corner": true, "front_direction": "N", "bina_alan_m2": 158.19, "taks_kullanim": 0.3377 }, "geometry": { "type": "MultiPolygon", "coordinates": [ [ [ [ 586122.936051130876876, 4234081.592053306289017 ], [ 586126.276746560120955, 4234101.080619329586625 ], [ 586134.161738181952387, 4234099.728988047689199 ], [ 586130.82062538608443, 4234080.237987238913774 ], [ 586122.936051130876876, 4234081.592053306289017 ] ] ] ] } },
{ "type": "Feature", "properties": { "fid": 11, "uipfonksiyon": "YERLEŞİK KONUT ALANI", "nizam": "A", "yanbahce": "4", "taks": "0.4", "kaks": "1.6", "onbahce": "5.5", "katadedi": "4", "yencok": null, "emsal": null, "aream2": 456.12, "facade_front": "2", "facade_side": "1,3", "facade_back": "0", "facade_count": 1, "is_corner": false, "front_direction": "S", "bina_alan_m2": 152.06, "taks_kullanim": 0.3334 }, "geometry": { "type": "MultiPolygon", "coordinates": [ [ [ [ 586111.858394597889856, 4234111.668873514048755 ], [ 586115.062715511885472, 4234130.361873523332179 ], [ 586122.961792764835991, 4234129.092413381673396 ], [ 586119.743386219721287, 4234110.317242233082652 ], [ 586111.858394597889856, 4234111.668873514048755 ] ] ] ] } },
{ "type": "Feature", "properties": { "fid": 11, "uipfonksiyon": "YERLEŞİK KONUT ALANI", "nizam": "A", "yanbahce": "4", "taks": "0.4", "kaks": "1.6", "onbahce": "5.5", "katadedi": "4", "yencok": null, "emsal": null, "aream2": 468.31, "facade_front": "2", "facade_side": "1,3", "facade_back": "0", "facade_count": 1, "is_corner": false, "front_direction": "N", "bina_alan_m2": 158.15, "taks_kullanim": 0.3377 }, "geometry": { "type": "MultiPolygon", "coordinates": [ [ [ [ 586118.391754938056692, 4234102.432250611484051 ], [ 586115.051476875436492, 4234082.946119374595582 ], [ 586107.166902620461769, 4234084.300185441970825 ], [ 586110.506763316341676, 4234103.783881892450154 ], [ 586118.391754938056692, 4234102.432250611484051 ] ] ] ] } },
{ "type": "Feature", "properties": { "fid": 11, "uipfonksiyon": "YERLEŞİK KONUT ALANI", "nizam": "A", "yanbahce": "4", "taks": "0.4", "kaks": "1.6", "onbahce": "5.5", "katadedi": "4", "yencok": null, "emsal": null, "aream2": 609.9, "facade_front": "1,2,3,4", "facade_side": "", "facade_back": "0,5", "facade_count": 4, "is_corner": true, "front_direction": "coklu", "bina_alan_m2": 230.19, "taks_kullanim": 0.3774 }, "geometry": { "type": "MultiPolygon", "coordinates": [ [ [ [ 586107.163638258585706, 4234131.631333664990962 ], [ 586103.973402975825593, 4234113.020504795946181 ], [ 586091.837256558006629, 4234115.10086149442941 ], [ 586095.165567297721282, 4234133.559542792849243 ], [ 586107.163638258585706, 4234131.631333664990962 ] ] ] ] } },
{ "type": "Feature", "properties": { "fid": 11, "uipfonksiyon": "YERLEŞİK KONUT ALANI", "nizam": "A", "yanbahce": "4", "taks": "0.4", "kaks": "1.6", "onbahce": "5.5", "katadedi": "4", "yencok": null, "emsal": null, "aream2": 636.18, "facade_front": "2,3,4,5,6", "facade_side": "", "facade_back": "0,1", "facade_count": 5, "is_corner": true, "front_direction": "coklu", "bina_alan_m2": 246.21, "taks_kullanim": 0.387 }, "geometry": { "type": "MultiPolygon", "coordinates": [ [ [ [ 586086.955140278325416, 4234088.024835387244821 ], [ 586090.417605062713847, 4234107.227529777213931 ], [ 586102.621771694160998, 4234105.135513174347579 ], [ 586099.28232836490497, 4234085.654251509346068 ], [ 586088.440545155433938, 4234087.516177122481167 ], [ 586086.955140278325416, 4234088.024835387244821 ] ] ] ] } },
{ "type": "Feature", "properties": { "fid": 12, "uipfonksiyon": "YERLEŞİK KONUT ALANI", "nizam": "A", "yanbahce": "4", "taks": "0.4", "kaks": "1.6", "onbahce": "5.5", "katadedi": "4", "yencok": null, "emsal": null, "aream2": 505.61, "facade_front": "2,3,4,5", "facade_side": "", "facade_back": "0,1", "facade_count": 4, "is_corner": true, "front_direction": "coklu", "bina_alan_m2": 152.95, "taks_kullanim": 0.3025 }, "geometry": { "type": "MultiPolygon", "coordinates": [ [ [ [ 585830.681675481726415, 4234128.349255073815584 ], [ 585830.673828782746568, 4234128.366242808289826 ], [ 585834.101182471727952, 4234148.841099655255675 ], [ 585841.418311310815625, 4234147.536302470602095 ], [ 585837.730411698343232, 4234126.855052591301501 ], [ 585830.681675481726415, 4234128.349255073815584 ] ] ] ] } },
{ "type": "Feature", "properties": { "fid": 12, "uipfonksiyon": "YERLEŞİK KONUT ALANI", "nizam": "A", "yanbahce": "4", "taks": "0.4", "kaks": "1.6", "onbahce": "5.5", "katadedi": "4", "yencok": null, "emsal": null, "aream2": 518.45, "facade_front": "1,2,3,4", "facade_side": "", "facade_back": "0,5", "facade_count": 4, "is_corner": true, "front_direction": "coklu", "bina_alan_m2": 160.42, "taks_kullanim": 0.3094 }, "geometry": { "type": "MultiPolygon", "coordinates": [ [ [ [ 585846.514092307654209, 4234176.112763653509319 ], [ 585842.822724439902231, 4234155.412064260803163 ], [ 585835.422026673797518, 4234156.731763534247875 ], [ 585838.893741473904811, 4234177.471631664782763 ], [ 585846.514092307654209, 4234176.112763653509319 ] ] ] ] } },
{ "type": "Feature", "properties": { "fid": 12, "uipfonksiyon": "YERLEŞİK KONUT ALANI", "nizam": "A", "yanbahce": "4", "taks": "0.4", "kaks": "1.6", "onbahce": "5.5", "katadedi": "4", "yencok": null, "emsal": null, "aream2": 478.77, "facade_front": "2", "facade_side": "1,3", "facade_back": "0", "facade_count": 1, "is_corner": false, "front_direction": "N", "bina_alan_m2": 163.32, "taks_kullanim": 0.3411 }, "geometry": { "type": "MultiPolygon", "coordinates": [ [ [ [ 585857.169834889704362, 4234144.727476212196052 ], [ 585853.622787359170616, 4234124.836106051690876 ], [ 585845.673131910501979, 4234125.826133379712701 ], [ 585849.294073100201786, 4234146.131889341399074 ], [ 585857.169834889704362, 4234144.727476212196052 ] ] ] ] } },
{ "type": "Feature", "properties": { "fid": 12, "uipfonksiyon": "YERLEŞİK KONUT ALANI", "nizam": "A", "yanbahce": "4", "taks": "0.4", "kaks": "1.6", "onbahce": "5.5", "katadedi": "4", "yencok": null, "emsal": null, "aream2": 488.44, "facade_front": "2", "facade_side": "1,3", "facade_back": "0", "facade_count": 1, "is_corner": false, "front_direction": "S", "bina_alan_m2": 168.22, "taks_kullanim": 0.3444 }, "geometry": { "type": "MultiPolygon", "coordinates": [ [ [ [ 585850.698486229171976, 4234154.007651132531464 ], [ 585854.38985409704037, 4234174.70835052523762 ], [ 585862.265615886542946, 4234173.303937396034598 ], [ 585858.574248018790968, 4234152.603238003328443 ], [ 585850.698486229171976, 4234154.007651132531464 ] ] ] ] } },
{ "type": "Feature", "properties": { "fid": 12, "uipfonksiyon": "YERLEŞİK KONUT ALANI", "nizam": "A", "yanbahce": "4", "taks": "0.4", "kaks": "1.6", "onbahce": "5.5", "katadedi": "4", "yencok": null, "emsal": null, "aream2": 465.75, "facade_front": "2,3", "facade_side": "", "facade_back": "0,1,4", "facade_count": 2, "is_corner": true, "front_direction": "N", "bina_alan_m2": 155.98, "taks_kullanim": 0.3349 }, "geometry": { "type": "MultiPolygon", "coordinates": [ [ [ [ 585869.522098256507888, 4234122.856051394715905 ], [ 585867.876732606091537, 4234123.060960521921515 ], [ 585861.606335114804097, 4234124.036142265424132 ], [ 585865.045596679090522, 4234143.323063083924353 ], [ 585872.921358468360268, 4234141.918649954721332 ], [ 585869.522098256507888, 4234122.856051394715905 ] ] ] ] } },
{ "type": "Feature", "properties": { "fid": 12, "uipfonksiyon": "YERLEŞİK KONUT ALANI", "nizam": "A", "yanbahce": "4", "taks": "0.4", "kaks": "1.6", "onbahce": "5.5", "katadedi": "4", "yencok": null, "emsal": null, "aream2": 488.44, "facade_front": "2", "facade_side": "1,3", "facade_back": "0", "facade_count": 1, "is_corner": false, "front_direction": "S", "bina_alan_m2": 168.22, "taks_kullanim": 0.3444 }, "geometry": { "type": "MultiPolygon", "coordinates": [ [ [ [ 585866.450009808177128, 4234151.198824874125421 ], [ 585870.141377675812691, 4234171.899524266831577 ], [ 585878.017139465315267, 4234170.495111137628555 ], [ 585874.325771597446874, 4234149.7944117449224 ], [ 585866.450009808177128, 4234151.198824874125421 ] ] ] ] } },
{ "type": "Feature", "properties": { "fid": 12, "uipfonksiyon": "YERLEŞİK KONUT ALANI", "nizam": "A", "yanbahce": "4", "taks": "0.4", "kaks": "1.6", "onbahce": "5.5", "katadedi": "4", "yencok": null, "emsal": null, "aream2": 458.38, "facade_front": "2", "facade_side": "1,3", "facade_back": "0", "facade_count": 1, "is_corner": false, "front_direction": "N", "bina_alan_m2": 153.18, "taks_kullanim": 0.3342 }, "geometry": { "type": "MultiPolygon", "coordinates": [ [ [ [ 585888.67288204736542, 4234139.109823697246611 ], [ 585885.327087734942324, 4234120.347054780460894 ], [ 585877.420170194702223, 4234121.576750609092414 ], [ 585880.797120257746428, 4234140.514236826449633 ], [ 585888.67288204736542, 4234139.109823697246611 ] ] ] ] } },
{ "type": "Feature", "properties": { "fid": 12, "uipfonksiyon": "YERLEŞİK KONUT ALANI", "nizam": "A", "yanbahce": "4", "taks": "0.4", "kaks": "1.6", "onbahce": "5.5", "katadedi": "4", "yencok": null, "emsal": null, "aream2": 488.44, "facade_front": "2", "facade_side": "1,3", "facade_back": "0", "facade_count": 1, "is_corner": false, "front_direction": "S", "bina_alan_m2": 168.22, "taks_kullanim": 0.3444 }, "geometry": { "type": "MultiPolygon", "coordinates": [ [ [ [ 585882.201533386833034, 4234148.389998616650701 ], [ 585885.892901254701428, 4234169.090698009356856 ], [ 585893.768663044204004, 4234167.686284880153835 ], [ 585890.077295176452026, 4234146.985585487447679 ], [ 585882.201533386833034, 4234148.389998616650701 ] ] ] ] } },
{ "type": "Feature", "properties": { "fid": 12, "uipfonksiyon": "YERLEŞİK KONUT ALANI", "nizam": "A", "yanbahce": "4", "taks": "0.4", "kaks": "1.6", "onbahce": "5.5", "katadedi": "4", "yencok": null, "emsal": null, "aream2": 452.7, "facade_front": "1", "facade_side": "0,2", "facade_back": "3", "facade_count": 1, "is_corner": false, "front_direction": "N", "bina_alan_m2": 150.34, "taks_kullanim": 0.3321 }, "geometry": { "type": "MultiPolygon", "coordinates": [ [ [ [ 585901.140922814840451, 4234117.887663124129176 ], [ 585893.234005275066011, 4234119.117358951829374 ], [ 585896.548643836867996, 4234137.705410568974912 ], [ 585904.424405626021326, 4234136.300997439771891 ], [ 585901.140922814840451, 4234117.887663124129176 ] ] ] ] } },
{ "type": "Feature", "properties": { "fid": 12, "uipfonksiyon": "YERLEŞİK KONUT ALANI", "nizam": "A", "yanbahce": "4", "taks": "0.4", "kaks": "1.6", "onbahce": "5.5", "katadedi": "4", "yencok": null, "emsal": null, "aream2": 447.02, "facade_front": "3", "facade_side": "0,2", "facade_back": "1", "facade_count": 1, "is_corner": false, "front_direction": "N", "bina_alan_m2": 147.5, "taks_kullanim": 0.33 }, "geometry": { "type": "MultiPolygon", "coordinates": [ [ [ [ 585912.300167415291071, 4234134.896584311500192 ], [ 585920.175929204910062, 4234133.49217118229717 ], [ 585916.954757895087823, 4234115.428271466866136 ], [ 585909.047840354964137, 4234116.657967295497656 ], [ 585912.300167415291071, 4234134.896584311500192 ] ] ] ] } },
{ "type": "Feature", "properties": { "fid": 12, "uipfonksiyon": "YERLEŞİK KONUT ALANI", "nizam": "A", "yanbahce": "4", "taks": "0.4", "kaks": "1.6", "onbahce": "5.5", "katadedi": "4", "yencok": null, "emsal": null, "aream2": 449.77, "facade_front": "2,3,4,5", "facade_side": "", "facade_back": "0,1", "facade_count": 4, "is_corner": true, "front_direction": "coklu", "bina_alan_m2": 127.2, "taks_kullanim": 0.2828 }, "geometry": { "type": "MultiPolygon", "coordinates": [ [ [ [ 585935.153663320466876, 4234130.821327776648104 ], [ 585931.691165924188681, 4234113.371015715412796 ], [ 585930.271664233296178, 4234113.357205961830914 ], [ 585924.861675435327925, 4234114.198575638234615 ], [ 585928.051690994179808, 4234132.087758053094149 ], [ 585935.153663320466876, 4234130.821327776648104 ] ] ] ] } },
{ "type": "Feature", "properties": { "fid": 12, "uipfonksiyon": "YERLEŞİK KONUT ALANI", "nizam": "A", "yanbahce": "4", "taks": "0.4", "kaks": "1.6", "onbahce": "5.5", "katadedi": "4", "yencok": null, "emsal": null, "aream2": 488.44, "facade_front": "3", "facade_side": "0,2", "facade_back": "1", "facade_count": 1, "is_corner": false, "front_direction": "S", "bina_alan_m2": 168.22, "taks_kullanim": 0.3444 }, "geometry": { "type": "MultiPolygon", "coordinates": [ [ [ [ 585905.828818755107932, 4234144.176759229972959 ], [ 585897.953056965838186, 4234145.58117235917598 ], [ 585901.644424833590165, 4234166.281871751882136 ], [ 585909.520186622976325, 4234164.877458622679114 ], [ 585905.828818755107932, 4234144.176759229972959 ] ] ] ] } },
{ "type": "Feature", "properties": { "fid": 12, "uipfonksiyon": "YERLEŞİK KONUT ALANI", "nizam": "A", "yanbahce": "4", "taks": "0.4", "kaks": "1.6", "onbahce": "5.5", "katadedi": "4", "yencok": null, "emsal": null, "aream2": 488.44, "facade_front": "1", "facade_side": "0,2", "facade_back": "3", "facade_count": 1, "is_corner": false, "front_direction": "S", "bina_alan_m2": 168.22, "taks_kullanim": 0.3444 }, "geometry": { "type": "MultiPolygon", "coordinates": [ [ [ [ 585917.395948412362486, 4234163.473045494407415 ], [ 585925.271710201865062, 4234162.068632365204394 ], [ 585921.580342333880253, 4234141.367932972498238 ], [ 585913.704580544377677, 4234142.77234610170126 ], [ 585917.395948412362486, 4234163.473045494407415 ] ] ] ] } },
{ "type": "Feature", "properties": { "fid": 12, "uipfonksiyon": "YERLEŞİK KONUT ALANI", "nizam": "A", "yanbahce": "4", "taks": "0.4", "kaks": "1.6", "onbahce": "5.5", "katadedi": "4", "yencok": null, "emsal": null, "aream2": 513.94, "facade_front": "1,2,3,4", "facade_side": "", "facade_back": "0,5", "facade_count": 4, "is_corner": true, "front_direction": "coklu", "bina_alan_m2": 159.0, "taks_kullanim": 0.3094 }, "geometry": { "type": "MultiPolygon", "coordinates": [ [ [ [ 585940.463449260336347, 4234159.359627401456237 ], [ 585940.523689840803854, 4234157.885214858688414 ], [ 585936.710965307545848, 4234138.669826284050941 ], [ 585929.456104123149998, 4234139.963519843295217 ], [ 585933.147471991251223, 4234160.664219236932695 ], [ 585940.463449260336347, 4234159.359627401456237 ] ] ] ] } },
{ "type": "Feature", "properties": { "fid": 13, "uipfonksiyon": "YERLEŞİK KONUT ALANI", "nizam": "A", "yanbahce": "4", "taks": "0.4", "kaks": "1.6", "onbahce": "5.5", "katadedi": "4", "yencok": null, "emsal": null, "aream2": 371.76, "facade_front": "1,2,3", "facade_side": "", "facade_back": "0,4,5", "facade_count": 3, "is_corner": true, "front_direction": "coklu", "bina_alan_m2": 106.57, "taks_kullanim": 0.2867 }, "geometry": { "type": "MultiPolygon", "coordinates": [ [ [ [ 585662.895311573403887, 4234160.138032430782914 ], [ 585662.183596185292117, 4234161.436092208139598 ], [ 585666.33893555693794, 4234174.798131812363863 ], [ 585672.086668501375243, 4234173.87750015873462 ], [ 585669.553316716570407, 4234158.061153356917202 ], [ 585668.868843634030782, 4234158.239304726943374 ], [ 585662.895311573403887, 4234160.138032430782914 ] ] ] ] } },
{ "type": "Feature", "properties": { "fid": 13, "uipfonksiyon": "YERLEŞİK KONUT ALANI", "nizam": "A", "yanbahce": "4", "taks": "0.4", "kaks": "1.6", "onbahce": "5.5", "katadedi": "4", "yencok": null, "emsal": null, "aream2": 427.14, "facade_front": "3", "facade_side": "0,2", "facade_back": "1", "facade_count": 1, "is_corner": false, "front_direction": "N", "bina_alan_m2": 137.37, "taks_kullanim": 0.3216 }, "geometry": { "type": "MultiPolygon", "coordinates": [ [ [ [ 585679.985980243887752, 4234172.612243664450943 ], [ 585687.885291986283846, 4234171.346987170167267 ], [ 585685.108767914352939, 4234154.012455153279006 ], [ 585677.331042315578088, 4234156.036804255098104 ], [ 585679.985980243887752, 4234172.612243664450943 ] ] ] ] } },
{ "type": "Feature", "properties": { "fid": 13, "uipfonksiyon": "YERLEŞİK KONUT ALANI", "nizam": "A", "yanbahce": "4", "taks": "0.4", "kaks": "1.6", "onbahce": "5.5", "katadedi": "4", "yencok": null, "emsal": null, "aream2": 451.74, "facade_front": "3", "facade_side": "0,2", "facade_back": "1", "facade_count": 1, "is_corner": false, "front_direction": "N", "bina_alan_m2": 149.67, "taks_kullanim": 0.3313 }, "geometry": { "type": "MultiPolygon", "coordinates": [ [ [ [ 585695.784603728796355, 4234170.081730675883591 ], [ 585703.683915470959619, 4234168.816474182531238 ], [ 585700.664219112019055, 4234149.96375694964081 ], [ 585692.88649351336062, 4234151.988106051459908 ], [ 585695.784603728796355, 4234170.081730675883591 ] ] ] ] } },
{ "type": "Feature", "properties": { "fid": 13, "uipfonksiyon": "YERLEŞİK KONUT ALANI", "nizam": "A", "yanbahce": "4", "taks": "0.4", "kaks": "1.6", "onbahce": "5.5", "katadedi": "4", "yencok": null, "emsal": null, "aream2": 476.34, "facade_front": "3", "facade_side": "0,2", "facade_back": "1", "facade_count": 1, "is_corner": false, "front_direction": "N", "bina_alan_m2": 161.97, "taks_kullanim": 0.34 }, "geometry": { "type": "MultiPolygon", "coordinates": [ [ [ [ 585711.583227213588543, 4234167.551217688247561 ], [ 585719.482538956101052, 4234166.285961193963885 ], [ 585716.219670309918001, 4234145.915058746002614 ], [ 585708.441944711026736, 4234147.939407847821712 ], [ 585711.583227213588543, 4234167.551217688247561 ] ] ] ] } },
{ "type": "Feature", "properties": { "fid": 13, "uipfonksiyon": "YERLEŞİK KONUT ALANI", "nizam": "A", "yanbahce": "4", "taks": "0.4", "kaks": "1.6", "onbahce": "5.5", "katadedi": "4", "yencok": null, "emsal": null, "aream2": 497.84, "facade_front": "3,4", "facade_side": "", "facade_back": "0,1,2", "facade_count": 2, "is_corner": true, "front_direction": "N", "bina_alan_m2": 173.65, "taks_kullanim": 0.3488 }, "geometry": { "type": "MultiPolygon", "coordinates": [ [ [ [ 585735.281162440776825, 4234163.755448206327856 ], [ 585731.832371247233823, 4234142.223784940317273 ], [ 585728.471091717015952, 4234142.726317564025521 ], [ 585723.997395908809267, 4234143.890709644183517 ], [ 585727.381850698613562, 4234165.020704699680209 ], [ 585735.281162440776825, 4234163.755448206327856 ] ] ] ] } },
{ "type": "Feature", "properties": { "fid": 13, "uipfonksiyon": "YERLEŞİK KONUT ALANI", "nizam": "A", "yanbahce": "4", "taks": "0.4", "kaks": "1.6", "onbahce": "5.5", "katadedi": "4", "yencok": null, "emsal": null, "aream2": 498.9, "facade_front": "3", "facade_side": "0,2", "facade_back": "1", "facade_count": 1, "is_corner": false, "front_direction": "N", "bina_alan_m2": 173.45, "taks_kullanim": 0.3477 }, "geometry": { "type": "MultiPolygon", "coordinates": [ [ [ [ 585743.180474183405749, 4234162.490191712044179 ], [ 585751.079785925685428, 4234161.224935218691826 ], [ 585747.657355586765334, 4234139.857849340885878 ], [ 585739.744863417115994, 4234141.040817140601575 ], [ 585743.180474183405749, 4234162.490191712044179 ] ] ] ] } },
{ "type": "Feature", "properties": { "fid": 13, "uipfonksiyon": "YERLEŞİK KONUT ALANI", "nizam": "A", "yanbahce": "4", "taks": "0.4", "kaks": "1.6", "onbahce": "5.5", "katadedi": "4", "yencok": null, "emsal": null, "aream2": 342.42, "facade_front": "3,4", "facade_side": "", "facade_back": "0,1,2", "facade_count": 2, "is_corner": true, "front_direction": "coklu", "bina_alan_m2": 66.56, "taks_kullanim": 0.1944 }, "geometry": { "type": "MultiPolygon", "coordinates": [ [ [ [ 585668.738947760430165, 4234182.515686322934926 ], [ 585674.794851205660962, 4234201.98923936765641 ], [ 585676.745007895398885, 4234203.35600249376148 ], [ 585676.806744758971035, 4234203.346113033592701 ], [ 585673.351924995193258, 4234181.776811900548637 ], [ 585668.738947760430165, 4234182.515686322934926 ] ] ] ] } },
{ "type": "Feature", "properties": { "fid": 13, "uipfonksiyon": "YERLEŞİK KONUT ALANI", "nizam": "A", "yanbahce": "4", "taks": "0.4", "kaks": "1.6", "onbahce": "5.5", "katadedi": "4", "yencok": null, "emsal": null, "aream2": 501.51, "facade_front": "1", "facade_side": "0,2", "facade_back": "3", "facade_count": 1, "is_corner": false, "front_direction": "S", "bina_alan_m2": 174.75, "taks_kullanim": 0.3485 }, "geometry": { "type": "MultiPolygon", "coordinates": [ [ [ [ 585684.706038877717219, 4234202.080746509134769 ], [ 585692.605332996230572, 4234200.815379984676838 ], [ 585689.150548480101861, 4234179.246298911981285 ], [ 585681.251236737705767, 4234180.511555406264961 ], [ 585684.706038877717219, 4234202.080746509134769 ] ] ] ] } },
{ "type": "Feature", "properties": { "fid": 13, "uipfonksiyon": "YERLEŞİK KONUT ALANI", "nizam": "A", "yanbahce": "4", "taks": "0.4", "kaks": "1.6", "onbahce": "5.5", "katadedi": "4", "yencok": null, "emsal": null, "aream2": 501.5, "facade_front": "1", "facade_side": "0,2", "facade_back": "3", "facade_count": 1, "is_corner": false, "front_direction": "S", "bina_alan_m2": 174.75, "taks_kullanim": 0.3485 }, "geometry": { "type": "MultiPolygon", "coordinates": [ [ [ [ 585700.504627114976756, 4234199.550013460218906 ], [ 585708.403921233373694, 4234198.284646936692297 ], [ 585704.949171964894049, 4234176.715785924345255 ], [ 585697.049860222730786, 4234177.981042417697608 ], [ 585700.504627114976756, 4234199.550013460218906 ] ] ] ] } },
{ "type": "Feature", "properties": { "fid": 13, "uipfonksiyon": "YERLEŞİK KONUT ALANI", "nizam": "A", "yanbahce": "4", "taks": "0.4", "kaks": "1.6", "onbahce": "5.5", "katadedi": "4", "yencok": null, "emsal": null, "aream2": 501.5, "facade_front": "1", "facade_side": "0,2", "facade_back": "3", "facade_count": 1, "is_corner": false, "front_direction": "S", "bina_alan_m2": 174.75, "taks_kullanim": 0.3485 }, "geometry": { "type": "MultiPolygon", "coordinates": [ [ [ [ 585716.303215352119878, 4234197.019280412234366 ], [ 585724.202509470633231, 4234195.753913888707757 ], [ 585720.747795449919067, 4234174.185272935777903 ], [ 585712.848483707406558, 4234175.450529430061579 ], [ 585716.303215352119878, 4234197.019280412234366 ] ] ] ] } },
{ "type": "Feature", "properties": { "fid": 13, "uipfonksiyon": "YERLEŞİK KONUT ALANI", "nizam": "A", "yanbahce": "4", "taks": "0.4", "kaks": "1.6", "onbahce": "5.5", "katadedi": "4", "yencok": null, "emsal": null, "aream2": 501.49, "facade_front": "1", "facade_side": "0,2", "facade_back": "3", "facade_count": 1, "is_corner": false, "front_direction": "S", "bina_alan_m2": 174.75, "taks_kullanim": 0.3485 }, "geometry": { "type": "MultiPolygon", "coordinates": [ [ [ [ 585732.101803589379415, 4234194.488547364249825 ], [ 585740.001097707776353, 4234193.223180840723217 ], [ 585736.546418934711255, 4234171.654759948141873 ], [ 585728.647107192431577, 4234172.920016441494226 ], [ 585732.101803589379415, 4234194.488547364249825 ] ] ] ] } },
{ "type": "Feature", "properties": { "fid": 13, "uipfonksiyon": "YERLEŞİK KONUT ALANI", "nizam": "A", "yanbahce": "4", "taks": "0.4", "kaks": "1.6", "onbahce": "5.5", "katadedi": "4", "yencok": null, "emsal": null, "aream2": 501.5, "facade_front": "1,2", "facade_side": "", "facade_back": "0,3,4", "facade_count": 2, "is_corner": true, "front_direction": "S", "bina_alan_m2": 174.75, "taks_kullanim": 0.3484 }, "geometry": { "type": "MultiPolygon", "coordinates": [ [ [ [ 585755.799685944803059, 4234190.692447790876031 ], [ 585752.345042419619858, 4234169.124246960505843 ], [ 585744.44573067734018, 4234170.389503453858197 ], [ 585747.900391826522537, 4234191.957814316265285 ], [ 585755.799685944803059, 4234190.692447790876031 ] ] ] ] } },
{ "type": "Feature", "properties": { "fid": 13, "uipfonksiyon": "YERLEŞİK KONUT ALANI", "nizam": "A", "yanbahce": "4", "taks": "0.4", "kaks": "1.6", "onbahce": "5.5", "katadedi": "4", "yencok": null, "emsal": null, "aream2": 496.17, "facade_front": "2,3", "facade_side": "", "facade_back": "0,1,4", "facade_count": 2, "is_corner": true, "front_direction": "N", "bina_alan_m2": 172.11, "taks_kullanim": 0.3469 }, "geometry": { "type": "MultiPolygon", "coordinates": [ [ [ [ 585763.482888924772851, 4234137.495341273956001 ], [ 585762.948590903659351, 4234137.571712607517838 ], [ 585755.56984775676392, 4234138.674881540238857 ], [ 585758.979097668314353, 4234159.95967872440815 ], [ 585766.878409410710447, 4234158.694422230124474 ], [ 585763.482888924772851, 4234137.495341273956001 ] ] ] ] } },
{ "type": "Feature", "properties": { "fid": 13, "uipfonksiyon": "YERLEŞİK KONUT ALANI", "nizam": "A", "yanbahce": "4", "taks": "0.4", "kaks": "1.6", "onbahce": "5.5", "katadedi": "4", "yencok": null, "emsal": null, "aream2": 501.49, "facade_front": "2,3", "facade_side": "", "facade_back": "0,1,4", "facade_count": 2, "is_corner": true, "front_direction": "S", "bina_alan_m2": 174.75, "taks_kullanim": 0.3485 }, "geometry": { "type": "MultiPolygon", "coordinates": [ [ [ [ 585763.699124438106082, 4234189.427982633933425 ], [ 585771.598488344578072, 4234188.163051811978221 ], [ 585768.143665904528461, 4234166.593733971938491 ], [ 585760.244354162132367, 4234167.858990466222167 ], [ 585763.699124438106082, 4234189.427982633933425 ] ] ] ] } },
{ "type": "Feature", "properties": { "fid": 13, "uipfonksiyon": "YERLEŞİK KONUT ALANI", "nizam": "A", "yanbahce": "4", "taks": "0.4", "kaks": "1.6", "onbahce": "5.5", "katadedi": "4", "yencok": null, "emsal": null, "aream2": 492.29, "facade_front": "2", "facade_side": "1,3", "facade_back": "0", "facade_count": 1, "is_corner": false, "front_direction": "N", "bina_alan_m2": 170.14, "taks_kullanim": 0.3456 }, "geometry": { "type": "MultiPolygon", "coordinates": [ [ [ [ 585782.67703289561905, 4234156.163909242488444 ], [ 585779.324150369036943, 4234135.231027696281672 ], [ 585771.40351964707952, 4234136.363184485584497 ], [ 585774.777721153222956, 4234157.429165735840797 ], [ 585782.67703289561905, 4234156.163909242488444 ] ] ] ] } },
{ "type": "Feature", "properties": { "fid": 13, "uipfonksiyon": "YERLEŞİK KONUT ALANI", "nizam": "A", "yanbahce": "4", "taks": "0.4", "kaks": "1.6", "onbahce": "5.5", "katadedi": "4", "yencok": null, "emsal": null, "aream2": 501.18, "facade_front": "2", "facade_side": "1,3", "facade_back": "0", "facade_count": 1, "is_corner": false, "front_direction": "S", "bina_alan_m2": 174.59, "taks_kullanim": 0.3484 }, "geometry": { "type": "MultiPolygon", "coordinates": [ [ [ [ 585776.042977647157386, 4234165.328477477654815 ], [ 585779.495655582170002, 4234186.884406639263034 ], [ 585787.392719624680467, 4234185.605117195285857 ], [ 585783.942289389437065, 4234164.063220984302461 ], [ 585776.042977647157386, 4234165.328477477654815 ] ] ] ] } },
{ "type": "Feature", "properties": { "fid": 13, "uipfonksiyon": "YERLEŞİK KONUT ALANI", "nizam": "A", "yanbahce": "4", "taks": "0.4", "kaks": "1.6", "onbahce": "5.5", "katadedi": "4", "yencok": null, "emsal": null, "aream2": 487.97, "facade_front": "2", "facade_side": "1,3", "facade_back": "0", "facade_count": 1, "is_corner": false, "front_direction": "N", "bina_alan_m2": 167.98, "taks_kullanim": 0.3442 }, "geometry": { "type": "MultiPolygon", "coordinates": [ [ [ [ 585798.475656380411237, 4234153.633396253921092 ], [ 585795.165411813184619, 4234132.966714119538665 ], [ 585787.244781091343611, 4234134.098870907910168 ], [ 585790.576344638131559, 4234154.898652748204768 ], [ 585798.475656380411237, 4234153.633396253921092 ] ] ] ] } },
{ "type": "Feature", "properties": { "fid": 13, "uipfonksiyon": "YERLEŞİK KONUT ALANI", "nizam": "A", "yanbahce": "4", "taks": "0.4", "kaks": "1.6", "onbahce": "5.5", "katadedi": "4", "yencok": null, "emsal": null, "aream2": 500.72, "facade_front": "2", "facade_side": "1,3", "facade_back": "0", "facade_count": 1, "is_corner": false, "front_direction": "S", "bina_alan_m2": 174.36, "taks_kullanim": 0.3482 }, "geometry": { "type": "MultiPolygon", "coordinates": [ [ [ [ 585791.841601131949574, 4234162.797964490018785 ], [ 585795.289783667540178, 4234184.325827752240002 ], [ 585803.186847710167058, 4234183.046538308262825 ], [ 585799.740912874229252, 4234161.532707995735109 ], [ 585791.841601131949574, 4234162.797964490018785 ] ] ] ] } },
{ "type": "Feature", "properties": { "fid": 13, "uipfonksiyon": "YERLEŞİK KONUT ALANI", "nizam": "A", "yanbahce": "4", "taks": "0.4", "kaks": "1.6", "onbahce": "5.5", "katadedi": "4", "yencok": null, "emsal": null, "aream2": 483.66, "facade_front": "1,2,3,4", "facade_side": "", "facade_back": "0,5", "facade_count": 4, "is_corner": true, "front_direction": "coklu", "bina_alan_m2": 139.21, "taks_kullanim": 0.2878 }, "geometry": { "type": "MultiPolygon", "coordinates": [ [ [ [ 585809.16865466919262, 4234130.965122704394162 ], [ 585803.086042535607703, 4234131.834557331167161 ], [ 585806.374968122923747, 4234152.368139759637415 ], [ 585813.02822016866412, 4234151.302468391135335 ], [ 585809.748448191559874, 4234131.109597029164433 ], [ 585809.16865466919262, 4234130.965122704394162 ] ] ] ] } },
{ "type": "Feature", "properties": { "fid": 13, "uipfonksiyon": "YERLEŞİK KONUT ALANI", "nizam": "A", "yanbahce": "4", "taks": "0.4", "kaks": "1.6", "onbahce": "5.5", "katadedi": "4", "yencok": null, "emsal": null, "aream2": 504.17, "facade_front": "2,3,4", "facade_side": "", "facade_back": "0,1", "facade_count": 3, "is_corner": true, "front_direction": "coklu", "bina_alan_m2": 147.57, "taks_kullanim": 0.2927 }, "geometry": { "type": "MultiPolygon", "coordinates": [ [ [ [ 585811.083911752677523, 4234181.767248862423003 ], [ 585817.799675830174237, 4234180.67932478711009 ], [ 585814.310793786076829, 4234159.199006397277117 ], [ 585807.640224616741762, 4234160.267451501451433 ], [ 585811.083911752677523, 4234181.767248862423003 ] ] ] ] } },
{ "type": "Feature", "properties": { "fid": 14, "uipfonksiyon": "YERLEŞİK KONUT ALANI", "nizam": "A", "yanbahce": "4", "taks": "0.4", "kaks": "1.6", "onbahce": "5.5", "katadedi": "4", "yencok": null, "emsal": null, "aream2": 570.17, "facade_front": "1,2,3,4", "facade_side": "", "facade_back": "0,5", "facade_count": 4, "is_corner": true, "front_direction": "coklu", "bina_alan_m2": 201.52, "taks_kullanim": 0.3534 }, "geometry": { "type": "MultiPolygon", "coordinates": [ [ [ [ 585829.293289753375575, 4234250.301518600434065 ], [ 585829.330313026322983, 4234250.077352079562843 ], [ 585826.1253631595755, 4234230.884693562053144 ], [ 585816.152797120506875, 4234232.495326618663967 ], [ 585819.32305710320361, 4234252.124643745832145 ], [ 585829.078861860092729, 4234250.478624172508717 ], [ 585829.293289753375575, 4234250.301518600434065 ] ] ] ] } },
{ "type": "Feature", "properties": { "fid": 14, "uipfonksiyon": "YERLEŞİK KONUT ALANI", "nizam": "A", "yanbahce": "4", "taks": "0.4", "kaks": "1.6", "onbahce": "5.5", "katadedi": "4", "yencok": null, "emsal": null, "aream2": 471.49, "facade_front": "3", "facade_side": "0,2", "facade_back": "1", "facade_count": 1, "is_corner": false, "front_direction": "S", "bina_alan_m2": 159.74, "taks_kullanim": 0.3388 }, "geometry": { "type": "MultiPolygon", "coordinates": [ [ [ [ 585808.255136571242474, 4234233.770849197171628 ], [ 585800.357476021978073, 4234235.04637177567929 ], [ 585803.54565525741782, 4234254.786639644764364 ], [ 585811.434356180368923, 4234253.455641695298254 ], [ 585808.255136571242474, 4234233.770849197171628 ] ] ] ] } },
{ "type": "Feature", "properties": { "fid": 14, "uipfonksiyon": "YERLEŞİK KONUT ALANI", "nizam": "A", "yanbahce": "4", "taks": "0.4", "kaks": "1.6", "onbahce": "5.5", "katadedi": "4", "yencok": null, "emsal": null, "aream2": 473.29, "facade_front": "3,4", "facade_side": "", "facade_back": "0,1,2", "facade_count": 2, "is_corner": true, "front_direction": "S", "bina_alan_m2": 160.4, "taks_kullanim": 0.3389 }, "geometry": { "type": "MultiPolygon", "coordinates": [ [ [ [ 585784.56215492344927, 4234237.597416932694614 ], [ 585787.766477742930874, 4234257.437641124241054 ], [ 585795.649213085998781, 4234256.069706059992313 ], [ 585792.459815472713672, 4234236.321894354186952 ], [ 585784.56215492344927, 4234237.597416932694614 ] ] ] ] } },
{ "type": "Feature", "properties": { "fid": 14, "uipfonksiyon": "YERLEŞİK KONUT ALANI", "nizam": "A", "yanbahce": "4", "taks": "0.4", "kaks": "1.6", "onbahce": "5.5", "katadedi": "4", "yencok": null, "emsal": null, "aream2": 475.81, "facade_front": "3", "facade_side": "0,2", "facade_back": "1", "facade_count": 1, "is_corner": false, "front_direction": "S", "bina_alan_m2": 161.9, "taks_kullanim": 0.3403 }, "geometry": { "type": "MultiPolygon", "coordinates": [ [ [ [ 585776.664494374184869, 4234238.872939511202276 ], [ 585768.766833824804053, 4234240.148462089709938 ], [ 585772.001007057027891, 4234260.173511255532503 ], [ 585779.883742400095798, 4234258.805576189421117 ], [ 585776.664494374184869, 4234238.872939511202276 ] ] ] ] } },
{ "type": "Feature", "properties": { "fid": 14, "uipfonksiyon": "YERLEŞİK KONUT ALANI", "nizam": "A", "yanbahce": "4", "taks": "0.4", "kaks": "1.6", "onbahce": "5.5", "katadedi": "4", "yencok": null, "emsal": null, "aream2": 478.5, "facade_front": "3,4,5", "facade_side": "", "facade_back": "0,1,2", "facade_count": 3, "is_corner": true, "front_direction": "S", "bina_alan_m2": 163.4, "taks_kullanim": 0.3415 }, "geometry": { "type": "MultiPolygon", "coordinates": [ [ [ [ 585756.233730111271143, 4234262.898197554983199 ], [ 585756.580765844439156, 4234262.849471788853407 ], [ 585764.1182717140764, 4234261.541446320712566 ], [ 585760.869173275539652, 4234241.423984668217599 ], [ 585752.97151272627525, 4234242.699507246725261 ], [ 585756.233730111271143, 4234262.898197554983199 ] ] ] ] } },
{ "type": "Feature", "properties": { "fid": 14, "uipfonksiyon": "YERLEŞİK KONUT ALANI", "nizam": "A", "yanbahce": "4", "taks": "0.4", "kaks": "1.6", "onbahce": "5.5", "katadedi": "4", "yencok": null, "emsal": null, "aream2": 475.42, "facade_front": "3", "facade_side": "0,2", "facade_back": "1", "facade_count": 1, "is_corner": false, "front_direction": "S", "bina_alan_m2": 161.7, "taks_kullanim": 0.3401 }, "geometry": { "type": "MultiPolygon", "coordinates": [ [ [ [ 585745.073852177010849, 4234243.975029825232923 ], [ 585737.176191627630033, 4234245.250552403740585 ], [ 585740.38577358936891, 4234265.123339656740427 ], [ 585748.309751850320026, 4234264.010768606327474 ], [ 585745.073852177010849, 4234243.975029825232923 ] ] ] ] } },
{ "type": "Feature", "properties": { "fid": 14, "uipfonksiyon": "YERLEŞİK KONUT ALANI", "nizam": "A", "yanbahce": "4", "taks": "0.4", "kaks": "1.6", "onbahce": "5.5", "katadedi": "4", "yencok": null, "emsal": null, "aream2": 579.11, "facade_front": "2,3,4,5", "facade_side": "", "facade_back": "0,1", "facade_count": 4, "is_corner": true, "front_direction": "coklu", "bina_alan_m2": 204.77, "taks_kullanim": 0.3536 }, "geometry": { "type": "MultiPolygon", "coordinates": [ [ [ [ 585821.436345444060862, 4234202.804779822938144 ], [ 585811.613798706559464, 4234204.39118380472064 ], [ 585814.877274541999213, 4234224.597666068933904 ], [ 585824.807683041202836, 4234222.993841724470258 ], [ 585821.436345444060862, 4234202.804779822938144 ] ] ] ] } },
{ "type": "Feature", "properties": { "fid": 14, "uipfonksiyon": "YERLEŞİK KONUT ALANI", "nizam": "A", "yanbahce": "4", "taks": "0.4", "kaks": "1.6", "onbahce": "5.5", "katadedi": "4", "yencok": null, "emsal": null, "aream2": 479.49, "facade_front": "1", "facade_side": "0,2", "facade_back": "3", "facade_count": 1, "is_corner": false, "front_direction": "N", "bina_alan_m2": 163.75, "taks_kullanim": 0.3415 }, "geometry": { "type": "MultiPolygon", "coordinates": [ [ [ [ 585803.716138157295063, 4234205.666706383228302 ], [ 585795.818477608030662, 4234206.942228961735964 ], [ 585799.081953443470411, 4234227.148711225949228 ], [ 585806.979613992734812, 4234225.873188647441566 ], [ 585803.716138157295063, 4234205.666706383228302 ] ] ] ] } },
{ "type": "Feature", "properties": { "fid": 14, "uipfonksiyon": "YERLEŞİK KONUT ALANI", "nizam": "A", "yanbahce": "4", "taks": "0.4", "kaks": "1.6", "onbahce": "5.5", "katadedi": "4", "yencok": null, "emsal": null, "aream2": 479.49, "facade_front": "1", "facade_side": "0,2", "facade_back": "3", "facade_count": 1, "is_corner": false, "front_direction": "N", "bina_alan_m2": 163.75, "taks_kullanim": 0.3415 }, "geometry": { "type": "MultiPolygon", "coordinates": [ [ [ [ 585787.920817058766261, 4234208.217751540243626 ], [ 585780.023156509385444, 4234209.493274118751287 ], [ 585783.286632344941609, 4234229.699756382964551 ], [ 585791.18429289420601, 4234228.42423380445689 ], [ 585787.920817058766261, 4234208.217751540243626 ] ] ] ] } },
{ "type": "Feature", "properties": { "fid": 14, "uipfonksiyon": "YERLEŞİK KONUT ALANI", "nizam": "A", "yanbahce": "4", "taks": "0.4", "kaks": "1.6", "onbahce": "5.5", "katadedi": "4", "yencok": null, "emsal": null, "aream2": 479.49, "facade_front": "1", "facade_side": "0,2", "facade_back": "3", "facade_count": 1, "is_corner": false, "front_direction": "N", "bina_alan_m2": 163.75, "taks_kullanim": 0.3415 }, "geometry": { "type": "MultiPolygon", "coordinates": [ [ [ [ 585772.125495960121043, 4234210.768796697258949 ], [ 585764.227835410740227, 4234212.044319275766611 ], [ 585767.491311246296391, 4234232.250801539979875 ], [ 585775.388971795677207, 4234230.975278961472213 ], [ 585772.125495960121043, 4234210.768796697258949 ] ] ] ] } },
{ "type": "Feature", "properties": { "fid": 14, "uipfonksiyon": "YERLEŞİK KONUT ALANI", "nizam": "A", "yanbahce": "4", "taks": "0.4", "kaks": "1.6", "onbahce": "5.5", "katadedi": "4", "yencok": null, "emsal": null, "aream2": 479.49, "facade_front": "1", "facade_side": "0,2", "facade_back": "3", "facade_count": 1, "is_corner": false, "front_direction": "N", "bina_alan_m2": 163.75, "taks_kullanim": 0.3415 }, "geometry": { "type": "MultiPolygon", "coordinates": [ [ [ [ 585756.330174861475825, 4234213.319841854274273 ], [ 585748.432514312211424, 4234214.595364432781935 ], [ 585751.695990147767588, 4234234.801846696995199 ], [ 585759.59365069703199, 4234233.526324118487537 ], [ 585756.330174861475825, 4234213.319841854274273 ] ] ] ] } },
{ "type": "Feature", "properties": { "fid": 14, "uipfonksiyon": "YERLEŞİK KONUT ALANI", "nizam": "A", "yanbahce": "4", "taks": "0.4", "kaks": "1.6", "onbahce": "5.5", "katadedi": "4", "yencok": null, "emsal": null, "aream2": 479.49, "facade_front": "1", "facade_side": "0,2", "facade_back": "3", "facade_count": 1, "is_corner": false, "front_direction": "N", "bina_alan_m2": 163.75, "taks_kullanim": 0.3415 }, "geometry": { "type": "MultiPolygon", "coordinates": [ [ [ [ 585740.534853762947023, 4234215.870887011289597 ], [ 585732.637193213566206, 4234217.146409589797258 ], [ 585735.900669049122371, 4234237.352891854010522 ], [ 585743.798329598503187, 4234236.077369275502861 ], [ 585740.534853762947023, 4234215.870887011289597 ] ] ] ] } },
{ "type": "Feature", "properties": { "fid": 14, "uipfonksiyon": "YERLEŞİK KONUT ALANI", "nizam": "A", "yanbahce": "4", "taks": "0.4", "kaks": "1.6", "onbahce": "5.5", "katadedi": "4", "yencok": null, "emsal": null, "aream2": 470.14, "facade_front": "2", "facade_side": "1,3", "facade_back": "0", "facade_count": 1, "is_corner": false, "front_direction": "S", "bina_alan_m2": 159.06, "taks_kullanim": 0.3383 }, "geometry": { "type": "MultiPolygon", "coordinates": [ [ [ [ 585721.38087052910123, 4234247.801597560755908 ], [ 585724.537817067583092, 4234267.348481757566333 ], [ 585732.461795328417793, 4234266.23591070715338 ], [ 585729.278531078365631, 4234246.526074982248247 ], [ 585721.38087052910123, 4234247.801597560755908 ] ] ] ] } },
{ "type": "Feature", "properties": { "fid": 14, "uipfonksiyon": "YERLEŞİK KONUT ALANI", "nizam": "A", "yanbahce": "4", "taks": "0.4", "kaks": "1.6", "onbahce": "5.5", "katadedi": "4", "yencok": null, "emsal": null, "aream2": 479.49, "facade_front": "2", "facade_side": "1,3", "facade_back": "0", "facade_count": 1, "is_corner": false, "front_direction": "N", "bina_alan_m2": 163.75, "taks_kullanim": 0.3415 }, "geometry": { "type": "MultiPolygon", "coordinates": [ [ [ [ 585728.00300849985797, 4234238.628414432518184 ], [ 585724.739532664301805, 4234218.42193216830492 ], [ 585716.841872115037404, 4234219.697454746812582 ], [ 585720.105347950593568, 4234239.903937011025846 ], [ 585728.00300849985797, 4234238.628414432518184 ] ] ] ] } },
{ "type": "Feature", "properties": { "fid": 14, "uipfonksiyon": "YERLEŞİK KONUT ALANI", "nizam": "A", "yanbahce": "4", "taks": "0.4", "kaks": "1.6", "onbahce": "5.5", "katadedi": "4", "yencok": null, "emsal": null, "aream2": 464.86, "facade_front": "2", "facade_side": "1,3", "facade_back": "0", "facade_count": 1, "is_corner": false, "front_direction": "S", "bina_alan_m2": 156.42, "taks_kullanim": 0.3365 }, "geometry": { "type": "MultiPolygon", "coordinates": [ [ [ [ 585705.585549430572428, 4234250.352642717771232 ], [ 585708.689860545797274, 4234269.573623859323561 ], [ 585716.613838806631975, 4234268.461052808910608 ], [ 585713.483209979836829, 4234249.07712013926357 ], [ 585705.585549430572428, 4234250.352642717771232 ] ] ] ] } },
{ "type": "Feature", "properties": { "fid": 14, "uipfonksiyon": "YERLEŞİK KONUT ALANI", "nizam": "A", "yanbahce": "4", "taks": "0.4", "kaks": "1.6", "onbahce": "5.5", "katadedi": "4", "yencok": null, "emsal": null, "aream2": 479.49, "facade_front": "2", "facade_side": "1,3", "facade_back": "0", "facade_count": 1, "is_corner": false, "front_direction": "N", "bina_alan_m2": 163.75, "taks_kullanim": 0.3415 }, "geometry": { "type": "MultiPolygon", "coordinates": [ [ [ [ 585712.207687401329167, 4234241.179459589533508 ], [ 585708.944211565773003, 4234220.972977325320244 ], [ 585701.046551016508602, 4234222.248499903827906 ], [ 585704.310026852064766, 4234242.45498216804117 ], [ 585712.207687401329167, 4234241.179459589533508 ] ] ] ] } },
{ "type": "Feature", "properties": { "fid": 14, "uipfonksiyon": "YERLEŞİK KONUT ALANI", "nizam": "A", "yanbahce": "4", "taks": "0.4", "kaks": "1.6", "onbahce": "5.5", "katadedi": "4", "yencok": null, "emsal": null, "aream2": 484.88, "facade_front": "2", "facade_side": "1,3", "facade_back": "0", "facade_count": 1, "is_corner": false, "front_direction": "S", "bina_alan_m2": 171.22, "taks_kullanim": 0.3531 }, "geometry": { "type": "MultiPolygon", "coordinates": [ [ [ [ 585688.510537189431489, 4234253.110366160981357 ], [ 585692.320369329652749, 4234271.871992360800505 ], [ 585700.765882284846157, 4234270.686194910667837 ], [ 585697.687888881308027, 4234251.628165296278894 ], [ 585688.510537189431489, 4234253.110366160981357 ] ] ] ] } },
{ "type": "Feature", "properties": { "fid": 14, "uipfonksiyon": "YERLEŞİK KONUT ALANI", "nizam": "A", "yanbahce": "4", "taks": "0.4", "kaks": "1.6", "onbahce": "5.5", "katadedi": "4", "yencok": null, "emsal": null, "aream2": 547.26, "facade_front": "2,3", "facade_side": "", "facade_back": "0,1,4", "facade_count": 2, "is_corner": true, "front_direction": "coklu", "bina_alan_m2": 165.47, "taks_kullanim": 0.3024 }, "geometry": { "type": "MultiPolygon", "coordinates": [ [ [ [ 585693.1488904672442, 4234223.524022482335567 ], [ 585683.833435298176482, 4234225.02852793969214 ], [ 585689.766054854379036, 4234244.803926459513605 ], [ 585696.412366302800365, 4234243.730504746548831 ], [ 585693.1488904672442, 4234223.524022482335567 ] ] ] ] } },
{ "type": "Feature", "properties": { "fid": 15, "uipfonksiyon": "YERLEŞİK KONUT ALANI", "nizam": "A", "yanbahce": "4", "taks": "0.4", "kaks": "1.6", "onbahce": "5.5", "katadedi": "4", "yencok": null, "emsal": null, "aream2": 688.94, "facade_front": "1,2,3,4", "facade_side": "", "facade_back": "0,5", "facade_count": 4, "is_corner": true, "front_direction": "coklu", "bina_alan_m2": 275.58, "taks_kullanim": 0.4 }, "geometry": { "type": "MultiPolygon", "coordinates": [ [ [ [ 585837.248231178498827, 4234299.43711575306952 ], [ 585823.715265371603891, 4234301.551840081810951 ], [ 585826.810195921803825, 4234321.35753708332777 ], [ 585840.511416190885939, 4234319.081467262469232 ], [ 585837.248231178498827, 4234299.43711575306952 ] ] ] ] } },
{ "type": "Feature", "properties": { "fid": 15, "uipfonksiyon": "YERLEŞİK KONUT ALANI", "nizam": "A", "yanbahce": "4", "taks": "0.4", "kaks": "1.6", "onbahce": "5.5", "katadedi": "4", "yencok": null, "emsal": null, "aream2": 477.36, "facade_front": "3", "facade_side": "0,2", "facade_back": "1", "facade_count": 1, "is_corner": false, "front_direction": "S", "bina_alan_m2": 162.68, "taks_kullanim": 0.3408 }, "geometry": { "type": "MultiPolygon", "coordinates": [ [ [ [ 585815.738829518202692, 4234302.710478174500167 ], [ 585807.834750924957916, 4234303.945606345310807 ], [ 585810.980227040243335, 4234324.074764612130821 ], [ 585818.87243899027817, 4234322.763697050511837 ], [ 585815.738829518202692, 4234302.710478174500167 ] ] ] ] } },
{ "type": "Feature", "properties": { "fid": 15, "uipfonksiyon": "YERLEŞİK KONUT ALANI", "nizam": "A", "yanbahce": "4", "taks": "0.4", "kaks": "1.6", "onbahce": "5.5", "katadedi": "4", "yencok": null, "emsal": null, "aream2": 479.62, "facade_front": "3,4", "facade_side": "", "facade_back": "0,1,2", "facade_count": 2, "is_corner": true, "front_direction": "S", "bina_alan_m2": 163.89, "taks_kullanim": 0.3417 }, "geometry": { "type": "MultiPolygon", "coordinates": [ [ [ [ 585792.026593739399686, 4234306.415862686932087 ], [ 585795.192644372931682, 4234326.676685515791178 ], [ 585796.784653785405681, 4234326.432957184500992 ], [ 585803.088015090906993, 4234325.385832172818482 ], [ 585799.930672332295217, 4234305.180734516121447 ], [ 585792.026593739399686, 4234306.415862686932087 ] ] ] ] } },
{ "type": "Feature", "properties": { "fid": 15, "uipfonksiyon": "YERLEŞİK KONUT ALANI", "nizam": "A", "yanbahce": "4", "taks": "0.4", "kaks": "1.6", "onbahce": "5.5", "katadedi": "4", "yencok": null, "emsal": null, "aream2": 479.51, "facade_front": "3", "facade_side": "0,2", "facade_back": "1", "facade_count": 1, "is_corner": false, "front_direction": "S", "bina_alan_m2": 163.76, "taks_kullanim": 0.3415 }, "geometry": { "type": "MultiPolygon", "coordinates": [ [ [ [ 585784.122515146736987, 4234307.650990856811404 ], [ 585776.218436553608626, 4234308.886119027622044 ], [ 585779.376839718548581, 4234329.098002649843693 ], [ 585787.28474204603117, 4234327.887344082817435 ], [ 585784.122515146736987, 4234307.650990856811404 ] ] ] ] } },
{ "type": "Feature", "properties": { "fid": 15, "uipfonksiyon": "YERLEŞİK KONUT ALANI", "nizam": "A", "yanbahce": "4", "taks": "0.4", "kaks": "1.6", "onbahce": "5.5", "katadedi": "4", "yencok": null, "emsal": null, "aream2": 477.27, "facade_front": "3,4,5", "facade_side": "", "facade_back": "0,1,2", "facade_count": 3, "is_corner": true, "front_direction": "S", "bina_alan_m2": 162.68, "taks_kullanim": 0.3408 }, "geometry": { "type": "MultiPolygon", "coordinates": [ [ [ [ 585763.536603186279535, 4234331.362970435991883 ], [ 585766.570032987045124, 4234330.954871299676597 ], [ 585771.466969415778294, 4234330.296067352406681 ], [ 585768.314357961178757, 4234310.121247198432684 ], [ 585760.410279367933981, 4234311.356375369243324 ], [ 585763.536603186279535, 4234331.362970435991883 ] ] ] ] } },
{ "type": "Feature", "properties": { "fid": 15, "uipfonksiyon": "YERLEŞİK KONUT ALANI", "nizam": "A", "yanbahce": "4", "taks": "0.4", "kaks": "1.6", "onbahce": "5.5", "katadedi": "4", "yencok": null, "emsal": null, "aream2": 471.92, "facade_front": "3", "facade_side": "0,2", "facade_back": "1", "facade_count": 1, "is_corner": false, "front_direction": "S", "bina_alan_m2": 159.95, "taks_kullanim": 0.3389 }, "geometry": { "type": "MultiPolygon", "coordinates": [ [ [ [ 585752.506200775387697, 4234312.591503540053964 ], [ 585744.602122182259336, 4234313.826631710864604 ], [ 585747.675870727747679, 4234333.496776603162289 ], [ 585755.606236957246438, 4234332.429873519577086 ], [ 585752.506200775387697, 4234312.591503540053964 ] ] ] ] } },
{ "type": "Feature", "properties": { "fid": 15, "uipfonksiyon": "YERLEŞİK KONUT ALANI", "nizam": "A", "yanbahce": "4", "taks": "0.4", "kaks": "1.6", "onbahce": "5.5", "katadedi": "4", "yencok": null, "emsal": null, "aream2": 466.48, "facade_front": "3", "facade_side": "0,2", "facade_back": "1", "facade_count": 1, "is_corner": false, "front_direction": "S", "bina_alan_m2": 157.23, "taks_kullanim": 0.3371 }, "geometry": { "type": "MultiPolygon", "coordinates": [ [ [ [ 585736.698043589713052, 4234315.061759881675243 ], [ 585728.793964996584691, 4234316.296888052485883 ], [ 585731.815138269332238, 4234335.630582770332694 ], [ 585739.745504498714581, 4234334.563679686747491 ], [ 585736.698043589713052, 4234315.061759881675243 ] ] ] ] } },
{ "type": "Feature", "properties": { "fid": 15, "uipfonksiyon": "YERLEŞİK KONUT ALANI", "nizam": "A", "yanbahce": "4", "taks": "0.4", "kaks": "1.6", "onbahce": "5.5", "katadedi": "4", "yencok": null, "emsal": null, "aream2": 686.48, "facade_front": "2,3,4,5", "facade_side": "", "facade_back": "0,1", "facade_count": 4, "is_corner": true, "front_direction": "coklu", "bina_alan_m2": 274.59, "taks_kullanim": 0.4 }, "geometry": { "type": "MultiPolygon", "coordinates": [ [ [ [ 585832.600008641835302, 4234271.38317515514791 ], [ 585832.346732884645462, 4234271.342401818372309 ], [ 585819.327450884622522, 4234273.546822419390082 ], [ 585822.444305526092649, 4234293.492820439860225 ], [ 585835.922840735758655, 4234291.386601689271629 ], [ 585832.600008641835302, 4234271.38317515514791 ] ] ] ] } },
{ "type": "Feature", "properties": { "fid": 15, "uipfonksiyon": "YERLEŞİK KONUT ALANI", "nizam": "A", "yanbahce": "4", "taks": "0.4", "kaks": "1.6", "onbahce": "5.5", "katadedi": "4", "yencok": null, "emsal": null, "aream2": 474.87, "facade_front": "1", "facade_side": "0,2", "facade_back": "3", "facade_count": 1, "is_corner": false, "front_direction": "N", "bina_alan_m2": 161.43, "taks_kullanim": 0.3399 }, "geometry": { "type": "MultiPolygon", "coordinates": [ [ [ [ 585811.380403048126027, 4234274.819166020490229 ], [ 585803.492033430724405, 4234276.154822202399373 ], [ 585806.599622754263692, 4234296.041527752764523 ], [ 585814.503701347392052, 4234294.806399581022561 ], [ 585811.380403048126027, 4234274.819166020490229 ] ] ] ] } },
{ "type": "Feature", "properties": { "fid": 15, "uipfonksiyon": "YERLEŞİK KONUT ALANI", "nizam": "A", "yanbahce": "4", "taks": "0.4", "kaks": "1.6", "onbahce": "5.5", "katadedi": "4", "yencok": null, "emsal": null, "aream2": 471.53, "facade_front": "1,2", "facade_side": "", "facade_back": "0,3,4", "facade_count": 2, "is_corner": true, "front_direction": "N", "bina_alan_m2": 159.8, "taks_kullanim": 0.3389 }, "geometry": { "type": "MultiPolygon", "coordinates": [ [ [ [ 585788.878106431104243, 4234278.629247575998306 ], [ 585787.716539900982752, 4234278.834106327034533 ], [ 585790.791465568589047, 4234298.51178409345448 ], [ 585798.695544161484577, 4234297.27665592264384 ], [ 585795.603663813788444, 4234277.490478384308517 ], [ 585788.878106431104243, 4234278.629247575998306 ] ] ] ] } },
{ "type": "Feature", "properties": { "fid": 15, "uipfonksiyon": "YERLEŞİK KONUT ALANI", "nizam": "A", "yanbahce": "4", "taks": "0.4", "kaks": "1.6", "onbahce": "5.5", "katadedi": "4", "yencok": null, "emsal": null, "aream2": 466.92, "facade_front": "1", "facade_side": "0,2", "facade_back": "3", "facade_count": 1, "is_corner": false, "front_direction": "N", "bina_alan_m2": 157.45, "taks_kullanim": 0.3372 }, "geometry": { "type": "MultiPolygon", "coordinates": [ [ [ [ 585779.836620984133333, 4234280.223841913975775 ], [ 585771.956702066701837, 4234281.61357750184834 ], [ 585774.983308382797986, 4234300.98204043507576 ], [ 585782.887386976042762, 4234299.746912263333797 ], [ 585779.836620984133333, 4234280.223841913975775 ] ] ] ] } },
{ "type": "Feature", "properties": { "fid": 15, "uipfonksiyon": "YERLEŞİK KONUT ALANI", "nizam": "A", "yanbahce": "4", "taks": "0.4", "kaks": "1.6", "onbahce": "5.5", "katadedi": "4", "yencok": null, "emsal": null, "aream2": 463.38, "facade_front": "1,2,3", "facade_side": "", "facade_back": "0,4,5", "facade_count": 3, "is_corner": true, "front_direction": "N", "bina_alan_m2": 154.68, "taks_kullanim": 0.3338 }, "geometry": { "type": "MultiPolygon", "coordinates": [ [ [ [ 585756.196864232304506, 4234284.393048674799502 ], [ 585759.175151197239757, 4234303.45229677669704 ], [ 585767.079229790251702, 4234302.217168604955077 ], [ 585764.098818836966529, 4234283.144328254275024 ], [ 585760.312421969952993, 4234283.667211631312966 ], [ 585756.196864232304506, 4234284.393048674799502 ] ] ] ] } },
{ "type": "Feature", "properties": { "fid": 15, "uipfonksiyon": "YERLEŞİK KONUT ALANI", "nizam": "A", "yanbahce": "4", "taks": "0.4", "kaks": "1.6", "onbahce": "5.5", "katadedi": "4", "yencok": null, "emsal": null, "aream2": 466.57, "facade_front": "1", "facade_side": "0,2", "facade_back": "3", "facade_count": 1, "is_corner": false, "front_direction": "N", "bina_alan_m2": 157.28, "taks_kullanim": 0.3371 }, "geometry": { "type": "MultiPolygon", "coordinates": [ [ [ [ 585748.246726608485915, 4234285.333426705561578 ], [ 585740.3206804941874, 4234286.427975930273533 ], [ 585743.366994011565112, 4234305.922553118318319 ], [ 585751.271072604577057, 4234304.687424946576357 ], [ 585748.246726608485915, 4234285.333426705561578 ] ] ] ] } },
{ "type": "Feature", "properties": { "fid": 15, "uipfonksiyon": "YERLEŞİK KONUT ALANI", "nizam": "A", "yanbahce": "4", "taks": "0.4", "kaks": "1.6", "onbahce": "5.5", "katadedi": "4", "yencok": null, "emsal": null, "aream2": 471.13, "facade_front": "1", "facade_side": "0,2", "facade_back": "3", "facade_count": 1, "is_corner": false, "front_direction": "N", "bina_alan_m2": 159.56, "taks_kullanim": 0.3387 }, "geometry": { "type": "MultiPolygon", "coordinates": [ [ [ [ 585732.3946343800053, 4234287.52252515591681 ], [ 585724.46858826559037, 4234288.617074380628765 ], [ 585727.558836825890467, 4234308.392809459939599 ], [ 585735.462915418902412, 4234307.157681288197637 ], [ 585732.3946343800053, 4234287.52252515591681 ] ] ] ] } },
{ "type": "Feature", "properties": { "fid": 15, "uipfonksiyon": "YERLEŞİK KONUT ALANI", "nizam": "A", "yanbahce": "4", "taks": "0.4", "kaks": "1.6", "onbahce": "5.5", "katadedi": "4", "yencok": null, "emsal": null, "aream2": 454.79, "facade_front": "2,3", "facade_side": "", "facade_back": "0,1,4", "facade_count": 2, "is_corner": true, "front_direction": "S", "bina_alan_m2": 151.47, "taks_kullanim": 0.333 }, "geometry": { "type": "MultiPolygon", "coordinates": [ [ [ [ 585715.843434325885028, 4234337.054238073527813 ], [ 585723.878491881187074, 4234336.657296607270837 ], [ 585720.889886404038407, 4234317.532016224227846 ], [ 585712.985807810910046, 4234318.767144395038486 ], [ 585715.843434325885028, 4234337.054238073527813 ] ] ] ] } },
{ "type": "Feature", "properties": { "fid": 15, "uipfonksiyon": "YERLEŞİK KONUT ALANI", "nizam": "A", "yanbahce": "4", "taks": "0.4", "kaks": "1.6", "onbahce": "5.5", "katadedi": "4", "yencok": null, "emsal": null, "aream2": 475.68, "facade_front": "2", "facade_side": "1,3", "facade_back": "0", "facade_count": 1, "is_corner": false, "front_direction": "N", "bina_alan_m2": 161.83, "taks_kullanim": 0.3402 }, "geometry": { "type": "MultiPolygon", "coordinates": [ [ [ [ 585719.654758233227767, 4234309.627937629818916 ], [ 585716.54254215140827, 4234289.711623606272042 ], [ 585708.616496037109755, 4234290.806172830983996 ], [ 585711.750679640099406, 4234310.863065800629556 ], [ 585719.654758233227767, 4234309.627937629818916 ] ] ] ] } },
{ "type": "Feature", "properties": { "fid": 15, "uipfonksiyon": "YERLEŞİK KONUT ALANI", "nizam": "A", "yanbahce": "4", "taks": "0.4", "kaks": "1.6", "onbahce": "5.5", "katadedi": "4", "yencok": null, "emsal": null, "aream2": 569.96, "facade_front": "2,3,4,5", "facade_side": "", "facade_back": "0,1,6", "facade_count": 4, "is_corner": true, "front_direction": "coklu", "bina_alan_m2": 227.03, "taks_kullanim": 0.3983 }, "geometry": { "type": "MultiPolygon", "coordinates": [ [ [ [ 585692.613245338317938, 4234335.434551911428571 ], [ 585693.842583520920016, 4234338.141106450930238 ], [ 585705.478333760169335, 4234337.566286453977227 ], [ 585707.799708511214703, 4234337.395707882009447 ], [ 585705.081729218247347, 4234320.002272564917803 ], [ 585693.519212932675146, 4234321.809085265733302 ], [ 585692.613245338317938, 4234335.434551911428571 ] ] ] ] } },
{ "type": "Feature", "properties": { "fid": 15, "uipfonksiyon": "YERLEŞİK KONUT ALANI", "nizam": "A", "yanbahce": "4", "taks": "0.4", "kaks": "1.6", "onbahce": "5.5", "katadedi": "4", "yencok": null, "emsal": null, "aream2": 465.12, "facade_front": "2,3,4", "facade_side": "", "facade_back": "0,1,5", "facade_count": 3, "is_corner": true, "front_direction": "coklu", "bina_alan_m2": 46.18, "taks_kullanim": 0.0993 }, "geometry": { "type": "MultiPolygon", "coordinates": [ [ [ [ 585697.993742152815685, 4234292.273124558851123 ], [ 585702.075716086663306, 4234312.37492071185261 ], [ 585703.846601047553122, 4234312.098193971440196 ], [ 585700.690449923044071, 4234291.900722056627274 ], [ 585697.993742152815685, 4234292.273124558851123 ] ] ] ] } },
{ "type": "Feature", "properties": { "fid": 16, "uipfonksiyon": "YERLEŞİK KONUT ALANI", "nizam": "A", "yanbahce": "4", "taks": "0.4", "kaks": "1.6", "onbahce": "5.5", "katadedi": "4", "yencok": null, "emsal": null, "aream2": 526.17, "facade_front": "1,2,3,4", "facade_side": "", "facade_back": "0,5", "facade_count": 4, "is_corner": true, "front_direction": "coklu", "bina_alan_m2": 169.62, "taks_kullanim": 0.3224 }, "geometry": { "type": "MultiPolygon", "coordinates": [ [ [ [ 585853.896345093497075, 4234267.880265085957944 ], [ 585857.0275312558515, 4234287.506906665861607 ], [ 585865.414034966379404, 4234286.132380830124021 ], [ 585862.148078753380105, 4234266.205542661249638 ], [ 585860.593296597362496, 4234266.469108521938324 ], [ 585853.896345093497075, 4234267.880265085957944 ] ] ] ] } },
{ "type": "Feature", "properties": { "fid": 16, "uipfonksiyon": "YERLEŞİK KONUT ALANI", "nizam": "A", "yanbahce": "4", "taks": "0.4", "kaks": "1.6", "onbahce": "5.5", "katadedi": "4", "yencok": null, "emsal": null, "aream2": 476.13, "facade_front": "3", "facade_side": "0,2", "facade_back": "1", "facade_count": 1, "is_corner": false, "front_direction": "N", "bina_alan_m2": 162.07, "taks_kullanim": 0.3404 }, "geometry": { "type": "MultiPolygon", "coordinates": [ [ [ [ 585873.308702995534986, 4234284.838465563952923 ], [ 585881.203371024341322, 4234283.544550298713148 ], [ 585877.92325902741868, 4234263.531342322006822 ], [ 585870.035668890574016, 4234264.86844249162823 ], [ 585873.308702995534986, 4234284.838465563952923 ] ] ] ] } },
{ "type": "Feature", "properties": { "fid": 16, "uipfonksiyon": "YERLEŞİK KONUT ALANI", "nizam": "A", "yanbahce": "4", "taks": "0.4", "kaks": "1.6", "onbahce": "5.5", "katadedi": "4", "yencok": null, "emsal": null, "aream2": 477.54, "facade_front": "3", "facade_side": "0,2", "facade_back": "1", "facade_count": 1, "is_corner": false, "front_direction": "N", "bina_alan_m2": 162.77, "taks_kullanim": 0.3408 }, "geometry": { "type": "MultiPolygon", "coordinates": [ [ [ [ 585889.098039053496905, 4234282.25063503254205 ], [ 585896.99270708183758, 4234280.956719767302275 ], [ 585893.698439301340841, 4234260.857141982764006 ], [ 585885.810849164612591, 4234262.194242152385414 ], [ 585889.098039053496905, 4234282.25063503254205 ] ] ] ] } },
{ "type": "Feature", "properties": { "fid": 16, "uipfonksiyon": "YERLEŞİK KONUT ALANI", "nizam": "A", "yanbahce": "4", "taks": "0.4", "kaks": "1.6", "onbahce": "5.5", "katadedi": "4", "yencok": null, "emsal": null, "aream2": 478.94, "facade_front": "3", "facade_side": "0,2", "facade_back": "1", "facade_count": 1, "is_corner": false, "front_direction": "N", "bina_alan_m2": 163.47, "taks_kullanim": 0.3413 }, "geometry": { "type": "MultiPolygon", "coordinates": [ [ [ [ 585904.887375110993162, 4234279.6628045020625 ], [ 585912.782043139799498, 4234278.368889236822724 ], [ 585909.473619575263001, 4234258.18294164352119 ], [ 585901.586029438418336, 4234259.520041813142598 ], [ 585904.887375110993162, 4234279.6628045020625 ] ] ] ] } },
{ "type": "Feature", "properties": { "fid": 16, "uipfonksiyon": "YERLEŞİK KONUT ALANI", "nizam": "A", "yanbahce": "4", "taks": "0.4", "kaks": "1.6", "onbahce": "5.5", "katadedi": "4", "yencok": null, "emsal": null, "aream2": 541.0, "facade_front": "2,3,4,5", "facade_side": "", "facade_back": "0,1", "facade_count": 4, "is_corner": true, "front_direction": "coklu", "bina_alan_m2": 177.7, "taks_kullanim": 0.3285 }, "geometry": { "type": "MultiPolygon", "coordinates": [ [ [ [ 585861.55226724408567, 4234315.868481761775911 ], [ 585870.059187638573349, 4234314.474219948984683 ], [ 585866.707950231968425, 4234294.027048859745264 ], [ 585858.287904247175902, 4234295.407072186470032 ], [ 585861.55226724408567, 4234315.868481761775911 ] ] ] ] } },
{ "type": "Feature", "properties": { "fid": 16, "uipfonksiyon": "YERLEŞİK KONUT ALANI", "nizam": "A", "yanbahce": "4", "taks": "0.4", "kaks": "1.6", "onbahce": "5.5", "katadedi": "4", "yencok": null, "emsal": null, "aream2": 483.52, "facade_front": "1", "facade_side": "0,2", "facade_back": "3", "facade_count": 1, "is_corner": false, "front_direction": "S", "bina_alan_m2": 165.76, "taks_kullanim": 0.3428 }, "geometry": { "type": "MultiPolygon", "coordinates": [ [ [ [ 585877.953855667612515, 4234313.180304682813585 ], [ 585885.848523696418852, 4234311.88638941757381 ], [ 585882.497286289930344, 4234291.439218328334391 ], [ 585874.602618261124007, 4234292.733133593574166 ], [ 585877.953855667612515, 4234313.180304682813585 ] ] ] ] } },
{ "type": "Feature", "properties": { "fid": 16, "uipfonksiyon": "YERLEŞİK KONUT ALANI", "nizam": "A", "yanbahce": "4", "taks": "0.4", "kaks": "1.6", "onbahce": "5.5", "katadedi": "4", "yencok": null, "emsal": null, "aream2": 483.52, "facade_front": "1", "facade_side": "0,2", "facade_back": "3", "facade_count": 1, "is_corner": false, "front_direction": "S", "bina_alan_m2": 165.76, "taks_kullanim": 0.3428 }, "geometry": { "type": "MultiPolygon", "coordinates": [ [ [ [ 585893.743191725574434, 4234310.592474151402712 ], [ 585901.637859754031524, 4234309.298558886162937 ], [ 585898.286622347659431, 4234288.851387796923518 ], [ 585890.391954319202341, 4234290.145303062163293 ], [ 585893.743191725574434, 4234310.592474151402712 ] ] ] ] } },
{ "type": "Feature", "properties": { "fid": 16, "uipfonksiyon": "YERLEŞİK KONUT ALANI", "nizam": "A", "yanbahce": "4", "taks": "0.4", "kaks": "1.6", "onbahce": "5.5", "katadedi": "4", "yencok": null, "emsal": null, "aream2": 483.52, "facade_front": "1", "facade_side": "0,2", "facade_back": "3", "facade_count": 1, "is_corner": false, "front_direction": "S", "bina_alan_m2": 165.76, "taks_kullanim": 0.3428 }, "geometry": { "type": "MultiPolygon", "coordinates": [ [ [ [ 585909.532527783070691, 4234308.004643620923162 ], [ 585917.427195811760612, 4234306.710728355683386 ], [ 585914.075958405388519, 4234286.263557266443968 ], [ 585906.181290376582183, 4234287.557472531683743 ], [ 585909.532527783070691, 4234308.004643620923162 ] ] ] ] } },
{ "type": "Feature", "properties": { "fid": 16, "uipfonksiyon": "YERLEŞİK KONUT ALANI", "nizam": "A", "yanbahce": "4", "taks": "0.4", "kaks": "1.6", "onbahce": "5.5", "katadedi": "4", "yencok": null, "emsal": null, "aream2": 480.34, "facade_front": "2", "facade_side": "1,3", "facade_back": "0", "facade_count": 1, "is_corner": false, "front_direction": "N", "bina_alan_m2": 164.17, "taks_kullanim": 0.3418 }, "geometry": { "type": "MultiPolygon", "coordinates": [ [ [ [ 585928.57137919741217, 4234275.781058706343174 ], [ 585925.248799848952331, 4234255.508741303347051 ], [ 585917.361209712456912, 4234256.845841472968459 ], [ 585920.676711168838665, 4234277.074973971582949 ], [ 585928.57137919741217, 4234275.781058706343174 ] ] ] ] } },
{ "type": "Feature", "properties": { "fid": 16, "uipfonksiyon": "YERLEŞİK KONUT ALANI", "nizam": "A", "yanbahce": "4", "taks": "0.4", "kaks": "1.6", "onbahce": "5.5", "katadedi": "4", "yencok": null, "emsal": null, "aream2": 483.52, "facade_front": "2", "facade_side": "1,3", "facade_back": "0", "facade_count": 1, "is_corner": false, "front_direction": "S", "bina_alan_m2": 165.76, "taks_kullanim": 0.3428 }, "geometry": { "type": "MultiPolygon", "coordinates": [ [ [ [ 585921.970626434427686, 4234284.96964200027287 ], [ 585925.321863840799779, 4234305.416813089512289 ], [ 585933.216531869373284, 4234304.122897824272513 ], [ 585929.865294463001192, 4234283.675726735033095 ], [ 585921.970626434427686, 4234284.96964200027287 ] ] ] ] } },
{ "type": "Feature", "properties": { "fid": 16, "uipfonksiyon": "YERLEŞİK KONUT ALANI", "nizam": "A", "yanbahce": "4", "taks": "0.4", "kaks": "1.6", "onbahce": "5.5", "katadedi": "4", "yencok": null, "emsal": null, "aream2": 481.74, "facade_front": "2", "facade_side": "1,3", "facade_back": "0", "facade_count": 1, "is_corner": false, "front_direction": "N", "bina_alan_m2": 164.87, "taks_kullanim": 0.3422 }, "geometry": { "type": "MultiPolygon", "coordinates": [ [ [ [ 585944.360715255141258, 4234273.193228174932301 ], [ 585941.023980122990906, 4234252.834540964104235 ], [ 585933.136389986262657, 4234254.171641133725643 ], [ 585936.466047226451337, 4234274.487143440172076 ], [ 585944.360715255141258, 4234273.193228174932301 ] ] ] ] } },
{ "type": "Feature", "properties": { "fid": 16, "uipfonksiyon": "YERLEŞİK KONUT ALANI", "nizam": "A", "yanbahce": "4", "taks": "0.4", "kaks": "1.6", "onbahce": "5.5", "katadedi": "4", "yencok": null, "emsal": null, "aream2": 483.52, "facade_front": "2", "facade_side": "1,3", "facade_back": "0", "facade_count": 1, "is_corner": false, "front_direction": "S", "bina_alan_m2": 165.76, "taks_kullanim": 0.3428 }, "geometry": { "type": "MultiPolygon", "coordinates": [ [ [ [ 585937.759962492040358, 4234282.38181146979332 ], [ 585941.111199898528866, 4234302.828982558101416 ], [ 585949.005867927102372, 4234301.53506729286164 ], [ 585945.654630520730279, 4234281.087896204553545 ], [ 585937.759962492040358, 4234282.38181146979332 ] ] ] ] } },
{ "type": "Feature", "properties": { "fid": 16, "uipfonksiyon": "YERLEŞİK KONUT ALANI", "nizam": "A", "yanbahce": "4", "taks": "0.4", "kaks": "1.6", "onbahce": "5.5", "katadedi": "4", "yencok": null, "emsal": null, "aream2": 516.68, "facade_front": "1,2,3,4", "facade_side": "", "facade_back": "0,5", "facade_count": 4, "is_corner": true, "front_direction": "coklu", "bina_alan_m2": 161.03, "taks_kullanim": 0.3117 }, "geometry": { "type": "MultiPolygon", "coordinates": [ [ [ [ 585956.304624721524306, 4234250.244174054823816 ], [ 585948.911570260301232, 4234251.497440794482827 ], [ 585952.255383284180425, 4234271.899312908761203 ], [ 585960.148678776109591, 4234270.605622598901391 ], [ 585956.372768453671597, 4234250.255129323340952 ], [ 585956.304624721524306, 4234250.244174054823816 ] ] ] ] } },
{ "type": "Feature", "properties": { "fid": 16, "uipfonksiyon": "YERLEŞİK KONUT ALANI", "nizam": "A", "yanbahce": "4", "taks": "0.4", "kaks": "1.6", "onbahce": "5.5", "katadedi": "4", "yencok": null, "emsal": null, "aream2": 535.34, "facade_front": "2,3,4,5", "facade_side": "", "facade_back": "0,1", "facade_count": 4, "is_corner": true, "front_direction": "coklu", "bina_alan_m2": 173.72, "taks_kullanim": 0.3245 }, "geometry": { "type": "MultiPolygon", "coordinates": [ [ [ [ 585965.389228619867936, 4234298.849877691827714 ], [ 585961.608442947850563, 4234278.47310843039304 ], [ 585953.549298549769446, 4234279.793980938382447 ], [ 585956.900535956141539, 4234300.241152027621865 ], [ 585965.389228619867936, 4234298.849877691827714 ] ] ] ] } },
{ "type": "Feature", "properties": { "fid": 17, "uipfonksiyon": "YERLEŞİK KONUT ALANI", "nizam": "A", "yanbahce": "4", "taks": "0.4", "kaks": "1.6", "onbahce": "5.5", "katadedi": "4", "yencok": null, "emsal": null, "aream2": 508.06, "facade_front": "1,2,3,4,5", "facade_side": "", "facade_back": "0,6", "facade_count": 5, "is_corner": true, "front_direction": "coklu", "bina_alan_m2": 158.27, "taks_kullanim": 0.3115 }, "geometry": { "type": "MultiPolygon", "coordinates": [ [ [ [ 585842.388326150598004, 4234199.773656165227294 ], [ 585845.642542697838508, 4234219.255123743787408 ], [ 585853.478453989955597, 4234217.883666220121086 ], [ 585850.002770849619992, 4234198.02512573171407 ], [ 585846.497877457761206, 4234198.632764426060021 ], [ 585842.414912862819619, 4234199.61086758505553 ], [ 585842.388326150598004, 4234199.773656165227294 ] ] ] ] } },
{ "type": "Feature", "properties": { "fid": 17, "uipfonksiyon": "YERLEŞİK KONUT ALANI", "nizam": "A", "yanbahce": "4", "taks": "0.4", "kaks": "1.6", "onbahce": "5.5", "katadedi": "4", "yencok": null, "emsal": null, "aream2": 474.26, "facade_front": "3", "facade_side": "0,2", "facade_back": "1", "facade_count": 1, "is_corner": false, "front_direction": "N", "bina_alan_m2": 161.13, "taks_kullanim": 0.3397 }, "geometry": { "type": "MultiPolygon", "coordinates": [ [ [ [ 585861.358668176224455, 4234216.504454710520804 ], [ 585869.238882361561991, 4234215.125243201851845 ], [ 585865.767625730484724, 4234195.291993861086667 ], [ 585857.885198290459812, 4234196.658559796400368 ], [ 585861.358668176224455, 4234216.504454710520804 ] ] ] ] } },
{ "type": "Feature", "properties": { "fid": 17, "uipfonksiyon": "YERLEŞİK KONUT ALANI", "nizam": "A", "yanbahce": "4", "taks": "0.4", "kaks": "1.6", "onbahce": "5.5", "katadedi": "4", "yencok": null, "emsal": null, "aream2": 473.85, "facade_front": "1", "facade_side": "0,2", "facade_back": "3", "facade_count": 1, "is_corner": false, "front_direction": "N", "bina_alan_m2": 160.92, "taks_kullanim": 0.3396 }, "geometry": { "type": "MultiPolygon", "coordinates": [ [ [ [ 585881.532480611349456, 4234192.558861990459263 ], [ 585873.650053171208128, 4234193.925427925772965 ], [ 585877.119096547714435, 4234213.746031693182886 ], [ 585884.999310733168386, 4234212.366820185445249 ], [ 585881.532480611349456, 4234192.558861990459263 ] ] ] ] } },
{ "type": "Feature", "properties": { "fid": 17, "uipfonksiyon": "YERLEŞİK KONUT ALANI", "nizam": "A", "yanbahce": "4", "taks": "0.4", "kaks": "1.6", "onbahce": "5.5", "katadedi": "4", "yencok": null, "emsal": null, "aream2": 473.44, "facade_front": "3,4", "facade_side": "", "facade_back": "0,1,2", "facade_count": 2, "is_corner": true, "front_direction": "N", "bina_alan_m2": 160.01, "taks_kullanim": 0.338 }, "geometry": { "type": "MultiPolygon", "coordinates": [ [ [ [ 585900.759739104774781, 4234209.608397167176008 ], [ 585897.304203793057241, 4234189.864972600713372 ], [ 585889.438753193011507, 4234191.328536810353398 ], [ 585892.879524919437245, 4234210.987608675844967 ], [ 585900.759739104774781, 4234209.608397167176008 ] ] ] ] } },
{ "type": "Feature", "properties": { "fid": 17, "uipfonksiyon": "YERLEŞİK KONUT ALANI", "nizam": "A", "yanbahce": "4", "taks": "0.4", "kaks": "1.6", "onbahce": "5.5", "katadedi": "4", "yencok": null, "emsal": null, "aream2": 474.76, "facade_front": "3", "facade_side": "0,2", "facade_back": "1", "facade_count": 1, "is_corner": false, "front_direction": "N", "bina_alan_m2": 161.38, "taks_kullanim": 0.3399 }, "geometry": { "type": "MultiPolygon", "coordinates": [ [ [ [ 585908.639953290927224, 4234208.229185658507049 ], [ 585916.520167476497591, 4234206.84997414983809 ], [ 585913.035104993032292, 4234186.93784417770803 ], [ 585905.16965439345222, 4234188.401408390142024 ], [ 585908.639953290927224, 4234208.229185658507049 ] ] ] ] } },
{ "type": "Feature", "properties": { "fid": 17, "uipfonksiyon": "YERLEŞİK KONUT ALANI", "nizam": "A", "yanbahce": "4", "taks": "0.4", "kaks": "1.6", "onbahce": "5.5", "katadedi": "4", "yencok": null, "emsal": null, "aream2": 477.5, "facade_front": "3", "facade_side": "0,2", "facade_back": "1", "facade_count": 1, "is_corner": false, "front_direction": "N", "bina_alan_m2": 162.75, "taks_kullanim": 0.3408 }, "geometry": { "type": "MultiPolygon", "coordinates": [ [ [ [ 585924.400381662766449, 4234205.470762641169131 ], [ 585932.28059584798757, 4234204.091551132500172 ], [ 585928.766006192658097, 4234184.010715753771365 ], [ 585920.900555593078025, 4234185.474279965274036 ], [ 585924.400381662766449, 4234205.470762641169131 ] ] ] ] } },
{ "type": "Feature", "properties": { "fid": 17, "uipfonksiyon": "YERLEŞİK KONUT ALANI", "nizam": "A", "yanbahce": "4", "taks": "0.4", "kaks": "1.6", "onbahce": "5.5", "katadedi": "4", "yencok": null, "emsal": null, "aream2": 511.85, "facade_front": "2,3,4,5", "facade_side": "", "facade_back": "0,1", "facade_count": 4, "is_corner": true, "front_direction": "coklu", "bina_alan_m2": 158.01, "taks_kullanim": 0.3087 }, "geometry": { "type": "MultiPolygon", "coordinates": [ [ [ [ 585944.083346280967817, 4234181.160540739074349 ], [ 585936.631456792820245, 4234182.547151541337371 ], [ 585940.160810034256428, 4234202.712339623831213 ], [ 585947.870551908272319, 4234201.362964534200728 ], [ 585944.083346280967817, 4234181.160540739074349 ] ] ] ] } },
{ "type": "Feature", "properties": { "fid": 17, "uipfonksiyon": "YERLEŞİK KONUT ALANI", "nizam": "A", "yanbahce": "4", "taks": "0.4", "kaks": "1.6", "onbahce": "5.5", "katadedi": "4", "yencok": null, "emsal": null, "aream2": 513.7, "facade_front": "2,3,4,5", "facade_side": "", "facade_back": "0,1", "facade_count": 4, "is_corner": true, "front_direction": "coklu", "bina_alan_m2": 161.54, "taks_kullanim": 0.3145 }, "geometry": { "type": "MultiPolygon", "coordinates": [ [ [ [ 585850.23865022091195, 4234246.769862974993885 ], [ 585858.308822783175856, 4234245.482290828600526 ], [ 585854.857665498857386, 4234225.76388040650636 ], [ 585846.9606530534802, 4234227.14603198133409 ], [ 585850.23865022091195, 4234246.769862974993885 ] ] ] ] } },
{ "type": "Feature", "properties": { "fid": 17, "uipfonksiyon": "YERLEŞİK KONUT ALANI", "nizam": "A", "yanbahce": "4", "taks": "0.4", "kaks": "1.6", "onbahce": "5.5", "katadedi": "4", "yencok": null, "emsal": null, "aream2": 475.19, "facade_front": "1", "facade_side": "0,2", "facade_back": "3", "facade_count": 1, "is_corner": false, "front_direction": "S", "bina_alan_m2": 161.59, "taks_kullanim": 0.3401 }, "geometry": { "type": "MultiPolygon", "coordinates": [ [ [ [ 585866.209800520795397, 4234244.221713215112686 ], [ 585874.110778257949278, 4234242.961135602556169 ], [ 585870.618093870463781, 4234223.005457389168441 ], [ 585862.737879684893414, 4234224.384668896906078 ], [ 585866.209800520795397, 4234244.221713215112686 ] ] ] ] } },
{ "type": "Feature", "properties": { "fid": 17, "uipfonksiyon": "YERLEŞİK KONUT ALANI", "nizam": "A", "yanbahce": "4", "taks": "0.4", "kaks": "1.6", "onbahce": "5.5", "katadedi": "4", "yencok": null, "emsal": null, "aream2": 479.04, "facade_front": "3", "facade_side": "0,2", "facade_back": "1", "facade_count": 1, "is_corner": false, "front_direction": "S", "bina_alan_m2": 163.52, "taks_kullanim": 0.3413 }, "geometry": { "type": "MultiPolygon", "coordinates": [ [ [ [ 585886.37852224195376, 4234220.247034371830523 ], [ 585878.498308056616224, 4234221.626245880499482 ], [ 585882.011755995685235, 4234241.700557989068329 ], [ 585889.9127337327227, 4234240.439980376511812 ], [ 585886.37852224195376, 4234220.247034371830523 ] ] ] ] } },
{ "type": "Feature", "properties": { "fid": 17, "uipfonksiyon": "YERLEŞİK KONUT ALANI", "nizam": "A", "yanbahce": "4", "taks": "0.4", "kaks": "1.6", "onbahce": "5.5", "katadedi": "4", "yencok": null, "emsal": null, "aream2": 481.1, "facade_front": "1,2", "facade_side": "", "facade_back": "0,3,4", "facade_count": 2, "is_corner": true, "front_direction": "S", "bina_alan_m2": 164.55, "taks_kullanim": 0.342 }, "geometry": { "type": "MultiPolygon", "coordinates": [ [ [ [ 585905.68510904093273, 4234237.749816954135895 ], [ 585902.138950613560155, 4234217.488611354492605 ], [ 585894.258736428222619, 4234218.867822862230241 ], [ 585897.804894855711609, 4234239.129028462804854 ], [ 585905.68510904093273, 4234237.749816954135895 ] ] ] ] } },
{ "type": "Feature", "properties": { "fid": 17, "uipfonksiyon": "YERLEŞİK KONUT ALANI", "nizam": "A", "yanbahce": "4", "taks": "0.4", "kaks": "1.6", "onbahce": "5.5", "katadedi": "4", "yencok": null, "emsal": null, "aream2": 481.11, "facade_front": "1", "facade_side": "0,2", "facade_back": "3", "facade_count": 1, "is_corner": false, "front_direction": "S", "bina_alan_m2": 164.55, "taks_kullanim": 0.342 }, "geometry": { "type": "MultiPolygon", "coordinates": [ [ [ [ 585913.565323227085173, 4234236.370605445466936 ], [ 585921.44553741265554, 4234234.991393936797976 ], [ 585917.89937898539938, 4234214.730188336223364 ], [ 585910.019164799712598, 4234216.109399844892323 ], [ 585913.565323227085173, 4234236.370605445466936 ] ] ] ] } },
{ "type": "Feature", "properties": { "fid": 17, "uipfonksiyon": "YERLEŞİK KONUT ALANI", "nizam": "A", "yanbahce": "4", "taks": "0.4", "kaks": "1.6", "onbahce": "5.5", "katadedi": "4", "yencok": null, "emsal": null, "aream2": 481.11, "facade_front": "1", "facade_side": "0,2", "facade_back": "3", "facade_count": 1, "is_corner": false, "front_direction": "S", "bina_alan_m2": 164.55, "taks_kullanim": 0.342 }, "geometry": { "type": "MultiPolygon", "coordinates": [ [ [ [ 585929.325751598807983, 4234233.612182427197695 ], [ 585937.205965784145519, 4234232.232970918528736 ], [ 585933.65980735688936, 4234211.971765319816768 ], [ 585925.779593171551824, 4234213.350976827554405 ], [ 585929.325751598807983, 4234233.612182427197695 ] ] ] ] } },
{ "type": "Feature", "properties": { "fid": 17, "uipfonksiyon": "YERLEŞİK KONUT ALANI", "nizam": "A", "yanbahce": "4", "taks": "0.4", "kaks": "1.6", "onbahce": "5.5", "katadedi": "4", "yencok": null, "emsal": null, "aream2": 521.69, "facade_front": "1,2,3,4", "facade_side": "", "facade_back": "0,5", "facade_count": 4, "is_corner": true, "front_direction": "coklu", "bina_alan_m2": 165.52, "taks_kullanim": 0.3173 }, "geometry": { "type": "MultiPolygon", "coordinates": [ [ [ [ 585953.122351819532923, 4234229.411499103531241 ], [ 585953.126199596794322, 4234229.398627863265574 ], [ 585949.344685565680265, 4234209.22656524926424 ], [ 585941.540021543041803, 4234210.592553810216486 ], [ 585945.086179970414378, 4234230.853759409859776 ], [ 585953.057101169484667, 4234229.458672170527279 ], [ 585953.122351819532923, 4234229.411499103531241 ] ] ] ] } },
{ "type": "Feature", "properties": { "fid": 18, "uipfonksiyon": "TİCARET - KONUT ALANI", "nizam": "A", "yanbahce": "4", "taks": "0.4", "kaks": "1.6", "onbahce": "5.5", "katadedi": "4", "yencok": null, "emsal": null, "aream2": 452.96, "facade_front": "2,3,4,5,6", "facade_side": "", "facade_back": "0,1,7,8,9,10,11,12", "facade_count": 5, "is_corner": true, "front_direction": "coklu", "bina_alan_m2": 48.76, "taks_kullanim": 0.1077 }, "geometry": { "type": "MultiPolygon", "coordinates": [ [ [ [ 586256.183849072782323, 4233970.107249445281923 ], [ 586255.220242300187238, 4233964.206579451449215 ], [ 586246.984284066944383, 4233965.792393755167723 ], [ 586248.074898033868521, 4233971.456519157625735 ], [ 586256.183849072782323, 4233970.107249445281923 ] ] ] ] } },
{ "type": "Feature", "properties": { "fid": 18, "uipfonksiyon": "TİCARET - KONUT ALANI", "nizam": "A", "yanbahce": "4", "taks": "0.4", "kaks": "1.6", "onbahce": "5.5", "katadedi": "4", "yencok": null, "emsal": null, "aream2": 489.15, "facade_front": "3,4,5,6", "facade_side": "", "facade_back": "0,1,2,7,8,9,10,11", "facade_count": 4, "is_corner": true, "front_direction": "coklu", "bina_alan_m2": 37.08, "taks_kullanim": 0.0758 }, "geometry": { "type": "MultiPolygon", "coordinates": [ [ [ [ 586236.870789109030738, 4233973.3208003398031 ], [ 586235.970967939472757, 4233967.912981762550771 ], [ 586229.128159723826684, 4233969.230548322200775 ], [ 586230.18336232798174, 4233974.433538887649775 ], [ 586236.870789109030738, 4233973.3208003398031 ] ] ] ] } },
{ "type": "Feature", "properties": { "fid": 18, "uipfonksiyon": "TİCARET - KONUT ALANI", "nizam": "A", "yanbahce": "4", "taks": "0.4", "kaks": "1.6", "onbahce": "5.5", "katadedi": "4", "yencok": null, "emsal": null, "aream2": 419.22, "facade_front": "", "facade_side": "", "facade_back": "0,1,2,3,4,5", "facade_count": 0, "is_corner": false, "front_direction": "belirsiz", "bina_alan_m2": 148.83, "taks_kullanim": 0.355 }, "geometry": { "type": "MultiPolygon", "coordinates": [ [ [ [ 586253.694210180430673, 4233956.353464582003653 ], [ 586250.068326089647599, 4233939.433061220683157 ], [ 586249.476534996065311, 4233938.833326189778745 ], [ 586248.898965274565853, 4233938.716058722697198 ], [ 586242.025625970214605, 4233940.03950396925211 ], [ 586245.471687240642495, 4233957.936691951006651 ], [ 586253.694210180430673, 4233956.353464582003653 ] ] ] ] } },
{ "type": "Feature", "properties": { "fid": 18, "uipfonksiyon": "TİCARET - KONUT ALANI", "nizam": "A", "yanbahce": "4", "taks": "0.4", "kaks": "1.6", "onbahce": "5.5", "katadedi": "4", "yencok": null, "emsal": null, "aream2": 419.61, "facade_front": "", "facade_side": "", "facade_back": "0,1,2,3", "facade_count": 0, "is_corner": false, "front_direction": "belirsiz", "bina_alan_m2": 145.81, "taks_kullanim": 0.3475 }, "geometry": { "type": "MultiPolygon", "coordinates": [ [ [ [ 586234.169924165471457, 4233941.552100796252489 ], [ 586226.314222361077555, 4233943.064697622321546 ], [ 586229.760283631505445, 4233960.961885604076087 ], [ 586237.615985435899347, 4233959.44928877800703 ], [ 586234.169924165471457, 4233941.552100796252489 ] ] ] ] } },
{ "type": "Feature", "properties": { "fid": 18, "uipfonksiyon": "TİCARET - KONUT ALANI", "nizam": "A", "yanbahce": "4", "taks": "0.4", "kaks": "1.6", "onbahce": "5.5", "katadedi": "4", "yencok": null, "emsal": null, "aream2": 418.27, "facade_front": "", "facade_side": "", "facade_back": "0,1,2,3,4,5,6,7", "facade_count": 0, "is_corner": false, "front_direction": "belirsiz", "bina_alan_m2": 74.39, "taks_kullanim": 0.1779 }, "geometry": { "type": "MultiPolygon", "coordinates": [ [ [ [ 586210.628218170953915, 4233946.221803662367165 ], [ 586214.005638526636176, 4233963.762503683567047 ], [ 586218.184773034299724, 4233963.067126492038369 ], [ 586214.602447781362571, 4233945.403405226767063 ], [ 586210.628218170953915, 4233946.221803662367165 ] ] ] ] } },
{ "type": "Feature", "properties": { "fid": 18, "uipfonksiyon": "TİCARET - KONUT ALANI", "nizam": "A", "yanbahce": "4", "taks": "0.4", "kaks": "1.6", "onbahce": "5.5", "katadedi": "4", "yencok": null, "emsal": null, "aream2": 402.49, "facade_front": "2,3,4,5", "facade_side": "", "facade_back": "0,1,6", "facade_count": 4, "is_corner": true, "front_direction": "coklu", "bina_alan_m2": 109.77, "taks_kullanim": 0.2727 }, "geometry": { "type": "MultiPolygon", "coordinates": [ [ [ [ 586197.309461230994202, 4233950.179421844892204 ], [ 586197.431682891910896, 4233952.313142040744424 ], [ 586199.890202312963083, 4233966.713299203664064 ], [ 586206.193178218090907, 4233965.499676082283258 ], [ 586202.791981112561189, 4233947.835491037927568 ], [ 586199.580670515308157, 4233948.496784376911819 ], [ 586197.309461230994202, 4233950.179421844892204 ] ] ] ] } },
{ "type": "Feature", "properties": { "fid": 18, "uipfonksiyon": "TİCARET - KONUT ALANI", "nizam": "A", "yanbahce": "4", "taks": "0.4", "kaks": "1.6", "onbahce": "5.5", "katadedi": "4", "yencok": null, "emsal": null, "aream2": 324.46, "facade_front": "1", "facade_side": "0,2", "facade_back": "3", "facade_count": 1, "is_corner": false, "front_direction": "S", "bina_alan_m2": 73.24, "taks_kullanim": 0.2257 }, "geometry": { "type": "MultiPolygon", "coordinates": [ [ [ [ 586218.705610445118509, 4233988.171901637688279 ], [ 586223.11449248669669, 4233987.374575830996037 ], [ 586219.799059113371186, 4233971.026844604872167 ], [ 586215.561476849019527, 4233971.842781060375273 ], [ 586218.705610445118509, 4233988.171901637688279 ] ] ] ] } },
{ "type": "Feature", "properties": { "fid": 18, "uipfonksiyon": "TİCARET - KONUT ALANI", "nizam": "A", "yanbahce": "4", "taks": "0.4", "kaks": "1.6", "onbahce": "5.5", "katadedi": "4", "yencok": null, "emsal": null, "aream2": 418.49, "facade_front": "2,3,4,5", "facade_side": "", "facade_back": "0,1", "facade_count": 4, "is_corner": true, "front_direction": "coklu", "bina_alan_m2": 111.57, "taks_kullanim": 0.2666 }, "geometry": { "type": "MultiPolygon", "coordinates": [ [ [ [ 586204.007608482148498, 4233990.829966915771365 ], [ 586210.832803420373239, 4233989.595662163570523 ], [ 586207.705775044392794, 4233973.35537788644433 ], [ 586201.236850972636603, 4233974.600953935645521 ], [ 586204.007608482148498, 4233990.829966915771365 ] ] ] ] } },
{ "type": "Feature", "properties": { "fid": 20, "uipfonksiyon": "TİCARET - KONUT ALANI", "nizam": "A", "yanbahce": "4", "taks": "0.4", "kaks": "1.6", "onbahce": "5.5", "katadedi": "4", "yencok": null, "emsal": null, "aream2": 578.97, "facade_front": "4,5,6", "facade_side": "", "facade_back": "0,1,2,3,7", "facade_count": 3, "is_corner": true, "front_direction": "coklu", "bina_alan_m2": 227.69, "taks_kullanim": 0.3933 }, "geometry": { "type": "MultiPolygon", "coordinates": [ [ [ [ 586263.157686625607312, 4234005.184635336510837 ], [ 586261.008723708800972, 4234002.734293176792562 ], [ 586259.510547366691753, 4234002.608453725464642 ], [ 586252.683619600720704, 4234003.890760264359415 ], [ 586257.144314471865073, 4234024.08127389382571 ], [ 586257.704654226428829, 4234026.617548572830856 ], [ 586267.500978545867838, 4234024.453244362026453 ], [ 586267.002978805452585, 4234022.243915016762912 ], [ 586263.157686625607312, 4234005.184635336510837 ] ] ] ] } },
{ "type": "Feature", "properties": { "fid": 20, "uipfonksiyon": "TİCARET - KONUT ALANI", "nizam": "A", "yanbahce": "4", "taks": "0.4", "kaks": "1.6", "onbahce": "5.5", "katadedi": "4", "yencok": null, "emsal": null, "aream2": 496.34, "facade_front": "0", "facade_side": "1,2,4,5", "facade_back": "3", "facade_count": 1, "is_corner": false, "front_direction": "N", "bina_alan_m2": 165.71, "taks_kullanim": 0.3339 }, "geometry": { "type": "MultiPolygon", "coordinates": [ [ [ [ 586242.508014450897463, 4234029.974945732392371 ], [ 586249.893026422825642, 4234028.343373320065439 ], [ 586247.873664037091658, 4234019.203101468272507 ], [ 586244.81714383570943, 4234005.36832581833005 ], [ 586238.468622800312005, 4234006.560772891156375 ], [ 586242.508014450897463, 4234029.974945732392371 ] ] ] ] } },
{ "type": "Feature", "properties": { "fid": 20, "uipfonksiyon": "TİCARET - KONUT ALANI", "nizam": "A", "yanbahce": "4", "taks": "0.4", "kaks": "1.6", "onbahce": "5.5", "katadedi": "4", "yencok": null, "emsal": null, "aream2": 579.77, "facade_front": "", "facade_side": "", "facade_back": "0,1,2,3,4,5", "facade_count": 0, "is_corner": false, "front_direction": "belirsiz", "bina_alan_m2": 231.91, "taks_kullanim": 0.4 }, "geometry": { "type": "MultiPolygon", "coordinates": [ [ [ [ 586271.733362533268519, 4234043.753050369210541 ], [ 586269.207887302618474, 4234032.549015338532627 ], [ 586259.601798216695897, 4234034.67129083443433 ], [ 586261.917615408776328, 4234045.153410757891834 ], [ 586264.661523011978716, 4234057.573203067295253 ], [ 586274.365289305336773, 4234055.429347723722458 ], [ 586271.733362533268519, 4234043.753050369210541 ] ] ] ] } },
{ "type": "Feature", "properties": { "fid": 20, "uipfonksiyon": "TİCARET - KONUT ALANI", "nizam": "A", "yanbahce": "4", "taks": "0.4", "kaks": "1.6", "onbahce": "5.5", "katadedi": "4", "yencok": null, "emsal": null, "aream2": 528.0, "facade_front": "", "facade_side": "", "facade_back": "0,1,2,3,4,5", "facade_count": 0, "is_corner": false, "front_direction": "belirsiz", "bina_alan_m2": 203.9, "taks_kullanim": 0.3862 }, "geometry": { "type": "MultiPolygon", "coordinates": [ [ [ [ 586246.445376675808802, 4234052.797709072008729 ], [ 586247.954172408906743, 4234061.543383453972638 ], [ 586256.796325411298312, 4234059.589884534478188 ], [ 586253.988561844918877, 4234046.881059969775379 ], [ 586251.618851169710979, 4234036.155001123435795 ], [ 586243.869553940370679, 4234037.867055162787437 ], [ 586246.445376675808802, 4234052.797709072008729 ] ] ] ] } },
{ "type": "Feature", "properties": { "fid": 20, "uipfonksiyon": "TİCARET - KONUT ALANI", "nizam": "A", "yanbahce": "4", "taks": "0.4", "kaks": "1.6", "onbahce": "5.5", "katadedi": "4", "yencok": null, "emsal": null, "aream2": 584.14, "facade_front": "", "facade_side": "", "facade_back": "0,1,2,3,4,5", "facade_count": 0, "is_corner": false, "front_direction": "belirsiz", "bina_alan_m2": 233.66, "taks_kullanim": 0.4 }, "geometry": { "type": "MultiPolygon", "coordinates": [ [ [ [ 586280.150411892333068, 4234081.1686175391078 ], [ 586276.23613992286846, 4234063.803315464407206 ], [ 586266.52846641256474, 4234065.948034030385315 ], [ 586268.252941983868368, 4234073.753555038012564 ], [ 586271.573301556520164, 4234088.782550999894738 ], [ 586281.37836483202409, 4234086.61631608940661 ], [ 586280.150411892333068, 4234081.1686175391078 ] ] ] ] } },
{ "type": "Feature", "properties": { "fid": 20, "uipfonksiyon": "TİCARET - KONUT ALANI", "nizam": "A", "yanbahce": "4", "taks": "0.4", "kaks": "1.6", "onbahce": "5.5", "katadedi": "4", "yencok": null, "emsal": null, "aream2": 574.5, "facade_front": "", "facade_side": "", "facade_back": "0,1,2,3,4,5,6,7", "facade_count": 0, "is_corner": false, "front_direction": "belirsiz", "bina_alan_m2": 229.8, "taks_kullanim": 0.4 }, "geometry": { "type": "MultiPolygon", "coordinates": [ [ [ [ 586263.548332647420466, 4234090.623657283373177 ], [ 586259.208138417103328, 4234070.978567606769502 ], [ 586258.476442035054788, 4234067.666678720153868 ], [ 586249.457749597961083, 4234069.659180537797511 ], [ 586252.919165666098706, 4234089.723140931688249 ], [ 586253.603524696314707, 4234092.820766016840935 ], [ 586263.548332647420466, 4234090.623657283373177 ] ] ] ] } },
{ "type": "Feature", "properties": { "fid": 20, "uipfonksiyon": "TİCARET - KONUT ALANI", "nizam": "A", "yanbahce": "4", "taks": "0.4", "kaks": "1.6", "onbahce": "5.5", "katadedi": "4", "yencok": null, "emsal": null, "aream2": 314.95, "facade_front": "1", "facade_side": "0,2", "facade_back": "3", "facade_count": 1, "is_corner": false, "front_direction": "S", "bina_alan_m2": 79.26, "taks_kullanim": 0.2517 }, "geometry": { "type": "MultiPolygon", "coordinates": [ [ [ [ 586274.863680378650315, 4234104.28471958450973 ], [ 586285.041098467539996, 4234102.26834848895669 ], [ 586283.333252298063599, 4234094.691648437641561 ], [ 586273.237076950725168, 4234096.92219880502671 ], [ 586274.863680378650315, 4234104.28471958450973 ] ] ] ] } },
{ "type": "Feature", "properties": { "fid": 20, "uipfonksiyon": "TİCARET - KONUT ALANI", "nizam": "A", "yanbahce": "4", "taks": "0.4", "kaks": "1.6", "onbahce": "5.5", "katadedi": "4", "yencok": null, "emsal": null, "aream2": 308.2, "facade_front": "3", "facade_side": "0,2", "facade_back": "1", "facade_count": 1, "is_corner": false, "front_direction": "S", "bina_alan_m2": 75.39, "taks_kullanim": 0.2446 }, "geometry": { "type": "MultiPolygon", "coordinates": [ [ [ [ 586265.425449147238396, 4234098.648023552261293 ], [ 586255.273616046062671, 4234100.890870400704443 ], [ 586256.81349728081841, 4234107.860859147273004 ], [ 586267.014340382651426, 4234105.839847039431334 ], [ 586265.425449147238396, 4234098.648023552261293 ] ] ] ] } },
{ "type": "Feature", "properties": { "fid": 21, "uipfonksiyon": "YERLEŞİK KONUT ALANI", "nizam": "A", "yanbahce": "4", "taks": "0.4", "kaks": "1.6", "onbahce": "5.5", "katadedi": "4", "yencok": null, "emsal": null, "aream2": 515.78, "facade_front": "0,1,2,3,4", "facade_side": "", "facade_back": "5,6,7", "facade_count": 5, "is_corner": true, "front_direction": "coklu", "bina_alan_m2": 156.3, "taks_kullanim": 0.303 }, "geometry": { "type": "MultiPolygon", "coordinates": [ [ [ [ 586247.278595932526514, 4234101.786603639833629 ], [ 586236.338616646826267, 4234103.784108925610781 ], [ 586226.081168761942536, 4234105.656992397271097 ], [ 586227.376561078475788, 4234112.378404046408832 ], [ 586248.918561983737163, 4234109.209607871249318 ], [ 586247.278595932526514, 4234101.786603639833629 ] ] ] ] } },
{ "type": "Feature", "properties": { "fid": 21, "uipfonksiyon": "YERLEŞİK KONUT ALANI", "nizam": "A", "yanbahce": "4", "taks": "0.4", "kaks": "1.6", "onbahce": "5.5", "katadedi": "4", "yencok": null, "emsal": null, "aream2": 496.58, "facade_front": "0", "facade_side": "1,2,4,5,6", "facade_back": "3", "facade_count": 1, "is_corner": false, "front_direction": "E", "bina_alan_m2": 169.79, "taks_kullanim": 0.3419 }, "geometry": { "type": "MultiPolygon", "coordinates": [ [ [ [ 586245.551599443773739, 4234093.969672164879739 ], [ 586243.824602954438888, 4234086.152740688994527 ], [ 586237.125650605536066, 4234087.375886764377356 ], [ 586223.053124429425225, 4234089.945356477051973 ], [ 586224.567146595800295, 4234097.801174437627196 ], [ 586239.093688240740448, 4234095.148807100020349 ], [ 586245.551599443773739, 4234093.969672164879739 ] ] ] ] } },
{ "type": "Feature", "properties": { "fid": 21, "uipfonksiyon": "YERLEŞİK KONUT ALANI", "nizam": "A", "yanbahce": "4", "taks": "0.4", "kaks": "1.6", "onbahce": "5.5", "katadedi": "4", "yencok": null, "emsal": null, "aream2": 500.11, "facade_front": "0", "facade_side": "1,2,4,5", "facade_back": "3", "facade_count": 1, "is_corner": false, "front_direction": "E", "bina_alan_m2": 174.05, "taks_kullanim": 0.348 }, "geometry": { "type": "MultiPolygon", "coordinates": [ [ [ [ 586242.887227813364007, 4234078.191634095273912 ], [ 586241.481830679695122, 4234070.315982542932034 ], [ 586227.580753253307194, 4234072.854147829115391 ], [ 586220.025080097373575, 4234074.233720557764173 ], [ 586221.539102263515815, 4234082.089538517408073 ], [ 586242.887227813364007, 4234078.191634095273912 ] ] ] ] } },
{ "type": "Feature", "properties": { "fid": 21, "uipfonksiyon": "YERLEŞİK KONUT ALANI", "nizam": "A", "yanbahce": "4", "taks": "0.4", "kaks": "1.6", "onbahce": "5.5", "katadedi": "4", "yencok": null, "emsal": null, "aream2": 503.64, "facade_front": "0", "facade_side": "1,2,4,5", "facade_back": "3", "facade_count": 1, "is_corner": false, "front_direction": "E", "bina_alan_m2": 175.82, "taks_kullanim": 0.3491 }, "geometry": { "type": "MultiPolygon", "coordinates": [ [ [ [ 586222.430507123353891, 4234065.662259517237544 ], [ 586240.076433546026237, 4234062.4403309924528 ], [ 586238.671036412473768, 4234054.564679441973567 ], [ 586219.578482981305569, 4234058.05074421595782 ], [ 586216.997035765321925, 4234058.522084638476372 ], [ 586218.51105793134775, 4234066.377902598120272 ], [ 586222.430507123353891, 4234065.662259517237544 ] ] ] ] } },
{ "type": "Feature", "properties": { "fid": 21, "uipfonksiyon": "YERLEŞİK KONUT ALANI", "nizam": "A", "yanbahce": "4", "taks": "0.4", "kaks": "1.6", "onbahce": "5.5", "katadedi": "4", "yencok": null, "emsal": null, "aream2": 507.68, "facade_front": "0", "facade_side": "1,2,4,5,6", "facade_back": "3", "facade_count": 1, "is_corner": false, "front_direction": "E", "bina_alan_m2": 177.58, "taks_kullanim": 0.3498 }, "geometry": { "type": "MultiPolygon", "coordinates": [ [ [ [ 586237.265639278804883, 4234046.689027891494334 ], [ 586235.860242145252414, 4234038.8133763410151 ], [ 586225.050970597425476, 4234040.787016006186604 ], [ 586213.96899143315386, 4234042.810448719188571 ], [ 586215.483013599179685, 4234050.666266678832471 ], [ 586225.302127598552033, 4234048.873417569324374 ], [ 586237.265639278804883, 4234046.689027891494334 ] ] ] ] } },
{ "type": "Feature", "properties": { "fid": 21, "uipfonksiyon": "YERLEŞİK KONUT ALANI", "nizam": "A", "yanbahce": "4", "taks": "0.4", "kaks": "1.6", "onbahce": "5.5", "katadedi": "4", "yencok": null, "emsal": null, "aream2": 529.77, "facade_front": "2,3,4,5,6", "facade_side": "", "facade_back": "0,1,7", "facade_count": 5, "is_corner": true, "front_direction": "coklu", "bina_alan_m2": 156.43, "taks_kullanim": 0.2953 }, "geometry": { "type": "MultiPolygon", "coordinates": [ [ [ [ 586207.964191534207202, 4234011.653299274854362 ], [ 586208.192727755056694, 4234012.839106846600771 ], [ 586212.454969267244451, 4234034.954630759544671 ], [ 586218.842973993858323, 4234033.788259884342551 ], [ 586217.926580961211585, 4234028.769339103251696 ], [ 586214.602773698396049, 4234010.565441047772765 ], [ 586207.964191534207202, 4234011.653299274854362 ] ] ] ] } },
{ "type": "Feature", "properties": { "fid": 21, "uipfonksiyon": "YERLEŞİK KONUT ALANI", "nizam": "A", "yanbahce": "4", "taks": "0.4", "kaks": "1.6", "onbahce": "5.5", "katadedi": "4", "yencok": null, "emsal": null, "aream2": 529.2, "facade_front": "2", "facade_side": "0,1,3,4", "facade_back": "5", "facade_count": 1, "is_corner": false, "front_direction": "N", "bina_alan_m2": 189.05, "taks_kullanim": 0.3572 }, "geometry": { "type": "MultiPolygon", "coordinates": [ [ [ [ 586230.589376139920205, 4234007.945731512270868 ], [ 586222.498781180940568, 4234009.271529713645577 ], [ 586226.712865278008394, 4234032.351314801722765 ], [ 586234.552846719045192, 4234030.919830887578428 ], [ 586232.460931791225448, 4234018.794129313901067 ], [ 586230.589376139920205, 4234007.945731512270868 ] ] ] ] } },
{ "type": "Feature", "properties": { "fid": 23, "uipfonksiyon": "YERLEŞİK KONUT ALANI", "nizam": "A", "yanbahce": "4", "taks": "0.4", "kaks": "1.6", "onbahce": "5.5", "katadedi": "4", "yencok": null, "emsal": null, "aream2": 640.88, "facade_front": "2,3,4,5,6", "facade_side": "", "facade_back": "0,1", "facade_count": 5, "is_corner": true, "front_direction": "coklu", "bina_alan_m2": 241.45, "taks_kullanim": 0.3767 }, "geometry": { "type": "MultiPolygon", "coordinates": [ [ [ [ 586100.062689646263607, 4234155.330110769718885 ], [ 586101.715288821957074, 4234166.285404932685196 ], [ 586103.458215406164527, 4234175.819046212360263 ], [ 586114.889270507032052, 4234173.821765758097172 ], [ 586111.294489961233921, 4234153.247722484171391 ], [ 586100.062689646263607, 4234155.330110769718885 ] ] ] ] } },
{ "type": "Feature", "properties": { "fid": 23, "uipfonksiyon": "YERLEŞİK KONUT ALANI", "nizam": "A", "yanbahce": "4", "taks": "0.4", "kaks": "1.6", "onbahce": "5.5", "katadedi": "4", "yencok": null, "emsal": null, "aream2": 660.61, "facade_front": "1,2,3,4,5,6", "facade_side": "", "facade_back": "0,7", "facade_count": 6, "is_corner": true, "front_direction": "coklu", "bina_alan_m2": 258.06, "taks_kullanim": 0.3906 }, "geometry": { "type": "MultiPolygon", "coordinates": [ [ [ [ 586117.423891466343775, 4234202.760439322330058 ], [ 586119.868059598375112, 4234202.316918913275003 ], [ 586116.266203217674047, 4234181.702378444373608 ], [ 586104.354876512777992, 4234183.783573906868696 ], [ 586106.202496194047853, 4234196.031684283167124 ], [ 586107.55772280995734, 4234204.499092820100486 ], [ 586117.423891466343775, 4234202.760439322330058 ] ] ] ] } },
{ "type": "Feature", "properties": { "fid": 23, "uipfonksiyon": "YERLEŞİK KONUT ALANI", "nizam": "A", "yanbahce": "4", "taks": "0.4", "kaks": "1.6", "onbahce": "5.5", "katadedi": "4", "yencok": null, "emsal": null, "aream2": 487.49, "facade_front": "2,3", "facade_side": "", "facade_back": "0,1,4", "facade_count": 2, "is_corner": true, "front_direction": "N", "bina_alan_m2": 167.97, "taks_kullanim": 0.3446 }, "geometry": { "type": "MultiPolygon", "coordinates": [ [ [ [ 586127.041133005172014, 4234150.410397876985371 ], [ 586124.457399071310647, 4234150.807304477319121 ], [ 586119.160862374701537, 4234151.789288278669119 ], [ 586122.769883193308488, 4234172.444833047688007 ], [ 586130.650495879468508, 4234171.06790033634752 ], [ 586127.041133005172014, 4234150.410397876985371 ] ] ] ] } },
{ "type": "Feature", "properties": { "fid": 23, "uipfonksiyon": "YERLEŞİK KONUT ALANI", "nizam": "A", "yanbahce": "4", "taks": "0.4", "kaks": "1.6", "onbahce": "5.5", "katadedi": "4", "yencok": null, "emsal": null, "aream2": 486.75, "facade_front": "2", "facade_side": "1,3", "facade_back": "0", "facade_count": 1, "is_corner": false, "front_direction": "S", "bina_alan_m2": 167.38, "taks_kullanim": 0.3439 }, "geometry": { "type": "MultiPolygon", "coordinates": [ [ [ [ 586124.146815903950483, 4234180.325445733964443 ], [ 586127.748838612227701, 4234200.940938147716224 ], [ 586135.627447984763421, 4234199.552539852447808 ], [ 586132.027428590110503, 4234178.948513022623956 ], [ 586124.146815903950483, 4234180.325445733964443 ] ] ] ] } },
{ "type": "Feature", "properties": { "fid": 23, "uipfonksiyon": "YERLEŞİK KONUT ALANI", "nizam": "A", "yanbahce": "4", "taks": "0.4", "kaks": "1.6", "onbahce": "5.5", "katadedi": "4", "yencok": null, "emsal": null, "aream2": 483.6, "facade_front": "2", "facade_side": "1,3", "facade_back": "0", "facade_count": 1, "is_corner": false, "front_direction": "N", "bina_alan_m2": 165.79, "taks_kullanim": 0.3428 }, "geometry": { "type": "MultiPolygon", "coordinates": [ [ [ [ 586146.41172125202138, 4234168.314034915529191 ], [ 586142.858963855425827, 4234147.980503149330616 ], [ 586134.950048430240713, 4234149.195450513623655 ], [ 586138.531108565744944, 4234169.690967625938356 ], [ 586146.41172125202138, 4234168.314034915529191 ] ] ] ] } },
{ "type": "Feature", "properties": { "fid": 23, "uipfonksiyon": "YERLEŞİK KONUT ALANI", "nizam": "A", "yanbahce": "4", "taks": "0.4", "kaks": "1.6", "onbahce": "5.5", "katadedi": "4", "yencok": null, "emsal": null, "aream2": 486.65, "facade_front": "2,3", "facade_side": "", "facade_back": "0,1,4", "facade_count": 2, "is_corner": true, "front_direction": "S", "bina_alan_m2": 167.19, "taks_kullanim": 0.3436 }, "geometry": { "type": "MultiPolygon", "coordinates": [ [ [ [ 586143.505770074436441, 4234198.162497348152101 ], [ 586143.91966393252369, 4234198.091254245489836 ], [ 586151.384666730300523, 4234196.77574326377362 ], [ 586147.788653962663375, 4234176.194647601805627 ], [ 586139.908041276386939, 4234177.571580312214792 ], [ 586143.505770074436441, 4234198.162497348152101 ] ] ] ] } },
{ "type": "Feature", "properties": { "fid": 23, "uipfonksiyon": "YERLEŞİK KONUT ALANI", "nizam": "A", "yanbahce": "4", "taks": "0.4", "kaks": "1.6", "onbahce": "5.5", "katadedi": "4", "yencok": null, "emsal": null, "aream2": 478.34, "facade_front": "2,3", "facade_side": "", "facade_back": "0,1,4", "facade_count": 2, "is_corner": true, "front_direction": "N", "bina_alan_m2": 162.89, "taks_kullanim": 0.3405 }, "geometry": { "type": "MultiPolygon", "coordinates": [ [ [ [ 586158.679334305925295, 4234145.565143342129886 ], [ 586150.776970971492119, 4234146.817590351216495 ], [ 586154.292333938297816, 4234166.937102205120027 ], [ 586162.172946624457836, 4234165.560169494710863 ], [ 586158.679334305925295, 4234145.565143342129886 ] ] ] ] } },
{ "type": "Feature", "properties": { "fid": 23, "uipfonksiyon": "YERLEŞİK KONUT ALANI", "nizam": "A", "yanbahce": "4", "taks": "0.4", "kaks": "1.6", "onbahce": "5.5", "katadedi": "4", "yencok": null, "emsal": null, "aream2": 487.25, "facade_front": "2", "facade_side": "1,3", "facade_back": "0", "facade_count": 1, "is_corner": false, "front_direction": "S", "bina_alan_m2": 167.63, "taks_kullanim": 0.344 }, "geometry": { "type": "MultiPolygon", "coordinates": [ [ [ [ 586155.669266648939811, 4234174.817714891396463 ], [ 586159.273933476535603, 4234195.448340420611203 ], [ 586167.158015177468769, 4234194.091261955909431 ], [ 586163.549879335099831, 4234173.440782180987298 ], [ 586155.669266648939811, 4234174.817714891396463 ] ] ] ] } },
{ "type": "Feature", "properties": { "fid": 23, "uipfonksiyon": "YERLEŞİK KONUT ALANI", "nizam": "A", "yanbahce": "4", "taks": "0.4", "kaks": "1.6", "onbahce": "5.5", "katadedi": "4", "yencok": null, "emsal": null, "aream2": 473.75, "facade_front": "1", "facade_side": "0,2", "facade_back": "3", "facade_count": 1, "is_corner": false, "front_direction": "N", "bina_alan_m2": 160.87, "taks_kullanim": 0.3396 }, "geometry": { "type": "MultiPolygon", "coordinates": [ [ [ [ 586174.484060974908061, 4234143.060249324887991 ], [ 586166.58169764035847, 4234144.312696333043277 ], [ 586170.053559310734272, 4234164.183236784301698 ], [ 586177.934171997010708, 4234162.806304072961211 ], [ 586174.484060974908061, 4234143.060249324887991 ] ] ] ] } },
{ "type": "Feature", "properties": { "fid": 23, "uipfonksiyon": "YERLEŞİK KONUT ALANI", "nizam": "A", "yanbahce": "4", "taks": "0.4", "kaks": "1.6", "onbahce": "5.5", "katadedi": "4", "yencok": null, "emsal": null, "aream2": 466.64, "facade_front": "5", "facade_side": "0,2,3,4", "facade_back": "1", "facade_count": 1, "is_corner": false, "front_direction": "N", "bina_alan_m2": 150.23, "taks_kullanim": 0.3219 }, "geometry": { "type": "MultiPolygon", "coordinates": [ [ [ [ 586193.146228095982224, 4234156.909372683614492 ], [ 586190.288787643890828, 4234140.555355307646096 ], [ 586182.386424309457652, 4234141.807802315801382 ], [ 586185.69643553160131, 4234160.752022485248744 ], [ 586190.908353287144564, 4234159.915178530849516 ], [ 586193.146228095982224, 4234156.909372683614492 ] ] ] ] } },
{ "type": "Feature", "properties": { "fid": 23, "uipfonksiyon": "YERLEŞİK KONUT ALANI", "nizam": "A", "yanbahce": "4", "taks": "0.4", "kaks": "1.6", "onbahce": "5.5", "katadedi": "4", "yencok": null, "emsal": null, "aream2": 487.9, "facade_front": "3", "facade_side": "0,2", "facade_back": "1", "facade_count": 1, "is_corner": false, "front_direction": "S", "bina_alan_m2": 167.95, "taks_kullanim": 0.3442 }, "geometry": { "type": "MultiPolygon", "coordinates": [ [ [ [ 586179.311104707652703, 4234170.686916759237647 ], [ 586171.430492021376267, 4234172.063849470578134 ], [ 586175.04209687851835, 4234192.734183491207659 ], [ 586182.926178579335101, 4234191.37710502743721 ], [ 586179.311104707652703, 4234170.686916759237647 ] ] ] ] } },
{ "type": "Feature", "properties": { "fid": 23, "uipfonksiyon": "YERLEŞİK KONUT ALANI", "nizam": "A", "yanbahce": "4", "taks": "0.4", "kaks": "1.6", "onbahce": "5.5", "katadedi": "4", "yencok": null, "emsal": null, "aream2": 271.48, "facade_front": "1,2", "facade_side": "", "facade_back": "0,3,4,5,6", "facade_count": 2, "is_corner": true, "front_direction": "coklu", "bina_alan_m2": 13.07, "taks_kullanim": 0.0481 }, "geometry": { "type": "MultiPolygon", "coordinates": [ [ [ [ 586189.5244855012279, 4234175.170178404077888 ], [ 586188.46441319026053, 4234176.594016565941274 ], [ 586190.780501793138683, 4234189.849709516391158 ], [ 586191.352886679815128, 4234189.539848164655268 ], [ 586189.5244855012279, 4234175.170178404077888 ] ] ] ] } },
{ "type": "Feature", "properties": { "fid": 23, "uipfonksiyon": "YERLEŞİK KONUT ALANI", "nizam": "A", "yanbahce": "4", "taks": "0.4", "kaks": "1.6", "onbahce": "5.5", "katadedi": "4", "yencok": null, "emsal": null, "aream2": 620.5, "facade_front": "2,3,4,5,6,7", "facade_side": "", "facade_back": "0,1", "facade_count": 6, "is_corner": true, "front_direction": "coklu", "bina_alan_m2": 235.53, "taks_kullanim": 0.3796 }, "geometry": { "type": "MultiPolygon", "coordinates": [ [ [ [ 586213.602108208346181, 4234154.78736149892211 ], [ 586210.490644602105021, 4234137.353559306822717 ], [ 586198.191150978440419, 4234139.302908298559487 ], [ 586201.495592942344956, 4234158.215253876522183 ], [ 586208.416223763837479, 4234157.104052907787263 ], [ 586213.602108208346181, 4234154.78736149892211 ] ] ] ] } },
{ "type": "Feature", "properties": { "fid": 24, "uipfonksiyon": "TİCARET - KONUT ALANI", "nizam": "A", "yanbahce": "4", "taks": "0.4", "kaks": "1.6", "onbahce": "5.5", "katadedi": "4", "yencok": null, "emsal": null, "aream2": 367.91, "facade_front": "3", "facade_side": "0,2", "facade_back": "1", "facade_count": 1, "is_corner": false, "front_direction": "N", "bina_alan_m2": 109.17, "taks_kullanim": 0.2967 }, "geometry": { "type": "MultiPolygon", "coordinates": [ [ [ [ 586283.040686456137337, 4234137.932393618859351 ], [ 586291.758214566158131, 4234136.215822744183242 ], [ 586289.434564874274656, 4234124.264301818795502 ], [ 586280.653087696293369, 4234125.807080526836216 ], [ 586283.040686456137337, 4234137.932393618859351 ] ] ] ] } },
{ "type": "Feature", "properties": { "fid": 24, "uipfonksiyon": "TİCARET - KONUT ALANI", "nizam": "A", "yanbahce": "4", "taks": "0.4", "kaks": "1.6", "onbahce": "5.5", "katadedi": "4", "yencok": null, "emsal": null, "aream2": 368.38, "facade_front": "1", "facade_side": "0,2", "facade_back": "3", "facade_count": 1, "is_corner": false, "front_direction": "N", "bina_alan_m2": 108.95, "taks_kullanim": 0.2958 }, "geometry": { "type": "MultiPolygon", "coordinates": [ [ [ [ 586272.772105018957518, 4234127.19165535736829 ], [ 586264.11113242409192, 4234128.713263150304556 ], [ 586266.864628080511466, 4234141.117625754326582 ], [ 586275.191411848296411, 4234139.477996456436813 ], [ 586272.772105018957518, 4234127.19165535736829 ] ] ] ] } },
{ "type": "Feature", "properties": { "fid": 24, "uipfonksiyon": "TİCARET - KONUT ALANI", "nizam": "A", "yanbahce": "4", "taks": "0.4", "kaks": "1.6", "onbahce": "5.5", "katadedi": "4", "yencok": null, "emsal": null, "aream2": 538.78, "facade_front": "", "facade_side": "", "facade_back": "0,1,2,3,4,5", "facade_count": 0, "is_corner": false, "front_direction": "belirsiz", "bina_alan_m2": 212.09, "taks_kullanim": 0.3936 }, "geometry": { "type": "MultiPolygon", "coordinates": [ [ [ [ 586293.285013407468796, 4234144.068800051696599 ], [ 586284.586289293481968, 4234145.781668226234615 ], [ 586289.223097805865109, 4234169.329492050223053 ], [ 586297.865409931866452, 4234167.627731976099312 ], [ 586293.285013407468796, 4234144.068800051696599 ] ] ] ] } },
{ "type": "Feature", "properties": { "fid": 24, "uipfonksiyon": "TİCARET - KONUT ALANI", "nizam": "A", "yanbahce": "4", "taks": "0.4", "kaks": "1.6", "onbahce": "5.5", "katadedi": "4", "yencok": null, "emsal": null, "aream2": 512.24, "facade_front": "", "facade_side": "", "facade_back": "0,1,2,3,4,5", "facade_count": 0, "is_corner": false, "front_direction": "belirsiz", "bina_alan_m2": 192.15, "taks_kullanim": 0.3751 }, "geometry": { "type": "MultiPolygon", "coordinates": [ [ [ [ 586273.801132130436599, 4234172.366235583089292 ], [ 586281.373823197907768, 4234170.875094887800515 ], [ 586279.065385641995817, 4234159.151798414997756 ], [ 586276.737014685641043, 4234147.327271063812077 ], [ 586268.598754092934541, 4234148.92977821175009 ], [ 586273.801132130436599, 4234172.366235583089292 ] ] ] ] } },
{ "type": "Feature", "properties": { "fid": 24, "uipfonksiyon": "TİCARET - KONUT ALANI", "nizam": "A", "yanbahce": "4", "taks": "0.4", "kaks": "1.6", "onbahce": "5.5", "katadedi": "4", "yencok": null, "emsal": null, "aream2": 536.33, "facade_front": "", "facade_side": "", "facade_back": "0,1,2,3,4,5", "facade_count": 0, "is_corner": false, "front_direction": "belirsiz", "bina_alan_m2": 210.25, "taks_kullanim": 0.392 }, "geometry": { "type": "MultiPolygon", "coordinates": [ [ [ [ 586301.603628956829198, 4234186.854986005462706 ], [ 586299.392208772944286, 4234175.480709283612669 ], [ 586290.768700643093325, 4234177.178766657598317 ], [ 586293.0970715994481, 4234189.003294008783996 ], [ 586295.40550915536005, 4234200.726590481586754 ], [ 586303.972605297225527, 4234199.03964120708406 ], [ 586301.603628956829198, 4234186.854986005462706 ] ] ] ] } },
{ "type": "Feature", "properties": { "fid": 24, "uipfonksiyon": "TİCARET - KONUT ALANI", "nizam": "A", "yanbahce": "4", "taks": "0.4", "kaks": "1.6", "onbahce": "5.5", "katadedi": "4", "yencok": null, "emsal": null, "aream2": 487.64, "facade_front": "", "facade_side": "", "facade_back": "0,1,2,3,4,5", "facade_count": 0, "is_corner": false, "front_direction": "belirsiz", "bina_alan_m2": 173.71, "taks_kullanim": 0.3562 }, "geometry": { "type": "MultiPolygon", "coordinates": [ [ [ [ 586280.737636180245318, 4234203.614845411852002 ], [ 586287.556234547519125, 4234202.272193319164217 ], [ 586285.247796991607174, 4234190.548896846361458 ], [ 586282.9194260352524, 4234178.724369495175779 ], [ 586275.53525814274326, 4234180.1783880405128 ], [ 586280.737636180245318, 4234203.614845411852002 ] ] ] ] } },
{ "type": "Feature", "properties": { "fid": 24, "uipfonksiyon": "TİCARET - KONUT ALANI", "nizam": "A", "yanbahce": "4", "taks": "0.4", "kaks": "1.6", "onbahce": "5.5", "katadedi": "4", "yencok": null, "emsal": null, "aream2": 635.41, "facade_front": "1,2,3", "facade_side": "", "facade_back": "0,4,5,6,7,8", "facade_count": 3, "is_corner": true, "front_direction": "coklu", "bina_alan_m2": 244.67, "taks_kullanim": 0.3851 }, "geometry": { "type": "MultiPolygon", "coordinates": [ [ [ [ 586310.931193994940259, 4234234.830629289150238 ], [ 586306.988576733390801, 4234214.552067995071411 ], [ 586305.407059917924926, 4234206.910802040249109 ], [ 586296.951111992937513, 4234208.575865088962018 ], [ 586299.618563833413646, 4234222.122399484738708 ], [ 586302.337987696868367, 4234235.932871465571225 ], [ 586310.15894819307141, 4234235.049506154842675 ], [ 586310.876619300921448, 4234234.922531445510685 ], [ 586310.931193994940259, 4234234.830629289150238 ] ] ] ] } },
{ "type": "Feature", "properties": { "fid": 24, "uipfonksiyon": "TİCARET - KONUT ALANI", "nizam": "A", "yanbahce": "4", "taks": "0.4", "kaks": "1.6", "onbahce": "5.5", "katadedi": "4", "yencok": null, "emsal": null, "aream2": 542.45, "facade_front": "3", "facade_side": "1,2,4,5", "facade_back": "0", "facade_count": 1, "is_corner": false, "front_direction": "S", "bina_alan_m2": 180.78, "taks_kullanim": 0.3333 }, "geometry": { "type": "MultiPolygon", "coordinates": [ [ [ [ 586282.716624294407666, 4234212.530089603736997 ], [ 586288.563569643418305, 4234238.870291033759713 ], [ 586294.554075530846603, 4234237.810414530336857 ], [ 586290.645169692463242, 4234217.959211749956012 ], [ 586289.101837384863757, 4234210.121467926539481 ], [ 586282.471762192551978, 4234211.42699786927551 ], [ 586282.716624294407666, 4234212.530089603736997 ] ] ] ] } },
{ "type": "Feature", "properties": { "fid": 25, "uipfonksiyon": "YERLEŞİK KONUT ALANI", "nizam": "A", "yanbahce": "4", "taks": "0.4", "kaks": "1.6", "onbahce": "5.5", "katadedi": "4", "yencok": null, "emsal": null, "aream2": 413.48, "facade_front": "1,2,3,4", "facade_side": "", "facade_back": "0,5", "facade_count": 4, "is_corner": true, "front_direction": "coklu", "bina_alan_m2": 119.06, "taks_kullanim": 0.2879 }, "geometry": { "type": "MultiPolygon", "coordinates": [ [ [ [ 586252.862446657964028, 4234245.213398428633809 ], [ 586254.831809481722303, 4234245.132342372089624 ], [ 586262.209838053560816, 4234243.754662214778364 ], [ 586259.820084356819279, 4234231.334697009064257 ], [ 586250.535743551561609, 4234233.121118097566068 ], [ 586252.862446657964028, 4234245.213398428633809 ] ] ] ] } },
{ "type": "Feature", "properties": { "fid": 25, "uipfonksiyon": "YERLEŞİK KONUT ALANI", "nizam": "A", "yanbahce": "4", "taks": "0.4", "kaks": "1.6", "onbahce": "5.5", "katadedi": "4", "yencok": null, "emsal": null, "aream2": 303.27, "facade_front": "3", "facade_side": "0,2", "facade_back": "1", "facade_count": 1, "is_corner": false, "front_direction": "E", "bina_alan_m2": 75.64, "taks_kullanim": 0.2494 }, "geometry": { "type": "MultiPolygon", "coordinates": [ [ [ [ 586258.308512963936664, 4234223.478797828778625 ], [ 586256.796941571054049, 4234215.622898648492992 ], [ 586247.512600765796378, 4234217.409319736994803 ], [ 586249.024172158678994, 4234225.265218917280436 ], [ 586258.308512963936664, 4234223.478797828778625 ] ] ] ] } },
{ "type": "Feature", "properties": { "fid": 25, "uipfonksiyon": "YERLEŞİK KONUT ALANI", "nizam": "A", "yanbahce": "4", "taks": "0.4", "kaks": "1.6", "onbahce": "5.5", "katadedi": "4", "yencok": null, "emsal": null, "aream2": 303.27, "facade_front": "3", "facade_side": "0,2", "facade_back": "1", "facade_count": 1, "is_corner": false, "front_direction": "E", "bina_alan_m2": 75.64, "taks_kullanim": 0.2494 }, "geometry": { "type": "MultiPolygon", "coordinates": [ [ [ [ 586255.285370178171434, 4234207.766999469138682 ], [ 586253.773798785172403, 4234199.911100288853049 ], [ 586244.489457979914732, 4234201.69752137735486 ], [ 586246.001029372913763, 4234209.553420557640493 ], [ 586255.285370178171434, 4234207.766999469138682 ] ] ] ] } },
{ "type": "Feature", "properties": { "fid": 25, "uipfonksiyon": "YERLEŞİK KONUT ALANI", "nizam": "A", "yanbahce": "4", "taks": "0.4", "kaks": "1.6", "onbahce": "5.5", "katadedi": "4", "yencok": null, "emsal": null, "aream2": 303.27, "facade_front": "3", "facade_side": "0,2", "facade_back": "1", "facade_count": 1, "is_corner": false, "front_direction": "E", "bina_alan_m2": 75.64, "taks_kullanim": 0.2494 }, "geometry": { "type": "MultiPolygon", "coordinates": [ [ [ [ 586252.262227392289788, 4234192.055201109498739 ], [ 586250.750655999407172, 4234184.199301929213107 ], [ 586241.466315194149502, 4234185.985723017714918 ], [ 586242.977886587032117, 4234193.84162219800055 ], [ 586252.262227392289788, 4234192.055201109498739 ] ] ] ] } },
{ "type": "Feature", "properties": { "fid": 25, "uipfonksiyon": "YERLEŞİK KONUT ALANI", "nizam": "A", "yanbahce": "4", "taks": "0.4", "kaks": "1.6", "onbahce": "5.5", "katadedi": "4", "yencok": null, "emsal": null, "aream2": 303.27, "facade_front": "3", "facade_side": "0,2", "facade_back": "1", "facade_count": 1, "is_corner": false, "front_direction": "E", "bina_alan_m2": 75.64, "taks_kullanim": 0.2494 }, "geometry": { "type": "MultiPolygon", "coordinates": [ [ [ [ 586249.239084606524557, 4234176.343402749858797 ], [ 586247.727513213641942, 4234168.487503569573164 ], [ 586238.443172408267856, 4234170.273924658074975 ], [ 586239.954743801266886, 4234178.129823838360608 ], [ 586249.239084606524557, 4234176.343402749858797 ] ] ] ] } },
{ "type": "Feature", "properties": { "fid": 25, "uipfonksiyon": "YERLEŞİK KONUT ALANI", "nizam": "A", "yanbahce": "4", "taks": "0.4", "kaks": "1.6", "onbahce": "5.5", "katadedi": "4", "yencok": null, "emsal": null, "aream2": 303.27, "facade_front": "3", "facade_side": "0,2", "facade_back": "1", "facade_count": 1, "is_corner": false, "front_direction": "E", "bina_alan_m2": 75.64, "taks_kullanim": 0.2494 }, "geometry": { "type": "MultiPolygon", "coordinates": [ [ [ [ 586246.215941820759326, 4234160.631604390218854 ], [ 586244.704370427876711, 4234152.775705209933221 ], [ 586235.420029622502625, 4234154.562126298435032 ], [ 586236.93160101538524, 4234162.418025478720665 ], [ 586246.215941820759326, 4234160.631604390218854 ] ] ] ] } },
{ "type": "Feature", "properties": { "fid": 25, "uipfonksiyon": "YERLEŞİK KONUT ALANI", "nizam": "A", "yanbahce": "4", "taks": "0.4", "kaks": "1.6", "onbahce": "5.5", "katadedi": "4", "yencok": null, "emsal": null, "aream2": 413.33, "facade_front": "2,3,4,5", "facade_side": "", "facade_back": "0,1", "facade_count": 4, "is_corner": true, "front_direction": "coklu", "bina_alan_m2": 119.74, "taks_kullanim": 0.2897 }, "geometry": { "type": "MultiPolygon", "coordinates": [ [ [ [ 586235.288113418850116, 4234133.438319125212729 ], [ 586231.625616000266746, 4234134.408213803544641 ], [ 586231.567584365839139, 4234134.54029889870435 ], [ 586233.90845822962001, 4234146.706227119080722 ], [ 586243.192799034994096, 4234144.919806030578911 ], [ 586240.811538787209429, 4234132.54398275539279 ], [ 586235.288113418850116, 4234133.438319125212729 ] ] ] ] } },
{ "type": "Feature", "properties": { "fid": 25, "uipfonksiyon": "YERLEŞİK KONUT ALANI", "nizam": "A", "yanbahce": "4", "taks": "0.4", "kaks": "1.6", "onbahce": "5.5", "katadedi": "4", "yencok": null, "emsal": null, "aream2": 414.17, "facade_front": "2", "facade_side": "1,3", "facade_back": "0", "facade_count": 1, "is_corner": false, "front_direction": "S", "bina_alan_m2": 135.04, "taks_kullanim": 0.326 }, "geometry": { "type": "MultiPolygon", "coordinates": [ [ [ [ 586267.67598353640642, 4234229.823125615715981 ], [ 586270.074032276985236, 4234242.286201605573297 ], [ 586280.687190815224312, 4234240.304434011690319 ], [ 586277.922911370638758, 4234227.851490971632302 ], [ 586267.67598353640642, 4234229.823125615715981 ] ] ] ] } },
{ "type": "Feature", "properties": { "fid": 25, "uipfonksiyon": "YERLEŞİK KONUT ALANI", "nizam": "A", "yanbahce": "4", "taks": "0.4", "kaks": "1.6", "onbahce": "5.5", "katadedi": "4", "yencok": null, "emsal": null, "aream2": 571.82, "facade_front": "", "facade_side": "", "facade_back": "0,1,2,3,4,5", "facade_count": 0, "is_corner": false, "front_direction": "belirsiz", "bina_alan_m2": 228.73, "taks_kullanim": 0.4 }, "geometry": { "type": "MultiPolygon", "coordinates": [ [ [ [ 586270.947408100939356, 4234196.819871192798018 ], [ 586261.752848530886695, 4234198.589017271064222 ], [ 586266.209352028323337, 4234221.750240310095251 ], [ 586276.060640433453955, 4234219.854731545783579 ], [ 586272.495056281448342, 4234203.79195018298924 ], [ 586270.947408100939356, 4234196.819871192798018 ] ] ] ] } },
{ "type": "Feature", "properties": { "fid": 25, "uipfonksiyon": "YERLEŞİK KONUT ALANI", "nizam": "A", "yanbahce": "4", "taks": "0.4", "kaks": "1.6", "onbahce": "5.5", "katadedi": "4", "yencok": null, "emsal": null, "aream2": 542.79, "facade_front": "", "facade_side": "", "facade_back": "0,1,2,3,4,5", "facade_count": 0, "is_corner": false, "front_direction": "belirsiz", "bina_alan_m2": 215.05, "taks_kullanim": 0.3962 }, "geometry": { "type": "MultiPolygon", "coordinates": [ [ [ [ 586264.048328799428418, 4234165.347178396768868 ], [ 586255.583412393345498, 4234166.97593217715621 ], [ 586260.118126571993344, 4234190.543629717081785 ], [ 586269.251297263661399, 4234188.786295612342656 ], [ 586267.700733343255706, 4234181.801081358455122 ], [ 586264.048328799428418, 4234165.347178396768868 ] ] ] ] } },
{ "type": "Feature", "properties": { "fid": 25, "uipfonksiyon": "YERLEŞİK KONUT ALANI", "nizam": "A", "yanbahce": "4", "taks": "0.4", "kaks": "1.6", "onbahce": "5.5", "katadedi": "4", "yencok": null, "emsal": null, "aream2": 603.12, "facade_front": "2", "facade_side": "0,1,3,4", "facade_back": "5", "facade_count": 1, "is_corner": false, "front_direction": "N", "bina_alan_m2": 225.83, "taks_kullanim": 0.3744 }, "geometry": { "type": "MultiPolygon", "coordinates": [ [ [ [ 586256.213175145327114, 4234130.050196268595755 ], [ 586248.712141054333188, 4234131.264741075225174 ], [ 586254.071841000462882, 4234159.1200329978019 ], [ 586262.31400597805623, 4234157.534139324910939 ], [ 586260.592080027214251, 4234149.776947546750307 ], [ 586256.213175145327114, 4234130.050196268595755 ] ] ] ] } },
{ "type": "Feature", "properties": { "fid": 26, "uipfonksiyon": "YERLEŞİK KONUT ALANI", "nizam": "A", "yanbahce": "4", "taks": "0.4", "kaks": "1.6", "onbahce": "5.5", "katadedi": "4", "yencok": null, "emsal": null, "aream2": 629.21, "facade_front": "2,3,4,5,6", "facade_side": "", "facade_back": "0,1", "facade_count": 5, "is_corner": true, "front_direction": "coklu", "bina_alan_m2": 245.09, "taks_kullanim": 0.3895 }, "geometry": { "type": "MultiPolygon", "coordinates": [ [ [ [ 586111.582796211587265, 4234225.568170015700161 ], [ 586110.901000360725448, 4234226.063764858059585 ], [ 586114.121340359561145, 4234243.694324970245361 ], [ 586127.315145596512593, 4234241.300806966610253 ], [ 586124.056353891734034, 4234223.337347744032741 ], [ 586123.432562503847294, 4234223.448658253066242 ], [ 586111.582796211587265, 4234225.568170015700161 ] ] ] ] } },
{ "type": "Feature", "properties": { "fid": 26, "uipfonksiyon": "YERLEŞİK KONUT ALANI", "nizam": "A", "yanbahce": "4", "taks": "0.4", "kaks": "1.6", "onbahce": "5.5", "katadedi": "4", "yencok": null, "emsal": null, "aream2": 630.76, "facade_front": "1,2,3,4", "facade_side": "", "facade_back": "0,5", "facade_count": 4, "is_corner": true, "front_direction": "coklu", "bina_alan_m2": 244.75, "taks_kullanim": 0.388 }, "geometry": { "type": "MultiPolygon", "coordinates": [ [ [ [ 586118.809328551404178, 4234269.359893716871738 ], [ 586120.213620155351236, 4234269.309515089727938 ], [ 586132.008107214351185, 4234267.169850556179881 ], [ 586128.743136003846303, 4234249.172328001819551 ], [ 586115.558812266332097, 4234251.564125945791602 ], [ 586118.809328551404178, 4234269.359893716871738 ] ] ] ] } },
{ "type": "Feature", "properties": { "fid": 26, "uipfonksiyon": "YERLEŞİK KONUT ALANI", "nizam": "A", "yanbahce": "4", "taks": "0.4", "kaks": "1.6", "onbahce": "5.5", "katadedi": "4", "yencok": null, "emsal": null, "aream2": 443.55, "facade_front": "2", "facade_side": "1,3", "facade_back": "0", "facade_count": 1, "is_corner": false, "front_direction": "N", "bina_alan_m2": 145.78, "taks_kullanim": 0.3287 }, "geometry": { "type": "MultiPolygon", "coordinates": [ [ [ [ 586143.058187665767036, 4234238.444826153106987 ], [ 586139.807613290962763, 4234220.526663372293115 ], [ 586131.931983591173775, 4234221.932005558162928 ], [ 586135.186666630906984, 4234239.87281655985862 ], [ 586143.058187665767036, 4234238.444826153106987 ] ] ] ] } },
{ "type": "Feature", "properties": { "fid": 26, "uipfonksiyon": "YERLEŞİK KONUT ALANI", "nizam": "A", "yanbahce": "4", "taks": "0.4", "kaks": "1.6", "onbahce": "5.5", "katadedi": "4", "yencok": null, "emsal": null, "aream2": 444.66, "facade_front": "2", "facade_side": "1,3", "facade_back": "0", "facade_count": 1, "is_corner": false, "front_direction": "S", "bina_alan_m2": 146.33, "taks_kullanim": 0.3291 }, "geometry": { "type": "MultiPolygon", "coordinates": [ [ [ [ 586136.614657038240694, 4234247.744337595067918 ], [ 586139.879628248745576, 4234265.741860149428248 ], [ 586147.751149283489212, 4234264.313869741745293 ], [ 586144.48617807298433, 4234246.316347188316286 ], [ 586136.614657038240694, 4234247.744337595067918 ] ] ] ] } },
{ "type": "Feature", "properties": { "fid": 26, "uipfonksiyon": "YERLEŞİK KONUT ALANI", "nizam": "A", "yanbahce": "4", "taks": "0.4", "kaks": "1.6", "onbahce": "5.5", "katadedi": "4", "yencok": null, "emsal": null, "aream2": 442.82, "facade_front": "1", "facade_side": "0,2", "facade_back": "3", "facade_count": 1, "is_corner": false, "front_direction": "N", "bina_alan_m2": 145.41, "taks_kullanim": 0.3284 }, "geometry": { "type": "MultiPolygon", "coordinates": [ [ [ [ 586155.558872690075077, 4234217.715979000553489 ], [ 586147.683242990286089, 4234219.121321186423302 ], [ 586150.929708700161427, 4234237.016835746355355 ], [ 586158.801229734905064, 4234235.5888453386724 ], [ 586155.558872690075077, 4234217.715979000553489 ] ] ] ] } },
{ "type": "Feature", "properties": { "fid": 26, "uipfonksiyon": "YERLEŞİK KONUT ALANI", "nizam": "A", "yanbahce": "4", "taks": "0.4", "kaks": "1.6", "onbahce": "5.5", "katadedi": "4", "yencok": null, "emsal": null, "aream2": 442.08, "facade_front": "3", "facade_side": "0,2", "facade_back": "1", "facade_count": 1, "is_corner": false, "front_direction": "N", "bina_alan_m2": 145.04, "taks_kullanim": 0.3281 }, "geometry": { "type": "MultiPolygon", "coordinates": [ [ [ [ 586166.67275076941587, 4234234.160854931920767 ], [ 586174.544271803926677, 4234232.732864525169134 ], [ 586171.310132089070976, 4234214.905294628813863 ], [ 586163.434502389398403, 4234216.310636814683676 ], [ 586166.67275076941587, 4234234.160854931920767 ] ] ] ] } },
{ "type": "Feature", "properties": { "fid": 26, "uipfonksiyon": "YERLEŞİK KONUT ALANI", "nizam": "A", "yanbahce": "4", "taks": "0.4", "kaks": "1.6", "onbahce": "5.5", "katadedi": "4", "yencok": null, "emsal": null, "aream2": 441.34, "facade_front": "3", "facade_side": "0,2", "facade_back": "1", "facade_count": 1, "is_corner": false, "front_direction": "N", "bina_alan_m2": 144.67, "taks_kullanim": 0.3278 }, "geometry": { "type": "MultiPolygon", "coordinates": [ [ [ [ 586182.415792838437483, 4234231.304874118417501 ], [ 586190.287313872948289, 4234229.876883710734546 ], [ 586187.061391487950459, 4234212.094610258005559 ], [ 586179.185761788510717, 4234213.49995244294405 ], [ 586182.415792838437483, 4234231.304874118417501 ] ] ] ] } },
{ "type": "Feature", "properties": { "fid": 26, "uipfonksiyon": "YERLEŞİK KONUT ALANI", "nizam": "A", "yanbahce": "4", "taks": "0.4", "kaks": "1.6", "onbahce": "5.5", "katadedi": "4", "yencok": null, "emsal": null, "aream2": 440.61, "facade_front": "3", "facade_side": "0,2", "facade_back": "1", "facade_count": 1, "is_corner": false, "front_direction": "N", "bina_alan_m2": 144.3, "taks_kullanim": 0.3275 }, "geometry": { "type": "MultiPolygon", "coordinates": [ [ [ [ 586198.15883490734268, 4234228.448893303982913 ], [ 586206.030355942086317, 4234227.020902896299958 ], [ 586202.812650887295604, 4234209.283925886265934 ], [ 586194.937021187390201, 4234210.689268072135746 ], [ 586198.15883490734268, 4234228.448893303982913 ] ] ] ] } },
{ "type": "Feature", "properties": { "fid": 26, "uipfonksiyon": "YERLEŞİK KONUT ALANI", "nizam": "A", "yanbahce": "4", "taks": "0.4", "kaks": "1.6", "onbahce": "5.5", "katadedi": "4", "yencok": null, "emsal": null, "aream2": 444.66, "facade_front": "3", "facade_side": "0,2", "facade_back": "1", "facade_count": 1, "is_corner": false, "front_direction": "S", "bina_alan_m2": 146.33, "taks_kullanim": 0.3291 }, "geometry": { "type": "MultiPolygon", "coordinates": [ [ [ [ 586160.229220142238773, 4234243.460366373881698 ], [ 586152.357699107495137, 4234244.888356781564653 ], [ 586155.622670318000019, 4234262.88587933499366 ], [ 586163.49419135262724, 4234261.457888928242028 ], [ 586160.229220142238773, 4234243.460366373881698 ] ] ] ] } },
{ "type": "Feature", "properties": { "fid": 26, "uipfonksiyon": "YERLEŞİK KONUT ALANI", "nizam": "A", "yanbahce": "4", "taks": "0.4", "kaks": "1.6", "onbahce": "5.5", "katadedi": "4", "yencok": null, "emsal": null, "aream2": 444.66, "facade_front": "1", "facade_side": "0,2", "facade_back": "3", "facade_count": 1, "is_corner": false, "front_direction": "S", "bina_alan_m2": 146.33, "taks_kullanim": 0.3291 }, "geometry": { "type": "MultiPolygon", "coordinates": [ [ [ [ 586171.365712387021631, 4234260.029898521490395 ], [ 586179.237233421532437, 4234258.60190811380744 ], [ 586175.97226221114397, 4234240.604385560378432 ], [ 586168.100741176633164, 4234242.032375967130065 ], [ 586171.365712387021631, 4234260.029898521490395 ] ] ] ] } },
{ "type": "Feature", "properties": { "fid": 26, "uipfonksiyon": "YERLEŞİK KONUT ALANI", "nizam": "A", "yanbahce": "4", "taks": "0.4", "kaks": "1.6", "onbahce": "5.5", "katadedi": "4", "yencok": null, "emsal": null, "aream2": 444.66, "facade_front": "1", "facade_side": "0,2", "facade_back": "3", "facade_count": 1, "is_corner": false, "front_direction": "S", "bina_alan_m2": 146.33, "taks_kullanim": 0.3291 }, "geometry": { "type": "MultiPolygon", "coordinates": [ [ [ [ 586187.108754456043243, 4234257.173917707055807 ], [ 586194.98027549055405, 4234255.745927299372852 ], [ 586191.715304280281998, 4234237.748404745943844 ], [ 586183.843783245654777, 4234239.1763951536268 ], [ 586187.108754456043243, 4234257.173917707055807 ] ] ] ] } },
{ "type": "Feature", "properties": { "fid": 26, "uipfonksiyon": "YERLEŞİK KONUT ALANI", "nizam": "A", "yanbahce": "4", "taks": "0.4", "kaks": "1.6", "onbahce": "5.5", "katadedi": "4", "yencok": null, "emsal": null, "aream2": 444.66, "facade_front": "1", "facade_side": "0,2", "facade_back": "3", "facade_count": 1, "is_corner": false, "front_direction": "S", "bina_alan_m2": 146.33, "taks_kullanim": 0.3291 }, "geometry": { "type": "MultiPolygon", "coordinates": [ [ [ [ 586202.851796525064856, 4234254.317936892621219 ], [ 586210.723317559808493, 4234252.889946484938264 ], [ 586207.458346349420026, 4234234.892423931509256 ], [ 586199.586825314676389, 4234236.320414339192212 ], [ 586202.851796525064856, 4234254.317936892621219 ] ] ] ] } },
{ "type": "Feature", "properties": { "fid": 26, "uipfonksiyon": "YERLEŞİK KONUT ALANI", "nizam": "A", "yanbahce": "4", "taks": "0.4", "kaks": "1.6", "onbahce": "5.5", "katadedi": "4", "yencok": null, "emsal": null, "aream2": 610.92, "facade_front": "1,2,3,4", "facade_side": "", "facade_back": "0,5", "facade_count": 4, "is_corner": true, "front_direction": "coklu", "bina_alan_m2": 231.89, "taks_kullanim": 0.3796 }, "geometry": { "type": "MultiPolygon", "coordinates": [ [ [ [ 586210.68828058661893, 4234207.878583700396121 ], [ 586213.901876976597123, 4234225.592912489548326 ], [ 586226.718465674901381, 4234223.267826190218329 ], [ 586223.250812478479929, 4234205.636901866644621 ], [ 586210.68828058661893, 4234207.878583700396121 ] ] ] ] } },
{ "type": "Feature", "properties": { "fid": 26, "uipfonksiyon": "YERLEŞİK KONUT ALANI", "nizam": "A", "yanbahce": "4", "taks": "0.4", "kaks": "1.6", "onbahce": "5.5", "katadedi": "4", "yencok": null, "emsal": null, "aream2": 625.54, "facade_front": "2,3,4,5,6", "facade_side": "", "facade_back": "0,1", "facade_count": 5, "is_corner": true, "front_direction": "coklu", "bina_alan_m2": 241.09, "taks_kullanim": 0.3854 }, "geometry": { "type": "MultiPolygon", "coordinates": [ [ [ [ 586215.329867383814417, 4234233.464433524757624 ], [ 586218.58959412551485, 4234251.433046959340572 ], [ 586231.746916537056677, 4234248.834464948624372 ], [ 586228.262497395044193, 4234231.118295907974243 ], [ 586215.329867383814417, 4234233.464433524757624 ] ] ] ] } },
{ "type": "Feature", "properties": { "fid": 27, "uipfonksiyon": "YERLEŞİK KONUT ALANI", "nizam": "A", "yanbahce": "4", "taks": "0.4", "kaks": "1.6", "onbahce": "5.5", "katadedi": "4", "yencok": null, "emsal": null, "aream2": 667.0, "facade_front": "2,3,4,5,6", "facade_side": "", "facade_back": "0,1", "facade_count": 5, "is_corner": true, "front_direction": "coklu", "bina_alan_m2": 262.84, "taks_kullanim": 0.3941 }, "geometry": { "type": "MultiPolygon", "coordinates": [ [ [ [ 585966.302912452840246, 4234178.04287042003125 ], [ 585966.301552362507209, 4234178.046550711616874 ], [ 585969.947630987036973, 4234198.236607761122286 ], [ 585982.433243372710422, 4234196.158962906338274 ], [ 585979.06536972313188, 4234175.919717081822455 ], [ 585977.633111156756058, 4234176.120115400291979 ], [ 585966.302912452840246, 4234178.04287042003125 ] ] ] ] } },
{ "type": "Feature", "properties": { "fid": 27, "uipfonksiyon": "YERLEŞİK KONUT ALANI", "nizam": "A", "yanbahce": "4", "taks": "0.4", "kaks": "1.6", "onbahce": "5.5", "katadedi": "4", "yencok": null, "emsal": null, "aream2": 642.92, "facade_front": "1,2,3,4", "facade_side": "", "facade_back": "0,5", "facade_count": 4, "is_corner": true, "front_direction": "coklu", "bina_alan_m2": 249.8, "taks_kullanim": 0.3885 }, "geometry": { "type": "MultiPolygon", "coordinates": [ [ [ [ 585974.977355777984485, 4234225.849655088968575 ], [ 585975.033192797913216, 4234225.866890876553953 ], [ 585987.057897287770174, 4234223.950833141803741 ], [ 585983.746411661733873, 4234204.050451298244298 ], [ 585971.369472105056047, 4234206.11001265514642 ], [ 585974.919687694287859, 4234225.769230864010751 ], [ 585974.977355777984485, 4234225.849655088968575 ] ] ] ] } },
{ "type": "Feature", "properties": { "fid": 27, "uipfonksiyon": "YERLEŞİK KONUT ALANI", "nizam": "A", "yanbahce": "4", "taks": "0.4", "kaks": "1.6", "onbahce": "5.5", "katadedi": "4", "yencok": null, "emsal": null, "aream2": 481.57, "facade_front": "1", "facade_side": "0,2", "facade_back": "3", "facade_count": 1, "is_corner": false, "front_direction": "N", "bina_alan_m2": 164.78, "taks_kullanim": 0.3422 }, "geometry": { "type": "MultiPolygon", "coordinates": [ [ [ [ 585994.83301744912751, 4234173.201260485686362 ], [ 585986.945741804665886, 4234174.539745293557644 ], [ 585990.324731764965691, 4234194.845794617198408 ], [ 585998.216220157104544, 4234193.532626328989863 ], [ 585994.83301744912751, 4234173.201260485686362 ] ] ] ] } },
{ "type": "Feature", "properties": { "fid": 27, "uipfonksiyon": "YERLEŞİK KONUT ALANI", "nizam": "A", "yanbahce": "4", "taks": "0.4", "kaks": "1.6", "onbahce": "5.5", "katadedi": "4", "yencok": null, "emsal": null, "aream2": 482.39, "facade_front": "3", "facade_side": "0,2", "facade_back": "1", "facade_count": 1, "is_corner": false, "front_direction": "N", "bina_alan_m2": 165.2, "taks_kullanim": 0.3425 }, "geometry": { "type": "MultiPolygon", "coordinates": [ [ [ [ 586006.107708549359813, 4234192.219458039849997 ], [ 586013.999196941731498, 4234190.90628975071013 ], [ 586010.607568738167174, 4234170.524290869012475 ], [ 586002.720293093472719, 4234171.862775676883757 ], [ 586006.107708549359813, 4234192.219458039849997 ] ] ] ] } },
{ "type": "Feature", "properties": { "fid": 27, "uipfonksiyon": "YERLEŞİK KONUT ALANI", "nizam": "A", "yanbahce": "4", "taks": "0.4", "kaks": "1.6", "onbahce": "5.5", "katadedi": "4", "yencok": null, "emsal": null, "aream2": 483.21, "facade_front": "3", "facade_side": "0,2", "facade_back": "1", "facade_count": 1, "is_corner": false, "front_direction": "N", "bina_alan_m2": 165.61, "taks_kullanim": 0.3427 }, "geometry": { "type": "MultiPolygon", "coordinates": [ [ [ [ 586021.890685333870351, 4234189.593121461570263 ], [ 586029.782173726009205, 4234188.279953172430396 ], [ 586026.382120026857592, 4234167.847321252338588 ], [ 586018.494844382512383, 4234169.18580606020987 ], [ 586021.890685333870351, 4234189.593121461570263 ] ] ] ] } },
{ "type": "Feature", "properties": { "fid": 27, "uipfonksiyon": "YERLEŞİK KONUT ALANI", "nizam": "A", "yanbahce": "4", "taks": "0.4", "kaks": "1.6", "onbahce": "5.5", "katadedi": "4", "yencok": null, "emsal": null, "aream2": 476.11, "facade_front": "3", "facade_side": "0,2", "facade_back": "1", "facade_count": 1, "is_corner": false, "front_direction": "S", "bina_alan_m2": 162.05, "taks_kullanim": 0.3404 }, "geometry": { "type": "MultiPolygon", "coordinates": [ [ [ [ 585999.529388446244411, 4234201.424114720895886 ], [ 585991.637900053989142, 4234202.737283009104431 ], [ 585994.958416770910844, 4234222.69193721935153 ], [ 586002.858936254284345, 4234221.433041295967996 ], [ 585999.529388446244411, 4234201.424114720895886 ] ] ] ] } },
{ "type": "Feature", "properties": { "fid": 27, "uipfonksiyon": "YERLEŞİK KONUT ALANI", "nizam": "A", "yanbahce": "4", "taks": "0.4", "kaks": "1.6", "onbahce": "5.5", "katadedi": "4", "yencok": null, "emsal": null, "aream2": 477.87, "facade_front": "1", "facade_side": "0,2", "facade_back": "3", "facade_count": 1, "is_corner": false, "front_direction": "S", "bina_alan_m2": 162.93, "taks_kullanim": 0.341 }, "geometry": { "type": "MultiPolygon", "coordinates": [ [ [ [ 586010.759455737192184, 4234220.174145372584462 ], [ 586018.659975220682099, 4234218.915249449200928 ], [ 586015.312365230871364, 4234198.797778142616153 ], [ 586007.420876838383265, 4234200.11094643175602 ], [ 586010.759455737192184, 4234220.174145372584462 ] ] ] ] } },
{ "type": "Feature", "properties": { "fid": 27, "uipfonksiyon": "YERLEŞİK KONUT ALANI", "nizam": "A", "yanbahce": "4", "taks": "0.4", "kaks": "1.6", "onbahce": "5.5", "katadedi": "4", "yencok": null, "emsal": null, "aream2": 479.63, "facade_front": "1", "facade_side": "0,2", "facade_back": "3", "facade_count": 1, "is_corner": false, "front_direction": "S", "bina_alan_m2": 163.81, "taks_kullanim": 0.3415 }, "geometry": { "type": "MultiPolygon", "coordinates": [ [ [ [ 586026.560494703822769, 4234217.656353525817394 ], [ 586034.461014186963439, 4234216.39745760243386 ], [ 586031.095342015032656, 4234196.171441564336419 ], [ 586023.203853623010218, 4234197.484609853476286 ], [ 586026.560494703822769, 4234217.656353525817394 ] ] ] ] } },
{ "type": "Feature", "properties": { "fid": 27, "uipfonksiyon": "YERLEŞİK KONUT ALANI", "nizam": "A", "yanbahce": "4", "taks": "0.4", "kaks": "1.6", "onbahce": "5.5", "katadedi": "4", "yencok": null, "emsal": null, "aream2": 484.03, "facade_front": "1", "facade_side": "0,2", "facade_back": "3", "facade_count": 1, "is_corner": false, "front_direction": "N", "bina_alan_m2": 166.02, "taks_kullanim": 0.343 }, "geometry": { "type": "MultiPolygon", "coordinates": [ [ [ [ 586042.156671315780841, 4234165.170351635664701 ], [ 586034.269395671202801, 4234166.508836443535984 ], [ 586037.673662118148059, 4234186.966784883290529 ], [ 586045.565150510519743, 4234185.653616594150662 ], [ 586042.156671315780841, 4234165.170351635664701 ] ] ] ] } },
{ "type": "Feature", "properties": { "fid": 27, "uipfonksiyon": "YERLEŞİK KONUT ALANI", "nizam": "A", "yanbahce": "4", "taks": "0.4", "kaks": "1.6", "onbahce": "5.5", "katadedi": "4", "yencok": null, "emsal": null, "aream2": 484.86, "facade_front": "3", "facade_side": "0,2", "facade_back": "1", "facade_count": 1, "is_corner": false, "front_direction": "N", "bina_alan_m2": 166.43, "taks_kullanim": 0.3433 }, "geometry": { "type": "MultiPolygon", "coordinates": [ [ [ [ 586053.456638902658597, 4234184.340448305010796 ], [ 586061.348127294913866, 4234183.027280015870929 ], [ 586057.931222604587674, 4234162.493382018990815 ], [ 586050.04394696012605, 4234163.831866826862097 ], [ 586053.456638902658597, 4234184.340448305010796 ] ] ] ] } },
{ "type": "Feature", "properties": { "fid": 27, "uipfonksiyon": "YERLEŞİK KONUT ALANI", "nizam": "A", "yanbahce": "4", "taks": "0.4", "kaks": "1.6", "onbahce": "5.5", "katadedi": "4", "yencok": null, "emsal": null, "aream2": 675.28, "facade_front": "2,3,4,5", "facade_side": "", "facade_back": "0,1", "facade_count": 4, "is_corner": true, "front_direction": "coklu", "bina_alan_m2": 270.11, "taks_kullanim": 0.4 }, "geometry": { "type": "MultiPolygon", "coordinates": [ [ [ [ 586078.630992753314786, 4234159.212827337905765 ], [ 586078.045212252065539, 4234159.08400437887758 ], [ 586065.821562426164746, 4234161.158379654400051 ], [ 586069.241385998437181, 4234181.709818680770695 ], [ 586082.020703033776954, 4234179.583300455473363 ], [ 586078.630992753314786, 4234159.212827337905765 ] ] ] ] } },
{ "type": "Feature", "properties": { "fid": 27, "uipfonksiyon": "YERLEŞİK KONUT ALANI", "nizam": "A", "yanbahce": "4", "taks": "0.4", "kaks": "1.6", "onbahce": "5.5", "katadedi": "4", "yencok": null, "emsal": null, "aream2": 481.39, "facade_front": "3", "facade_side": "0,2", "facade_back": "1", "facade_count": 1, "is_corner": false, "front_direction": "S", "bina_alan_m2": 164.69, "taks_kullanim": 0.3421 }, "geometry": { "type": "MultiPolygon", "coordinates": [ [ [ [ 586046.87831879965961, 4234193.545104986056685 ], [ 586038.98683040717151, 4234194.858273275196552 ], [ 586042.361533670104109, 4234215.138561679981649 ], [ 586050.262053153594024, 4234213.879665756598115 ], [ 586046.87831879965961, 4234193.545104986056685 ] ] ] ] } },
{ "type": "Feature", "properties": { "fid": 27, "uipfonksiyon": "YERLEŞİK KONUT ALANI", "nizam": "A", "yanbahce": "4", "taks": "0.4", "kaks": "1.6", "onbahce": "5.5", "katadedi": "4", "yencok": null, "emsal": null, "aream2": 483.15, "facade_front": "1", "facade_side": "0,2", "facade_back": "3", "facade_count": 1, "is_corner": false, "front_direction": "S", "bina_alan_m2": 165.57, "taks_kullanim": 0.3427 }, "geometry": { "type": "MultiPolygon", "coordinates": [ [ [ [ 586058.162572636501864, 4234212.620769833214581 ], [ 586066.063092119875364, 4234211.361873909831047 ], [ 586062.661295584053732, 4234190.918768407776952 ], [ 586054.769807191682048, 4234192.231936696916819 ], [ 586058.162572636501864, 4234212.620769833214581 ] ] ] ] } },
{ "type": "Feature", "properties": { "fid": 27, "uipfonksiyon": "YERLEŞİK KONUT ALANI", "nizam": "A", "yanbahce": "4", "taks": "0.4", "kaks": "1.6", "onbahce": "5.5", "katadedi": "4", "yencok": null, "emsal": null, "aream2": 676.77, "facade_front": "1,2,3,4", "facade_side": "", "facade_back": "0,5", "facade_count": 4, "is_corner": true, "front_direction": "coklu", "bina_alan_m2": 269.88, "taks_kullanim": 0.3988 }, "geometry": { "type": "MultiPolygon", "coordinates": [ [ [ [ 586083.336935975006782, 4234187.478277340531349 ], [ 586070.552783976192586, 4234189.605600118637085 ], [ 586073.963611603016034, 4234210.102977986447513 ], [ 586086.762393901590258, 4234208.063576034270227 ], [ 586083.336935975006782, 4234187.478277340531349 ] ] ] ] } },
{ "type": "Feature", "properties": { "fid": 28, "uipfonksiyon": "YERLEŞİK KONUT ALANI", "nizam": "A", "yanbahce": "4", "taks": "0.4", "kaks": "1.6", "onbahce": "5.5", "katadedi": "4", "yencok": null, "emsal": null, "aream2": 649.9, "facade_front": "2,3,4,5", "facade_side": "", "facade_back": "0,1", "facade_count": 4, "is_corner": true, "front_direction": "coklu", "bina_alan_m2": 253.48, "taks_kullanim": 0.39 }, "geometry": { "type": "MultiPolygon", "coordinates": [ [ [ [ 585980.532595356460661, 4234246.308462075889111 ], [ 585978.64786388608627, 4234246.884765663184226 ], [ 585982.134886562009342, 4234266.952835378237069 ], [ 585994.306061990791932, 4234264.836827793158591 ], [ 585990.805541362264194, 4234244.701998897828162 ], [ 585980.532595356460661, 4234246.308462075889111 ] ] ] ] } },
{ "type": "Feature", "properties": { "fid": 28, "uipfonksiyon": "YERLEŞİK KONUT ALANI", "nizam": "A", "yanbahce": "4", "taks": "0.4", "kaks": "1.6", "onbahce": "5.5", "katadedi": "4", "yencok": null, "emsal": null, "aream2": 646.1, "facade_front": "1,2,3,4,5", "facade_side": "", "facade_back": "0,6", "facade_count": 5, "is_corner": true, "front_direction": "coklu", "bina_alan_m2": 250.63, "taks_kullanim": 0.3879 }, "geometry": { "type": "MultiPolygon", "coordinates": [ [ [ [ 585999.162990935146809, 4234292.773653091862798 ], [ 585995.676339714089409, 4234272.718600370921195 ], [ 585983.504443140234798, 4234274.834733330644667 ], [ 585983.895312107983045, 4234277.084212735295296 ], [ 585987.28622550459113, 4234295.080530848354101 ], [ 585999.162990935146809, 4234292.773653091862798 ] ] ] ] } },
{ "type": "Feature", "properties": { "fid": 28, "uipfonksiyon": "YERLEŞİK KONUT ALANI", "nizam": "A", "yanbahce": "4", "taks": "0.4", "kaks": "1.6", "onbahce": "5.5", "katadedi": "4", "yencok": null, "emsal": null, "aream2": 475.74, "facade_front": "2", "facade_side": "1,3", "facade_back": "0", "facade_count": 1, "is_corner": false, "front_direction": "N", "bina_alan_m2": 161.86, "taks_kullanim": 0.3402 }, "geometry": { "type": "MultiPolygon", "coordinates": [ [ [ [ 586010.069607145269401, 4234262.09627234749496 ], [ 586006.615712736733258, 4234242.22963526006788 ], [ 585998.710627049556933, 4234243.465817078948021 ], [ 586002.187834568088874, 4234263.466550069861114 ], [ 586010.069607145269401, 4234262.09627234749496 ] ] ] ] } },
{ "type": "Feature", "properties": { "fid": 28, "uipfonksiyon": "YERLEŞİK KONUT ALANI", "nizam": "A", "yanbahce": "4", "taks": "0.4", "kaks": "1.6", "onbahce": "5.5", "katadedi": "4", "yencok": null, "emsal": null, "aream2": 473.93, "facade_front": "2", "facade_side": "1,3", "facade_back": "0", "facade_count": 1, "is_corner": false, "front_direction": "S", "bina_alan_m2": 160.95, "taks_kullanim": 0.3396 }, "geometry": { "type": "MultiPolygon", "coordinates": [ [ [ [ 586003.558112291386351, 4234271.348322647623718 ], [ 586007.017748799640685, 4234291.247988020069897 ], [ 586014.872506663901731, 4234289.722322948276997 ], [ 586011.439884868450463, 4234269.978044925257564 ], [ 586003.558112291386351, 4234271.348322647623718 ] ] ] ] } },
{ "type": "Feature", "properties": { "fid": 28, "uipfonksiyon": "YERLEŞİK KONUT ALANI", "nizam": "A", "yanbahce": "4", "taks": "0.4", "kaks": "1.6", "onbahce": "5.5", "katadedi": "4", "yencok": null, "emsal": null, "aream2": 471.38, "facade_front": "1", "facade_side": "0,2", "facade_back": "3", "facade_count": 1, "is_corner": false, "front_direction": "N", "bina_alan_m2": 159.68, "taks_kullanim": 0.3388 }, "geometry": { "type": "MultiPolygon", "coordinates": [ [ [ [ 586022.425884111435153, 4234239.757271622307599 ], [ 586014.520798423909582, 4234240.993453441187739 ], [ 586017.951379722566344, 4234260.725994624197483 ], [ 586025.833152300096117, 4234259.355716900900006 ], [ 586022.425884111435153, 4234239.757271622307599 ] ] ] ] } },
{ "type": "Feature", "properties": { "fid": 28, "uipfonksiyon": "YERLEŞİK KONUT ALANI", "nizam": "A", "yanbahce": "4", "taks": "0.4", "kaks": "1.6", "onbahce": "5.5", "katadedi": "4", "yencok": null, "emsal": null, "aream2": 467.02, "facade_front": "3", "facade_side": "0,2", "facade_back": "1", "facade_count": 1, "is_corner": false, "front_direction": "N", "bina_alan_m2": 157.51, "taks_kullanim": 0.3373 }, "geometry": { "type": "MultiPolygon", "coordinates": [ [ [ [ 586033.714924877393059, 4234257.98543917760253 ], [ 586041.596697454922833, 4234256.615161454305053 ], [ 586038.236055486137047, 4234237.28490798547864 ], [ 586030.330969798611477, 4234238.52108980435878 ], [ 586033.714924877393059, 4234257.98543917760253 ] ] ] ] } },
{ "type": "Feature", "properties": { "fid": 28, "uipfonksiyon": "YERLEŞİK KONUT ALANI", "nizam": "A", "yanbahce": "4", "taks": "0.4", "kaks": "1.6", "onbahce": "5.5", "katadedi": "4", "yencok": null, "emsal": null, "aream2": 462.67, "facade_front": "3", "facade_side": "0,2", "facade_back": "1", "facade_count": 1, "is_corner": false, "front_direction": "N", "bina_alan_m2": 155.33, "taks_kullanim": 0.3357 }, "geometry": { "type": "MultiPolygon", "coordinates": [ [ [ [ 586049.478470032219775, 4234255.244883731007576 ], [ 586057.360242609633133, 4234253.874606007710099 ], [ 586054.046226860606112, 4234234.812544347718358 ], [ 586046.141141173313372, 4234236.048726166598499 ], [ 586049.478470032219775, 4234255.244883731007576 ] ] ] ] } },
{ "type": "Feature", "properties": { "fid": 28, "uipfonksiyon": "YERLEŞİK KONUT ALANI", "nizam": "A", "yanbahce": "4", "taks": "0.4", "kaks": "1.6", "onbahce": "5.5", "katadedi": "4", "yencok": null, "emsal": null, "aream2": 458.31, "facade_front": "3", "facade_side": "0,2", "facade_back": "1", "facade_count": 1, "is_corner": false, "front_direction": "N", "bina_alan_m2": 153.15, "taks_kullanim": 0.3342 }, "geometry": { "type": "MultiPolygon", "coordinates": [ [ [ [ 586065.242015186930075, 4234252.504328284412622 ], [ 586073.123787764343433, 4234251.134050561115146 ], [ 586069.856398235191591, 4234232.340180709958076 ], [ 586061.951312547898851, 4234233.576362528838217 ], [ 586065.242015186930075, 4234252.504328284412622 ] ] ] ] } },
{ "type": "Feature", "properties": { "fid": 28, "uipfonksiyon": "YERLEŞİK KONUT ALANI", "nizam": "A", "yanbahce": "4", "taks": "0.4", "kaks": "1.6", "onbahce": "5.5", "katadedi": "4", "yencok": null, "emsal": null, "aream2": 613.29, "facade_front": "2,3,4,5", "facade_side": "", "facade_back": "0,1", "facade_count": 4, "is_corner": true, "front_direction": "coklu", "bina_alan_m2": 232.68, "taks_kullanim": 0.3794 }, "geometry": { "type": "MultiPolygon", "coordinates": [ [ [ [ 586089.985310009215027, 4234229.285321713425219 ], [ 586089.704239654005505, 4234229.236414138227701 ], [ 586077.761483922600746, 4234231.103998891077936 ], [ 586081.005560341640376, 4234249.763772837817669 ], [ 586093.177666223491542, 4234247.647603490389884 ], [ 586089.985310009215027, 4234229.285321713425219 ] ] ] ] } },
{ "type": "Feature", "properties": { "fid": 28, "uipfonksiyon": "YERLEŞİK KONUT ALANI", "nizam": "A", "yanbahce": "4", "taks": "0.4", "kaks": "1.6", "onbahce": "5.5", "katadedi": "4", "yencok": null, "emsal": null, "aream2": 468.88, "facade_front": "3", "facade_side": "0,2", "facade_back": "1", "facade_count": 1, "is_corner": false, "front_direction": "S", "bina_alan_m2": 158.43, "taks_kullanim": 0.3379 }, "geometry": { "type": "MultiPolygon", "coordinates": [ [ [ [ 586027.203430023393594, 4234267.23748947866261 ], [ 586019.321657445863821, 4234268.607767201960087 ], [ 586022.727264528279193, 4234288.196657874621451 ], [ 586030.582022392889485, 4234286.670992801897228 ], [ 586027.203430023393594, 4234267.23748947866261 ] ] ] ] } },
{ "type": "Feature", "properties": { "fid": 28, "uipfonksiyon": "YERLEŞİK KONUT ALANI", "nizam": "A", "yanbahce": "4", "taks": "0.4", "kaks": "1.6", "onbahce": "5.5", "katadedi": "4", "yencok": null, "emsal": null, "aream2": 463.83, "facade_front": "1", "facade_side": "0,2", "facade_back": "3", "facade_count": 1, "is_corner": false, "front_direction": "S", "bina_alan_m2": 155.91, "taks_kullanim": 0.3361 }, "geometry": { "type": "MultiPolygon", "coordinates": [ [ [ [ 586038.436780257266946, 4234285.145327729173005 ], [ 586046.291538121760823, 4234283.619662656448781 ], [ 586042.966975178220309, 4234264.496934032067657 ], [ 586035.085202600690536, 4234265.867211755365133 ], [ 586038.436780257266946, 4234285.145327729173005 ] ] ] ] } },
{ "type": "Feature", "properties": { "fid": 28, "uipfonksiyon": "YERLEŞİK KONUT ALANI", "nizam": "A", "yanbahce": "4", "taks": "0.4", "kaks": "1.6", "onbahce": "5.5", "katadedi": "4", "yencok": null, "emsal": null, "aream2": 458.79, "facade_front": "1", "facade_side": "0,2", "facade_back": "3", "facade_count": 1, "is_corner": false, "front_direction": "S", "bina_alan_m2": 153.38, "taks_kullanim": 0.3343 }, "geometry": { "type": "MultiPolygon", "coordinates": [ [ [ [ 586054.1462959862547, 4234282.093997583724558 ], [ 586062.001053850632161, 4234280.568332511000335 ], [ 586058.73052033293061, 4234261.756378585472703 ], [ 586050.848747755517252, 4234263.12665630877018 ], [ 586054.1462959862547, 4234282.093997583724558 ] ] ] ] } },
{ "type": "Feature", "properties": { "fid": 28, "uipfonksiyon": "YERLEŞİK KONUT ALANI", "nizam": "A", "yanbahce": "4", "taks": "0.4", "kaks": "1.6", "onbahce": "5.5", "katadedi": "4", "yencok": null, "emsal": null, "aream2": 453.74, "facade_front": "1", "facade_side": "0,2", "facade_back": "3", "facade_count": 1, "is_corner": false, "front_direction": "S", "bina_alan_m2": 150.86, "taks_kullanim": 0.3325 }, "geometry": { "type": "MultiPolygon", "coordinates": [ [ [ [ 586069.855811715126038, 4234279.042667438276112 ], [ 586077.710569579387084, 4234277.517002365551889 ], [ 586074.49406548764091, 4234259.015823138877749 ], [ 586066.612292910227552, 4234260.386100862175226 ], [ 586069.855811715126038, 4234279.042667438276112 ] ] ] ] } },
{ "type": "Feature", "properties": { "fid": 28, "uipfonksiyon": "YERLEŞİK KONUT ALANI", "nizam": "A", "yanbahce": "4", "taks": "0.4", "kaks": "1.6", "onbahce": "5.5", "katadedi": "4", "yencok": null, "emsal": null, "aream2": 606.48, "facade_front": "1,2,3,4", "facade_side": "", "facade_back": "0,5", "facade_count": 4, "is_corner": true, "front_direction": "coklu", "bina_alan_m2": 228.55, "taks_kullanim": 0.3769 }, "geometry": { "type": "MultiPolygon", "coordinates": [ [ [ [ 586094.547943946789019, 4234255.529376068152487 ], [ 586082.375838064937852, 4234257.645545415580273 ], [ 586085.565327443997376, 4234275.991337292827666 ], [ 586097.69571352947969, 4234273.635197652503848 ], [ 586094.547943946789019, 4234255.529376068152487 ] ] ] ] } },
{ "type": "Feature", "properties": { "fid": 29, "uipfonksiyon": "TİCARET - KONUT ALANI", "nizam": "A", "yanbahce": "6.5", "taks": "0.3", "kaks": "1.2", "onbahce": "5.5", "katadedi": "4", "yencok": null, "emsal": null, "aream2": 416.12, "facade_front": "", "facade_side": "", "facade_back": "0,1,2,3,4,5,6,7,8", "facade_count": 0, "is_corner": false, "front_direction": "belirsiz", "bina_alan_m2": 9.77, "taks_kullanim": 0.0235 }, "geometry": { "type": "MultiPolygon", "coordinates": [ [ [ [ 586310.372197922319174, 4234300.250902234576643 ], [ 586310.48029822576791, 4234289.87327310629189 ], [ 586308.594705474213697, 4234290.206969782710075 ], [ 586310.372197922319174, 4234300.250902234576643 ] ] ] ] } },
{ "type": "Feature", "properties": { "fid": 29, "uipfonksiyon": "TİCARET - KONUT ALANI", "nizam": "A", "yanbahce": "6.5", "taks": "0.3", "kaks": "1.2", "onbahce": "5.5", "katadedi": "4", "yencok": null, "emsal": null, "aream2": 609.11, "facade_front": "3,4,5,6", "facade_side": "", "facade_back": "0,1,2,7", "facade_count": 4, "is_corner": true, "front_direction": "coklu", "bina_alan_m2": 118.31, "taks_kullanim": 0.1942 }, "geometry": { "type": "MultiPolygon", "coordinates": [ [ [ [ 586310.618073083460331, 4234276.646886758506298 ], [ 586310.790604134905152, 4234260.083905834704638 ], [ 586310.824159542913549, 4234256.862586661241949 ], [ 586303.022414256352931, 4234258.720075617544353 ], [ 586306.329274559393525, 4234277.405883001163602 ], [ 586310.618073083460331, 4234276.646886758506298 ] ] ] ] } },
{ "type": "Feature", "properties": { "fid": 29, "uipfonksiyon": "TİCARET - KONUT ALANI", "nizam": "A", "yanbahce": "6.5", "taks": "0.3", "kaks": "1.2", "onbahce": "5.5", "katadedi": "4", "yencok": null, "emsal": null, "aream2": 505.51, "facade_front": "", "facade_side": "", "facade_back": "0,1,2,3,4", "facade_count": 0, "is_corner": false, "front_direction": "belirsiz", "bina_alan_m2": 55.78, "taks_kullanim": 0.1103 }, "geometry": { "type": "MultiPolygon", "coordinates": [ [ [ [ 586296.074699276825413, 4234311.275947812013328 ], [ 586299.03877003537491, 4234310.809514257125556 ], [ 586295.793618693482131, 4234292.472400696948171 ], [ 586292.839521744055673, 4234292.995192446745932 ], [ 586296.074699276825413, 4234311.275947812013328 ] ] ] ] } },
{ "type": "Feature", "properties": { "fid": 29, "uipfonksiyon": "TİCARET - KONUT ALANI", "nizam": "A", "yanbahce": "6.5", "taks": "0.3", "kaks": "1.2", "onbahce": "5.5", "katadedi": "4", "yencok": null, "emsal": null, "aream2": 507.0, "facade_front": "2", "facade_side": "1,3", "facade_back": "0", "facade_count": 1, "is_corner": false, "front_direction": "N", "bina_alan_m2": 59.06, "taks_kullanim": 0.1165 }, "geometry": { "type": "MultiPolygon", "coordinates": [ [ [ [ 586293.528187778661959, 4234279.671313915401697 ], [ 586290.097875567968003, 4234260.287926847115159 ], [ 586287.142718276707456, 4234260.804727009497583 ], [ 586290.574090829235502, 4234280.194105665199459 ], [ 586293.528187778661959, 4234279.671313915401697 ] ] ] ] } },
{ "type": "Feature", "properties": { "fid": 29, "uipfonksiyon": "TİCARET - KONUT ALANI", "nizam": "A", "yanbahce": "6.5", "taks": "0.3", "kaks": "1.2", "onbahce": "5.5", "katadedi": "4", "yencok": null, "emsal": null, "aream2": 500.63, "facade_front": "", "facade_side": "", "facade_back": "0,1,2,3", "facade_count": 0, "is_corner": false, "front_direction": "belirsiz", "bina_alan_m2": 54.86, "taks_kullanim": 0.1096 }, "geometry": { "type": "MultiPolygon", "coordinates": [ [ [ [ 586277.084338013781235, 4234295.783415110781789 ], [ 586280.266321897506714, 4234313.763593437150121 ], [ 586283.230392656172626, 4234313.297159882262349 ], [ 586280.038434963324107, 4234295.260623360984027 ], [ 586277.084338013781235, 4234295.783415110781789 ] ] ] ] } },
{ "type": "Feature", "properties": { "fid": 29, "uipfonksiyon": "TİCARET - KONUT ALANI", "nizam": "A", "yanbahce": "6.5", "taks": "0.3", "kaks": "1.2", "onbahce": "5.5", "katadedi": "4", "yencok": null, "emsal": null, "aream2": 507.52, "facade_front": "2,3", "facade_side": "", "facade_back": "0,1,4", "facade_count": 2, "is_corner": true, "front_direction": "N", "bina_alan_m2": 59.16, "taks_kullanim": 0.1166 }, "geometry": { "type": "MultiPolygon", "coordinates": [ [ [ [ 586274.337036681710742, 4234263.04419437982142 ], [ 586271.381879390450194, 4234263.560994542203844 ], [ 586274.818907098961063, 4234282.982328329235315 ], [ 586277.773004048503935, 4234282.459536579437554 ], [ 586274.337036681710742, 4234263.04419437982142 ] ] ] ] } },
{ "type": "Feature", "properties": { "fid": 29, "uipfonksiyon": "TİCARET - KONUT ALANI", "nizam": "A", "yanbahce": "6.5", "taks": "0.3", "kaks": "1.2", "onbahce": "5.5", "katadedi": "4", "yencok": null, "emsal": null, "aream2": 495.75, "facade_front": "", "facade_side": "", "facade_back": "0,1,2,3", "facade_count": 0, "is_corner": false, "front_direction": "belirsiz", "bina_alan_m2": 53.95, "taks_kullanim": 0.1088 }, "geometry": { "type": "MultiPolygon", "coordinates": [ [ [ [ 586261.32915428339038, 4234298.571637774817646 ], [ 586264.457944518071599, 4234316.251239061355591 ], [ 586267.422015276853926, 4234315.784805507399142 ], [ 586264.283251232933253, 4234298.048846025019884 ], [ 586261.32915428339038, 4234298.571637774817646 ] ] ] ] } },
{ "type": "Feature", "properties": { "fid": 29, "uipfonksiyon": "TİCARET - KONUT ALANI", "nizam": "A", "yanbahce": "6.5", "taks": "0.3", "kaks": "1.2", "onbahce": "5.5", "katadedi": "4", "yencok": null, "emsal": null, "aream2": 508.04, "facade_front": "2", "facade_side": "1,3", "facade_back": "0", "facade_count": 1, "is_corner": false, "front_direction": "N", "bina_alan_m2": 59.26, "taks_kullanim": 0.1166 }, "geometry": { "type": "MultiPolygon", "coordinates": [ [ [ [ 586262.017820318229496, 4234285.247759243473411 ], [ 586258.576197795220651, 4234265.800461910665035 ], [ 586255.621040503727272, 4234266.317262073047459 ], [ 586259.063723368570209, 4234285.770550993271172 ], [ 586262.017820318229496, 4234285.247759243473411 ] ] ] ] } },
{ "type": "Feature", "properties": { "fid": 29, "uipfonksiyon": "TİCARET - KONUT ALANI", "nizam": "A", "yanbahce": "6.5", "taks": "0.3", "kaks": "1.2", "onbahce": "5.5", "katadedi": "4", "yencok": null, "emsal": null, "aream2": 490.86, "facade_front": "", "facade_side": "", "facade_back": "0,1,2,3", "facade_count": 0, "is_corner": false, "front_direction": "belirsiz", "bina_alan_m2": 53.03, "taks_kullanim": 0.108 }, "geometry": { "type": "MultiPolygon", "coordinates": [ [ [ [ 586248.649567138869315, 4234318.738884686492383 ], [ 586251.613637897535227, 4234318.272451131604612 ], [ 586248.528067502658814, 4234300.837068689055741 ], [ 586245.573970553115942, 4234301.359860438853502 ], [ 586248.649567138869315, 4234318.738884686492383 ] ] ] ] } },
{ "type": "Feature", "properties": { "fid": 29, "uipfonksiyon": "TİCARET - KONUT ALANI", "nizam": "A", "yanbahce": "6.5", "taks": "0.3", "kaks": "1.2", "onbahce": "5.5", "katadedi": "4", "yencok": null, "emsal": null, "aream2": 485.98, "facade_front": "", "facade_side": "", "facade_back": "0,1,2,3", "facade_count": 0, "is_corner": false, "front_direction": "belirsiz", "bina_alan_m2": 52.12, "taks_kullanim": 0.1072 }, "geometry": { "type": "MultiPolygon", "coordinates": [ [ [ [ 586232.772883772384375, 4234303.62529135402292 ], [ 586229.818786822725087, 4234304.148083103820682 ], [ 586232.841189759317786, 4234321.226530311629176 ], [ 586235.805260518216528, 4234320.760096756741405 ], [ 586232.772883772384375, 4234303.62529135402292 ] ] ] ] } },
{ "type": "Feature", "properties": { "fid": 29, "uipfonksiyon": "TİCARET - KONUT ALANI", "nizam": "A", "yanbahce": "6.5", "taks": "0.3", "kaks": "1.2", "onbahce": "5.5", "katadedi": "4", "yencok": null, "emsal": null, "aream2": 480.6, "facade_front": "", "facade_side": "", "facade_back": "0,1,2,3,4", "facade_count": 0, "is_corner": false, "front_direction": "belirsiz", "bina_alan_m2": 51.12, "taks_kullanim": 0.1064 }, "geometry": { "type": "MultiPolygon", "coordinates": [ [ [ [ 586214.063603092567064, 4234306.936305767856538 ], [ 586217.02604604291264, 4234323.675941942259669 ], [ 586219.994038072531112, 4234323.231665996834636 ], [ 586217.017700041993521, 4234306.413514018058777 ], [ 586214.063603092567064, 4234306.936305767856538 ] ] ] ] } },
{ "type": "Feature", "properties": { "fid": 29, "uipfonksiyon": "TİCARET - KONUT ALANI", "nizam": "A", "yanbahce": "6.5", "taks": "0.3", "kaks": "1.2", "onbahce": "5.5", "katadedi": "4", "yencok": null, "emsal": null, "aream2": 473.87, "facade_front": "", "facade_side": "", "facade_back": "0,1,2,3", "facade_count": 0, "is_corner": false, "front_direction": "belirsiz", "bina_alan_m2": 49.84, "taks_kullanim": 0.1052 }, "geometry": { "type": "MultiPolygon", "coordinates": [ [ [ [ 586201.262516311835498, 4234309.201736682094634 ], [ 586198.308419362292625, 4234309.724528431892395 ], [ 586201.196755217737518, 4234326.04541365429759 ], [ 586204.164747247588821, 4234325.601137708872557 ], [ 586201.262516311835498, 4234309.201736682094634 ] ] ] ] } },
{ "type": "Feature", "properties": { "fid": 29, "uipfonksiyon": "TİCARET - KONUT ALANI", "nizam": "A", "yanbahce": "6.5", "taks": "0.3", "kaks": "1.2", "onbahce": "5.5", "katadedi": "4", "yencok": null, "emsal": null, "aream2": 508.56, "facade_front": "3", "facade_side": "0,2", "facade_back": "1", "facade_count": 1, "is_corner": false, "front_direction": "N", "bina_alan_m2": 59.35, "taks_kullanim": 0.1167 }, "geometry": { "type": "MultiPolygon", "coordinates": [ [ [ [ 586243.30853963829577, 4234288.558773657307029 ], [ 586246.262636587838642, 4234288.035981907509267 ], [ 586242.815358908614144, 4234268.556729442439973 ], [ 586239.86020161723718, 4234269.073529604822397 ], [ 586243.30853963829577, 4234288.558773657307029 ] ] ] ] } },
{ "type": "Feature", "properties": { "fid": 29, "uipfonksiyon": "TİCARET - KONUT ALANI", "nizam": "A", "yanbahce": "6.5", "taks": "0.3", "kaks": "1.2", "onbahce": "5.5", "katadedi": "4", "yencok": null, "emsal": null, "aream2": 509.08, "facade_front": "1", "facade_side": "0,2", "facade_back": "3", "facade_count": 1, "is_corner": false, "front_direction": "N", "bina_alan_m2": 59.45, "taks_kullanim": 0.1168 }, "geometry": { "type": "MultiPolygon", "coordinates": [ [ [ [ 586227.054520022124052, 4234271.312996974214911 ], [ 586224.099362730863504, 4234271.829797136597335 ], [ 586227.553355907904916, 4234291.346996321342885 ], [ 586230.507452857564203, 4234290.824204572476447 ], [ 586227.054520022124052, 4234271.312996974214911 ] ] ] ] } },
{ "type": "Feature", "properties": { "fid": 29, "uipfonksiyon": "TİCARET - KONUT ALANI", "nizam": "A", "yanbahce": "6.5", "taks": "0.3", "kaks": "1.2", "onbahce": "5.5", "katadedi": "4", "yencok": null, "emsal": null, "aream2": 509.51, "facade_front": "1,2", "facade_side": "", "facade_back": "0,3,4", "facade_count": 2, "is_corner": true, "front_direction": "N", "bina_alan_m2": 59.55, "taks_kullanim": 0.1169 }, "geometry": { "type": "MultiPolygon", "coordinates": [ [ [ [ 586208.338523844606243, 4234274.586064669303596 ], [ 586211.798172177863307, 4234294.135218986310065 ], [ 586214.752269127173349, 4234293.612427236512303 ], [ 586211.293681135750376, 4234274.069264506921172 ], [ 586208.338523844606243, 4234274.586064669303596 ] ] ] ] } },
{ "type": "Feature", "properties": { "fid": 29, "uipfonksiyon": "TİCARET - KONUT ALANI", "nizam": "A", "yanbahce": "6.5", "taks": "0.3", "kaks": "1.2", "onbahce": "5.5", "katadedi": "4", "yencok": null, "emsal": null, "aream2": 508.63, "facade_front": "1", "facade_side": "0,2", "facade_back": "3", "facade_count": 1, "is_corner": false, "front_direction": "N", "bina_alan_m2": 59.37, "taks_kullanim": 0.1167 }, "geometry": { "type": "MultiPolygon", "coordinates": [ [ [ [ 586195.54712574032601, 4234276.906242603436112 ], [ 586192.595720514073037, 4234277.444244254380465 ], [ 586196.042988447588868, 4234296.923441650345922 ], [ 586198.997085397015326, 4234296.40064990054816 ], [ 586195.54712574032601, 4234276.906242603436112 ] ] ] ] } },
{ "type": "Feature", "properties": { "fid": 29, "uipfonksiyon": "TİCARET - KONUT ALANI", "nizam": "A", "yanbahce": "6.5", "taks": "0.3", "kaks": "1.2", "onbahce": "5.5", "katadedi": "4", "yencok": null, "emsal": null, "aream2": 467.06, "facade_front": "", "facade_side": "", "facade_back": "0,1,2,3", "facade_count": 0, "is_corner": false, "front_direction": "belirsiz", "bina_alan_m2": 48.57, "taks_kullanim": 0.104 }, "geometry": { "type": "MultiPolygon", "coordinates": [ [ [ [ 586182.553235632018186, 4234312.512751095928252 ], [ 586185.367464392678812, 4234328.414885366335511 ], [ 586188.335456422413699, 4234327.970609419979155 ], [ 586185.507332581561059, 4234311.98995934613049 ], [ 586182.553235632018186, 4234312.512751095928252 ] ] ] ] } },
{ "type": "Feature", "properties": { "fid": 29, "uipfonksiyon": "TİCARET - KONUT ALANI", "nizam": "A", "yanbahce": "6.5", "taks": "0.3", "kaks": "1.2", "onbahce": "5.5", "katadedi": "4", "yencok": null, "emsal": null, "aream2": 507.32, "facade_front": "2", "facade_side": "1,3", "facade_back": "0", "facade_count": 1, "is_corner": false, "front_direction": "N", "bina_alan_m2": 59.12, "taks_kullanim": 0.1165 }, "geometry": { "type": "MultiPolygon", "coordinates": [ [ [ [ 586183.241901666740887, 4234299.188872564584017 ], [ 586179.80629786697682, 4234279.775584743358195 ], [ 586176.854892640491016, 4234280.313586394302547 ], [ 586180.287804717198014, 4234299.711664314381778 ], [ 586183.241901666740887, 4234299.188872564584017 ] ] ] ] } },
{ "type": "Feature", "properties": { "fid": 29, "uipfonksiyon": "TİCARET - KONUT ALANI", "nizam": "A", "yanbahce": "6.5", "taks": "0.3", "kaks": "1.2", "onbahce": "5.5", "katadedi": "4", "yencok": null, "emsal": null, "aream2": 460.26, "facade_front": "", "facade_side": "", "facade_back": "0,1,2,3", "facade_count": 0, "is_corner": false, "front_direction": "belirsiz", "bina_alan_m2": 47.29, "taks_kullanim": 0.1027 }, "geometry": { "type": "MultiPolygon", "coordinates": [ [ [ [ 586166.798051901627332, 4234315.300973759964108 ], [ 586169.538173567387275, 4234330.784357079304755 ], [ 586172.506165597354993, 4234330.340081132948399 ], [ 586169.75214885128662, 4234314.778182010166347 ], [ 586166.798051901627332, 4234315.300973759964108 ] ] ] ] } },
{ "type": "Feature", "properties": { "fid": 29, "uipfonksiyon": "TİCARET - KONUT ALANI", "nizam": "A", "yanbahce": "6.5", "taks": "0.3", "kaks": "1.2", "onbahce": "5.5", "katadedi": "4", "yencok": null, "emsal": null, "aream2": 506.0, "facade_front": "2", "facade_side": "1,3", "facade_back": "0", "facade_count": 1, "is_corner": false, "front_direction": "N", "bina_alan_m2": 58.87, "taks_kullanim": 0.1164 }, "geometry": { "type": "MultiPolygon", "coordinates": [ [ [ [ 586167.486717936466448, 4234301.977095229551196 ], [ 586164.065469993278384, 4234282.6449268842116 ], [ 586161.114064767025411, 4234283.182928535155952 ], [ 586164.53262098680716, 4234302.499886979348958 ], [ 586167.486717936466448, 4234301.977095229551196 ] ] ] ] } },
{ "type": "Feature", "properties": { "fid": 29, "uipfonksiyon": "TİCARET - KONUT ALANI", "nizam": "A", "yanbahce": "6.5", "taks": "0.3", "kaks": "1.2", "onbahce": "5.5", "katadedi": "4", "yencok": null, "emsal": null, "aream2": 453.34, "facade_front": "", "facade_side": "", "facade_back": "0,1,2,3,4", "facade_count": 0, "is_corner": false, "front_direction": "belirsiz", "bina_alan_m2": 46.0, "taks_kullanim": 0.1015 }, "geometry": { "type": "MultiPolygon", "coordinates": [ [ [ [ 586153.707268544589169, 4234333.144707575440407 ], [ 586156.676153003470972, 4234332.705474406480789 ], [ 586153.996965120895766, 4234317.566404675133526 ], [ 586151.042868171469308, 4234318.089196424931288 ], [ 586153.707268544589169, 4234333.144707575440407 ] ] ] ] } },
{ "type": "Feature", "properties": { "fid": 29, "uipfonksiyon": "TİCARET - KONUT ALANI", "nizam": "A", "yanbahce": "6.5", "taks": "0.3", "kaks": "1.2", "onbahce": "5.5", "katadedi": "4", "yencok": null, "emsal": null, "aream2": 504.68, "facade_front": "2", "facade_side": "1,3", "facade_back": "0", "facade_count": 1, "is_corner": false, "front_direction": "N", "bina_alan_m2": 58.63, "taks_kullanim": 0.1162 }, "geometry": { "type": "MultiPolygon", "coordinates": [ [ [ [ 586151.731534206075594, 4234304.765317893587053 ], [ 586148.324642119929194, 4234285.514269024133682 ], [ 586145.373236893676221, 4234286.052270675078034 ], [ 586148.777437256649137, 4234305.288109643384814 ], [ 586151.731534206075594, 4234304.765317893587053 ] ] ] ] } },
{ "type": "Feature", "properties": { "fid": 29, "uipfonksiyon": "TİCARET - KONUT ALANI", "nizam": "A", "yanbahce": "6.5", "taks": "0.3", "kaks": "1.2", "onbahce": "5.5", "katadedi": "4", "yencok": null, "emsal": null, "aream2": 570.76, "facade_front": "1,2,3,4,5,6", "facade_side": "", "facade_back": "0,7", "facade_count": 6, "is_corner": true, "front_direction": "coklu", "bina_alan_m2": 137.1, "taks_kullanim": 0.2402 }, "geometry": { "type": "MultiPolygon", "coordinates": [ [ [ [ 586134.341176628484391, 4234337.020718907006085 ], [ 586141.016436171485111, 4234336.033144131302834 ], [ 586138.241781390621327, 4234320.354627339169383 ], [ 586129.362511805142276, 4234321.926007344387472 ], [ 586132.673879754031077, 4234336.864967091009021 ], [ 586132.879441247438081, 4234337.215031662024558 ], [ 586134.341176628484391, 4234337.020718907006085 ] ] ] ] } },
{ "type": "Feature", "properties": { "fid": 29, "uipfonksiyon": "TİCARET - KONUT ALANI", "nizam": "A", "yanbahce": "6.5", "taks": "0.3", "kaks": "1.2", "onbahce": "5.5", "katadedi": "4", "yencok": null, "emsal": null, "aream2": 679.34, "facade_front": "2,3,4,5,6,7,8", "facade_side": "", "facade_back": "0,1", "facade_count": 7, "is_corner": true, "front_direction": "coklu", "bina_alan_m2": 191.5, "taks_kullanim": 0.2819 }, "geometry": { "type": "MultiPolygon", "coordinates": [ [ [ [ 586132.583814246580005, 4234288.383611164987087 ], [ 586125.526991012506187, 4234289.669975544326007 ], [ 586122.631865620729513, 4234290.760981692932546 ], [ 586126.569318137364462, 4234309.21831966843456 ], [ 586135.97635047591757, 4234307.55354055762291 ], [ 586132.583814246580005, 4234288.383611164987087 ] ] ] ] } },
{ "type": "Feature", "properties": { "fid": 30, "uipfonksiyon": "YERLEŞİK KONUT ALANI", "nizam": "A", "yanbahce": "6.5", "taks": "0.3", "kaks": "1.2", "onbahce": "5.5", "katadedi": "4", "yencok": null, "emsal": null, "aream2": 466.88, "facade_front": "2,3,4,5,6", "facade_side": "", "facade_back": "0,1", "facade_count": 5, "is_corner": true, "front_direction": "coklu", "bina_alan_m2": 48.65, "taks_kullanim": 0.1042 }, "geometry": { "type": "MultiPolygon", "coordinates": [ [ [ [ 585953.388175318599679, 4234354.053316781297326 ], [ 585955.117316687479615, 4234364.87715853843838 ], [ 585962.15448853361886, 4234352.652871803380549 ], [ 585953.388175318599679, 4234354.053316781297326 ] ] ] ] } },
{ "type": "Feature", "properties": { "fid": 30, "uipfonksiyon": "YERLEŞİK KONUT ALANI", "nizam": "A", "yanbahce": "6.5", "taks": "0.3", "kaks": "1.2", "onbahce": "5.5", "katadedi": "4", "yencok": null, "emsal": null, "aream2": 468.4, "facade_front": "0,1,2,3,4,5,6,7,8", "facade_side": "", "facade_back": "9", "facade_count": 9, "is_corner": true, "front_direction": "coklu", "bina_alan_m2": 74.88, "taks_kullanim": 0.1599 }, "geometry": { "type": "MultiPolygon", "coordinates": [ [ [ [ 585964.2268549464643, 4234320.475219651125371 ], [ 585967.294801429728977, 4234339.679529868066311 ], [ 585968.235884458525106, 4234339.529189015738666 ], [ 585970.021519952104427, 4234334.20872407592833 ], [ 585969.402705990360118, 4234319.648361834697425 ], [ 585964.2268549464643, 4234320.475219651125371 ] ] ] ] } },
{ "type": "Feature", "properties": { "fid": 30, "uipfonksiyon": "YERLEŞİK KONUT ALANI", "nizam": "A", "yanbahce": "6.5", "taks": "0.3", "kaks": "1.2", "onbahce": "5.5", "katadedi": "4", "yencok": null, "emsal": null, "aream2": 487.03, "facade_front": "2,3", "facade_side": "", "facade_back": "0,1,4", "facade_count": 2, "is_corner": true, "front_direction": "N", "bina_alan_m2": 55.34, "taks_kullanim": 0.1136 }, "geometry": { "type": "MultiPolygon", "coordinates": [ [ [ [ 585951.389632472884841, 4234322.526004661805928 ], [ 585949.29779151675757, 4234322.860182563774288 ], [ 585948.427891319384798, 4234323.003611968830228 ], [ 585951.337390307337046, 4234341.216094307601452 ], [ 585954.299826262984425, 4234340.74283622764051 ], [ 585951.389632472884841, 4234322.526004661805928 ] ] ] ] } },
{ "type": "Feature", "properties": { "fid": 30, "uipfonksiyon": "YERLEŞİK KONUT ALANI", "nizam": "A", "yanbahce": "6.5", "taks": "0.3", "kaks": "1.2", "onbahce": "5.5", "katadedi": "4", "yencok": null, "emsal": null, "aream2": 484.56, "facade_front": "2,3", "facade_side": "", "facade_back": "0,1,4", "facade_count": 2, "is_corner": true, "front_direction": "S", "bina_alan_m2": 54.14, "taks_kullanim": 0.1117 }, "geometry": { "type": "MultiPolygon", "coordinates": [ [ [ [ 585940.427094211103395, 4234374.345896497368813 ], [ 585943.406503379810601, 4234373.978885008022189 ], [ 585940.55095284502022, 4234356.104101791977882 ], [ 585937.588516889605671, 4234356.577359871938825 ], [ 585940.427094211103395, 4234374.345896497368813 ] ] ] ] } },
{ "type": "Feature", "properties": { "fid": 30, "uipfonksiyon": "YERLEŞİK KONUT ALANI", "nizam": "A", "yanbahce": "6.5", "taks": "0.3", "kaks": "1.2", "onbahce": "5.5", "katadedi": "4", "yencok": null, "emsal": null, "aream2": 485.94, "facade_front": "2", "facade_side": "1,3", "facade_back": "0", "facade_count": 1, "is_corner": false, "front_direction": "N", "bina_alan_m2": 55.11, "taks_kullanim": 0.1134 }, "geometry": { "type": "MultiPolygon", "coordinates": [ [ [ [ 585938.500167833757587, 4234343.266879318282008 ], [ 585935.600913944304921, 4234325.118527841754258 ], [ 585932.640842242399231, 4234325.606585350818932 ], [ 585935.537731878343038, 4234343.74013739824295 ], [ 585938.500167833757587, 4234343.266879318282008 ] ] ] ] } },
{ "type": "Feature", "properties": { "fid": 30, "uipfonksiyon": "YERLEŞİK KONUT ALANI", "nizam": "A", "yanbahce": "6.5", "taks": "0.3", "kaks": "1.2", "onbahce": "5.5", "katadedi": "4", "yencok": null, "emsal": null, "aream2": 483.04, "facade_front": "2", "facade_side": "1,3", "facade_back": "0", "facade_count": 1, "is_corner": false, "front_direction": "S", "bina_alan_m2": 54.57, "taks_kullanim": 0.113 }, "geometry": { "type": "MultiPolygon", "coordinates": [ [ [ [ 585921.788858460495248, 4234359.101402962580323 ], [ 585924.656929352786392, 4234377.054559393785894 ], [ 585927.622183305793442, 4234376.598941028118134 ], [ 585924.751294416026212, 4234358.628144882619381 ], [ 585921.788858460495248, 4234359.101402962580323 ] ] ] ] } },
{ "type": "Feature", "properties": { "fid": 30, "uipfonksiyon": "YERLEŞİK KONUT ALANI", "nizam": "A", "yanbahce": "6.5", "taks": "0.3", "kaks": "1.2", "onbahce": "5.5", "katadedi": "4", "yencok": null, "emsal": null, "aream2": 484.83, "facade_front": "2,3", "facade_side": "", "facade_back": "0,1,4", "facade_count": 2, "is_corner": true, "front_direction": "N", "bina_alan_m2": 54.87, "taks_kullanim": 0.1132 }, "geometry": { "type": "MultiPolygon", "coordinates": [ [ [ [ 585919.813864867319353, 4234327.721501223742962 ], [ 585916.853793165530078, 4234328.209558732807636 ], [ 585919.738073449232616, 4234346.264180488884449 ], [ 585922.700509404763579, 4234345.790922408923507 ], [ 585919.813864867319353, 4234327.721501223742962 ] ] ] ] } },
{ "type": "Feature", "properties": { "fid": 30, "uipfonksiyon": "YERLEŞİK KONUT ALANI", "nizam": "A", "yanbahce": "6.5", "taks": "0.3", "kaks": "1.2", "onbahce": "5.5", "katadedi": "4", "yencok": null, "emsal": null, "aream2": 481.51, "facade_front": "", "facade_side": "", "facade_back": "0,1,2,3", "facade_count": 0, "is_corner": false, "front_direction": "belirsiz", "bina_alan_m2": 51.28, "taks_kullanim": 0.1065 }, "geometry": { "type": "MultiPolygon", "coordinates": [ [ [ [ 585908.68448611383792, 4234378.497027852572501 ], [ 585911.64974006684497, 4234378.04140948690474 ], [ 585908.95163598691579, 4234361.15218797326088 ], [ 585905.989200031384826, 4234361.625446053221822 ], [ 585908.68448611383792, 4234378.497027852572501 ] ] ] ] } },
{ "type": "Feature", "properties": { "fid": 30, "uipfonksiyon": "YERLEŞİK KONUT ALANI", "nizam": "A", "yanbahce": "6.5", "taks": "0.3", "kaks": "1.2", "onbahce": "5.5", "katadedi": "4", "yencok": null, "emsal": null, "aream2": 480.03, "facade_front": "", "facade_side": "", "facade_back": "0,1,2,3,4", "facade_count": 0, "is_corner": false, "front_direction": "belirsiz", "bina_alan_m2": 50.99, "taks_kullanim": 0.1062 }, "geometry": { "type": "MultiPolygon", "coordinates": [ [ [ [ 585892.916270272806287, 4234380.919851949438453 ], [ 585895.834068627213128, 4234380.465216533280909 ], [ 585893.151977557805367, 4234363.676231063902378 ], [ 585890.189541602274403, 4234364.14948914386332 ], [ 585892.869798364583403, 4234380.926992469467223 ], [ 585892.916270272806287, 4234380.919851949438453 ] ] ] ] } },
{ "type": "Feature", "properties": { "fid": 30, "uipfonksiyon": "YERLEŞİK KONUT ALANI", "nizam": "A", "yanbahce": "6.5", "taks": "0.3", "kaks": "1.2", "onbahce": "5.5", "katadedi": "4", "yencok": null, "emsal": null, "aream2": 478.95, "facade_front": "", "facade_side": "", "facade_back": "0,1,2,3", "facade_count": 0, "is_corner": false, "front_direction": "belirsiz", "bina_alan_m2": 50.8, "taks_kullanim": 0.1061 }, "geometry": { "type": "MultiPolygon", "coordinates": [ [ [ [ 585877.352319128694944, 4234366.200274154543877 ], [ 585874.38988317316398, 4234366.673532234504819 ], [ 585877.060456157429144, 4234383.390418374910951 ], [ 585880.024710758007132, 4234382.928544400259852 ], [ 585877.352319128694944, 4234366.200274154543877 ] ] ] ] } },
{ "type": "Feature", "properties": { "fid": 30, "uipfonksiyon": "YERLEŞİK KONUT ALANI", "nizam": "A", "yanbahce": "6.5", "taks": "0.3", "kaks": "1.2", "onbahce": "5.5", "katadedi": "4", "yencok": null, "emsal": null, "aream2": 477.97, "facade_front": "", "facade_side": "", "facade_back": "0,1,2,3", "facade_count": 0, "is_corner": false, "front_direction": "belirsiz", "bina_alan_m2": 50.62, "taks_kullanim": 0.1059 }, "geometry": { "type": "MultiPolygon", "coordinates": [ [ [ [ 585861.552660699584521, 4234368.724317245185375 ], [ 585858.590224744053558, 4234369.197575325146317 ], [ 585861.251098288223147, 4234385.853746241889894 ], [ 585864.215352888801135, 4234385.391872267238796 ], [ 585861.552660699584521, 4234368.724317245185375 ] ] ] ] } },
{ "type": "Feature", "properties": { "fid": 30, "uipfonksiyon": "YERLEŞİK KONUT ALANI", "nizam": "A", "yanbahce": "6.5", "taks": "0.3", "kaks": "1.2", "onbahce": "5.5", "katadedi": "4", "yencok": null, "emsal": null, "aream2": 476.99, "facade_front": "", "facade_side": "", "facade_back": "0,1,2,3", "facade_count": 0, "is_corner": false, "front_direction": "belirsiz", "bina_alan_m2": 50.43, "taks_kullanim": 0.1057 }, "geometry": { "type": "MultiPolygon", "coordinates": [ [ [ [ 585845.753002270474099, 4234371.248360335826874 ], [ 585842.790566314943135, 4234371.721618415787816 ], [ 585845.441740419017151, 4234388.317074108868837 ], [ 585848.405995019595139, 4234387.855200134217739 ], [ 585845.753002270474099, 4234371.248360335826874 ] ] ] ] } },
{ "type": "Feature", "properties": { "fid": 30, "uipfonksiyon": "YERLEŞİK KONUT ALANI", "nizam": "A", "yanbahce": "6.5", "taks": "0.3", "kaks": "1.2", "onbahce": "5.5", "katadedi": "4", "yencok": null, "emsal": null, "aream2": 474.6, "facade_front": "3,4,5", "facade_side": "", "facade_back": "0,1,2", "facade_count": 3, "is_corner": true, "front_direction": "S", "bina_alan_m2": 52.66, "taks_kullanim": 0.111 }, "geometry": { "type": "MultiPolygon", "coordinates": [ [ [ [ 585829.759811049560085, 4234391.578061404637992 ], [ 585832.722247005091049, 4234391.104803325608373 ], [ 585829.953343841363676, 4234373.772403426468372 ], [ 585826.990907885832712, 4234374.245661506429315 ], [ 585829.759811049560085, 4234391.578061404637992 ] ] ] ] } },
{ "type": "Feature", "properties": { "fid": 30, "uipfonksiyon": "YERLEŞİK KONUT ALANI", "nizam": "A", "yanbahce": "6.5", "taks": "0.3", "kaks": "1.2", "onbahce": "5.5", "katadedi": "4", "yencok": null, "emsal": null, "aream2": 472.83, "facade_front": "3", "facade_side": "0,2", "facade_back": "1", "facade_count": 1, "is_corner": false, "front_direction": "S", "bina_alan_m2": 52.66, "taks_kullanim": 0.1114 }, "geometry": { "type": "MultiPolygon", "coordinates": [ [ [ [ 585814.153685412253253, 4234376.296446517109871 ], [ 585811.191249456722289, 4234376.769704597070813 ], [ 585813.960152620216832, 4234394.102104495279491 ], [ 585816.922588575864211, 4234393.628846415318549 ], [ 585814.153685412253253, 4234376.296446517109871 ] ] ] ] } },
{ "type": "Feature", "properties": { "fid": 30, "uipfonksiyon": "YERLEŞİK KONUT ALANI", "nizam": "A", "yanbahce": "6.5", "taks": "0.3", "kaks": "1.2", "onbahce": "5.5", "katadedi": "4", "yencok": null, "emsal": null, "aream2": 457.8, "facade_front": "4", "facade_side": "0,2,3", "facade_back": "1", "facade_count": 1, "is_corner": false, "front_direction": "S", "bina_alan_m2": 48.63, "taks_kullanim": 0.1062 }, "geometry": { "type": "MultiPolygon", "coordinates": [ [ [ [ 585795.391591027611867, 4234379.293747687712312 ], [ 585797.763149092439562, 4234394.13890128582716 ], [ 585801.096903942991048, 4234395.989974249154329 ], [ 585798.35402698314283, 4234378.820489607751369 ], [ 585795.391591027611867, 4234379.293747687712312 ] ] ] ] } },
{ "type": "Feature", "properties": { "fid": 30, "uipfonksiyon": "YERLEŞİK KONUT ALANI", "nizam": "A", "yanbahce": "6.5", "taks": "0.3", "kaks": "1.2", "onbahce": "5.5", "katadedi": "4", "yencok": null, "emsal": null, "aream2": 777.87, "facade_front": "1", "facade_side": "0,2,3,5", "facade_back": "4", "facade_count": 1, "is_corner": false, "front_direction": "N", "bina_alan_m2": 104.56, "taks_kullanim": 0.1344 }, "geometry": { "type": "MultiPolygon", "coordinates": [ [ [ [ 585779.983123223879375, 4234384.266512149944901 ], [ 585783.31687807419803, 4234386.117585113272071 ], [ 585779.392999389674515, 4234361.555428008548915 ], [ 585777.634464784059674, 4234350.547594502568245 ], [ 585774.668642674107105, 4234350.999656396917999 ], [ 585779.983123223879375, 4234384.266512149944901 ] ] ] ] } },
{ "type": "Feature", "properties": { "fid": 30, "uipfonksiyon": "YERLEŞİK KONUT ALANI", "nizam": "A", "yanbahce": "6.5", "taks": "0.3", "kaks": "1.2", "onbahce": "5.5", "katadedi": "4", "yencok": null, "emsal": null, "aream2": 605.77, "facade_front": "1,2,3", "facade_side": "", "facade_back": "0,4,5,6,7,8", "facade_count": 3, "is_corner": true, "front_direction": "coklu", "bina_alan_m2": 90.47, "taks_kullanim": 0.1493 }, "geometry": { "type": "MultiPolygon", "coordinates": [ [ [ [ 585760.709740329068154, 4234373.564934024587274 ], [ 585765.536852205055766, 4234376.245195975527167 ], [ 585761.816746864351444, 4234352.958591273985803 ], [ 585758.089366499334574, 4234353.52673277631402 ], [ 585760.096433217520826, 4234369.76237840950489 ], [ 585760.709740329068154, 4234373.564934024587274 ] ] ] ] } },
{ "type": "Feature", "properties": { "fid": 30, "uipfonksiyon": "YERLEŞİK KONUT ALANI", "nizam": "A", "yanbahce": "6.5", "taks": "0.3", "kaks": "1.2", "onbahce": "5.5", "katadedi": "4", "yencok": null, "emsal": null, "aream2": 484.1, "facade_front": "3", "facade_side": "0,2", "facade_back": "1", "facade_count": 1, "is_corner": false, "front_direction": "N", "bina_alan_m2": 54.77, "taks_kullanim": 0.1131 }, "geometry": { "type": "MultiPolygon", "coordinates": [ [ [ [ 585903.938415020122193, 4234348.788223579525948 ], [ 585906.900850975653157, 4234348.314965499565005 ], [ 585904.020182241336443, 4234330.282950825057924 ], [ 585901.059071374242194, 4234330.764503511600196 ], [ 585903.938415020122193, 4234348.788223579525948 ] ] ] ] } },
{ "type": "Feature", "properties": { "fid": 30, "uipfonksiyon": "YERLEŞİK KONUT ALANI", "nizam": "A", "yanbahce": "6.5", "taks": "0.3", "kaks": "1.2", "onbahce": "5.5", "katadedi": "4", "yencok": null, "emsal": null, "aream2": 483.39, "facade_front": "3,4", "facade_side": "", "facade_back": "0,1,2", "facade_count": 2, "is_corner": true, "front_direction": "N", "bina_alan_m2": 54.63, "taks_kullanim": 0.113 }, "geometry": { "type": "MultiPolygon", "coordinates": [ [ [ [ 585891.101192546542734, 4234350.839008590206504 ], [ 585888.22759095125366, 4234332.851231822744012 ], [ 585888.18498213973362, 4234332.858161109499633 ], [ 585885.266480084392242, 4234333.332784509286284 ], [ 585888.13875659101177, 4234351.312266670167446 ], [ 585891.101192546542734, 4234350.839008590206504 ] ] ] ] } },
{ "type": "Feature", "properties": { "fid": 30, "uipfonksiyon": "YERLEŞİK KONUT ALANI", "nizam": "A", "yanbahce": "6.5", "taks": "0.3", "kaks": "1.2", "onbahce": "5.5", "katadedi": "4", "yencok": null, "emsal": null, "aream2": 482.67, "facade_front": "1", "facade_side": "0,2", "facade_back": "3", "facade_count": 1, "is_corner": false, "front_direction": "N", "bina_alan_m2": 54.5, "taks_kullanim": 0.1129 }, "geometry": { "type": "MultiPolygon", "coordinates": [ [ [ [ 585872.434999661054462, 4234335.4195128204301 ], [ 585869.473888794193044, 4234335.901065506972373 ], [ 585872.339098161901347, 4234353.836309760808945 ], [ 585875.301534117432311, 4234353.363051680848002 ], [ 585872.434999661054462, 4234335.4195128204301 ] ] ] ] } },
{ "type": "Feature", "properties": { "fid": 30, "uipfonksiyon": "YERLEŞİK KONUT ALANI", "nizam": "A", "yanbahce": "6.5", "taks": "0.3", "kaks": "1.2", "onbahce": "5.5", "katadedi": "4", "yencok": null, "emsal": null, "aream2": 481.95, "facade_front": "1,2", "facade_side": "", "facade_back": "0,3,4", "facade_count": 2, "is_corner": true, "front_direction": "N", "bina_alan_m2": 54.37, "taks_kullanim": 0.1128 }, "geometry": { "type": "MultiPolygon", "coordinates": [ [ [ [ 585853.681297504226677, 4234338.469346505589783 ], [ 585856.539439732790925, 4234356.360352851450443 ], [ 585859.501875688321888, 4234355.887094771489501 ], [ 585856.642408371320926, 4234337.987793819047511 ], [ 585853.681297504226677, 4234338.469346505589783 ] ] ] ] } },
{ "type": "Feature", "properties": { "fid": 30, "uipfonksiyon": "YERLEŞİK KONUT ALANI", "nizam": "A", "yanbahce": "6.5", "taks": "0.3", "kaks": "1.2", "onbahce": "5.5", "katadedi": "4", "yencok": null, "emsal": null, "aream2": 481.24, "facade_front": "1", "facade_side": "0,2", "facade_back": "3", "facade_count": 1, "is_corner": false, "front_direction": "N", "bina_alan_m2": 54.23, "taks_kullanim": 0.1127 }, "geometry": { "type": "MultiPolygon", "coordinates": [ [ [ [ 585840.849817081005313, 4234340.556074815802276 ], [ 585837.888706214143895, 4234341.037627502344549 ], [ 585840.739781303680502, 4234358.884395942091942 ], [ 585843.702217259211466, 4234358.411137862131 ], [ 585840.849817081005313, 4234340.556074815802276 ] ] ] ] } },
{ "type": "Feature", "properties": { "fid": 30, "uipfonksiyon": "YERLEŞİK KONUT ALANI", "nizam": "A", "yanbahce": "6.5", "taks": "0.3", "kaks": "1.2", "onbahce": "5.5", "katadedi": "4", "yencok": null, "emsal": null, "aream2": 480.52, "facade_front": "1,2", "facade_side": "", "facade_back": "0,3,4", "facade_count": 2, "is_corner": true, "front_direction": "N", "bina_alan_m2": 54.1, "taks_kullanim": 0.1126 }, "geometry": { "type": "MultiPolygon", "coordinates": [ [ [ [ 585822.096114924177527, 4234343.605908500961959 ], [ 585824.940122874570079, 4234361.40843903273344 ], [ 585827.902558830101043, 4234360.935180952772498 ], [ 585825.057225791155361, 4234343.124355813488364 ], [ 585822.096114924177527, 4234343.605908500961959 ] ] ] ] } },
{ "type": "Feature", "properties": { "fid": 30, "uipfonksiyon": "YERLEŞİK KONUT ALANI", "nizam": "A", "yanbahce": "6.5", "taks": "0.3", "kaks": "1.2", "onbahce": "5.5", "katadedi": "4", "yencok": null, "emsal": null, "aream2": 479.99, "facade_front": "1,2", "facade_side": "", "facade_back": "0,3,4", "facade_count": 2, "is_corner": true, "front_direction": "N", "bina_alan_m2": 53.91, "taks_kullanim": 0.1123 }, "geometry": { "type": "MultiPolygon", "coordinates": [ [ [ [ 585806.304078513407148, 4234346.177662855014205 ], [ 585809.140464445459656, 4234363.932482123374939 ], [ 585812.10290040099062, 4234363.459224043413997 ], [ 585809.269900623359717, 4234345.725600960664451 ], [ 585806.304078513407148, 4234346.177662855014205 ] ] ] ] } },
{ "type": "Feature", "properties": { "fid": 30, "uipfonksiyon": "YERLEŞİK KONUT ALANI", "nizam": "A", "yanbahce": "6.5", "taks": "0.3", "kaks": "1.2", "onbahce": "5.5", "katadedi": "4", "yencok": null, "emsal": null, "aream2": 481.34, "facade_front": "1", "facade_side": "0,2", "facade_back": "3", "facade_count": 1, "is_corner": false, "front_direction": "N", "bina_alan_m2": 54.25, "taks_kullanim": 0.1127 }, "geometry": { "type": "MultiPolygon", "coordinates": [ [ [ [ 585793.452182703651488, 4234348.136597731150687 ], [ 585790.486360593698919, 4234348.588659625500441 ], [ 585793.340806016349234, 4234366.456525214016438 ], [ 585796.303241971880198, 4234365.983267134055495 ], [ 585793.452182703651488, 4234348.136597731150687 ] ] ] ] } },
{ "type": "Feature", "properties": { "fid": 31, "uipfonksiyon": "YERLEŞİK KONUT ALANI", "nizam": "A", "yanbahce": "6.5", "taks": "0.3", "kaks": "1.2", "onbahce": "5.5", "katadedi": "4", "yencok": null, "emsal": null, "aream2": 518.33, "facade_front": "1,2,3,4,5,6,7", "facade_side": "", "facade_back": "0,8,9", "facade_count": 7, "is_corner": true, "front_direction": "coklu", "bina_alan_m2": 98.39, "taks_kullanim": 0.1898 }, "geometry": { "type": "MultiPolygon", "coordinates": [ [ [ [ 586096.616136346827261, 4234295.280195096507668 ], [ 586100.113891474436969, 4234312.898146382533014 ], [ 586105.626873532077298, 4234311.753698751330376 ], [ 586101.865086308564059, 4234294.26063147559762 ], [ 586096.616136346827261, 4234295.280195096507668 ] ] ] ] } },
{ "type": "Feature", "properties": { "fid": 31, "uipfonksiyon": "YERLEŞİK KONUT ALANI", "nizam": "A", "yanbahce": "6.5", "taks": "0.3", "kaks": "1.2", "onbahce": "5.5", "katadedi": "4", "yencok": null, "emsal": null, "aream2": 482.37, "facade_front": "3", "facade_side": "0,1,2,4", "facade_back": "5", "facade_count": 1, "is_corner": false, "front_direction": "N", "bina_alan_m2": 54.44, "taks_kullanim": 0.1129 }, "geometry": { "type": "MultiPolygon", "coordinates": [ [ [ [ 586080.90955889900215, 4234298.331063383258879 ], [ 586084.447295174002647, 4234316.150396950542927 ], [ 586087.384781980072148, 4234315.540599969215691 ], [ 586083.854542169487104, 4234297.759025579318404 ], [ 586080.90955889900215, 4234298.331063383258879 ] ] ] ] } },
{ "type": "Feature", "properties": { "fid": 31, "uipfonksiyon": "YERLEŞİK KONUT ALANI", "nizam": "A", "yanbahce": "6.5", "taks": "0.3", "kaks": "1.2", "onbahce": "5.5", "katadedi": "4", "yencok": null, "emsal": null, "aream2": 485.66, "facade_front": "3", "facade_side": "0,1,2,4", "facade_back": "5", "facade_count": 1, "is_corner": false, "front_direction": "N", "bina_alan_m2": 55.06, "taks_kullanim": 0.1134 }, "geometry": { "type": "MultiPolygon", "coordinates": [ [ [ [ 586065.202981451409869, 4234301.38193167001009 ], [ 586068.780698873451911, 4234319.40264751855284 ], [ 586071.718185679754242, 4234318.792850537225604 ], [ 586068.1479647224769, 4234300.809893866069615 ], [ 586065.202981451409869, 4234301.38193167001009 ] ] ] ] } },
{ "type": "Feature", "properties": { "fid": 31, "uipfonksiyon": "YERLEŞİK KONUT ALANI", "nizam": "A", "yanbahce": "6.5", "taks": "0.3", "kaks": "1.2", "onbahce": "5.5", "katadedi": "4", "yencok": null, "emsal": null, "aream2": 564.13, "facade_front": "2,3", "facade_side": "", "facade_back": "0,1,4,5,6,7", "facade_count": 2, "is_corner": true, "front_direction": "S", "bina_alan_m2": 93.99, "taks_kullanim": 0.1666 }, "geometry": { "type": "MultiPolygon", "coordinates": [ [ [ [ 586039.9791300696088, 4234338.658763078041375 ], [ 586043.341342006111518, 4234355.593992660753429 ], [ 586048.602905125590041, 4234354.549395643174648 ], [ 586045.372649839147925, 4234337.539114790037274 ], [ 586039.9791300696088, 4234338.658763078041375 ] ] ] ] } },
{ "type": "Feature", "properties": { "fid": 31, "uipfonksiyon": "YERLEŞİK KONUT ALANI", "nizam": "A", "yanbahce": "6.5", "taks": "0.3", "kaks": "1.2", "onbahce": "5.5", "katadedi": "4", "yencok": null, "emsal": null, "aream2": 478.05, "facade_front": "2,3", "facade_side": "", "facade_back": "0,1,4", "facade_count": 2, "is_corner": true, "front_direction": "N", "bina_alan_m2": 53.63, "taks_kullanim": 0.1122 }, "geometry": { "type": "MultiPolygon", "coordinates": [ [ [ [ 586052.441387274418958, 4234303.860762152820826 ], [ 586049.496404002886266, 4234304.432799956761301 ], [ 586052.979100460303016, 4234321.97490175999701 ], [ 586055.92166937130969, 4234321.390702988021076 ], [ 586052.441387274418958, 4234303.860762152820826 ] ] ] ] } },
{ "type": "Feature", "properties": { "fid": 31, "uipfonksiyon": "YERLEŞİK KONUT ALANI", "nizam": "A", "yanbahce": "6.5", "taks": "0.3", "kaks": "1.2", "onbahce": "5.5", "katadedi": "4", "yencok": null, "emsal": null, "aream2": 479.11, "facade_front": "2", "facade_side": "1,3", "facade_back": "0", "facade_count": 1, "is_corner": false, "front_direction": "N", "bina_alan_m2": 53.83, "taks_kullanim": 0.1124 }, "geometry": { "type": "MultiPolygon", "coordinates": [ [ [ [ 586040.22796851338353, 4234324.506429769098759 ], [ 586036.734809826593846, 4234306.911630439572036 ], [ 586033.789826554944739, 4234307.483668243512511 ], [ 586037.285399602144025, 4234325.090628541074693 ], [ 586040.22796851338353, 4234324.506429769098759 ] ] ] ] } },
{ "type": "Feature", "properties": { "fid": 31, "uipfonksiyon": "YERLEŞİK KONUT ALANI", "nizam": "A", "yanbahce": "6.5", "taks": "0.3", "kaks": "1.2", "onbahce": "5.5", "katadedi": "4", "yencok": null, "emsal": null, "aream2": 481.58, "facade_front": "2", "facade_side": "1,3", "facade_back": "0", "facade_count": 1, "is_corner": false, "front_direction": "S", "bina_alan_m2": 54.3, "taks_kullanim": 0.1127 }, "geometry": { "type": "MultiPolygon", "coordinates": [ [ [ [ 586024.12322675390169, 4234340.957487270236015 ], [ 586027.647641148301773, 4234358.709719443693757 ], [ 586030.590210059424862, 4234358.125520671717823 ], [ 586027.06579566502478, 4234340.373288498260081 ], [ 586024.12322675390169, 4234340.957487270236015 ] ] ] ] } },
{ "type": "Feature", "properties": { "fid": 31, "uipfonksiyon": "YERLEŞİK KONUT ALANI", "nizam": "A", "yanbahce": "6.5", "taks": "0.3", "kaks": "1.2", "onbahce": "5.5", "katadedi": "4", "yencok": null, "emsal": null, "aream2": 480.17, "facade_front": "2,3", "facade_side": "", "facade_back": "0,1,4", "facade_count": 2, "is_corner": true, "front_direction": "N", "bina_alan_m2": 54.03, "taks_kullanim": 0.1125 }, "geometry": { "type": "MultiPolygon", "coordinates": [ [ [ [ 586021.028232378652319, 4234309.962498726323247 ], [ 586018.083249107119627, 4234310.534536529332399 ], [ 586021.591698744217865, 4234328.206355322152376 ], [ 586024.534267655108124, 4234327.622156550176442 ], [ 586021.028232378652319, 4234309.962498726323247 ] ] ] ] } },
{ "type": "Feature", "properties": { "fid": 31, "uipfonksiyon": "YERLEŞİK KONUT ALANI", "nizam": "A", "yanbahce": "6.5", "taks": "0.3", "kaks": "1.2", "onbahce": "5.5", "katadedi": "4", "yencok": null, "emsal": null, "aream2": 481.58, "facade_front": "2", "facade_side": "1,3", "facade_back": "0", "facade_count": 1, "is_corner": false, "front_direction": "S", "bina_alan_m2": 54.3, "taks_kullanim": 0.1127 }, "geometry": { "type": "MultiPolygon", "coordinates": [ [ [ [ 586008.4295258957427, 4234344.073214051313698 ], [ 586011.953940290142782, 4234361.82544622477144 ], [ 586014.896509201265872, 4234361.241247452795506 ], [ 586011.372094806865789, 4234343.489015279337764 ], [ 586008.4295258957427, 4234344.073214051313698 ] ] ] ] } },
{ "type": "Feature", "properties": { "fid": 31, "uipfonksiyon": "YERLEŞİK KONUT ALANI", "nizam": "A", "yanbahce": "6.5", "taks": "0.3", "kaks": "1.2", "onbahce": "5.5", "katadedi": "4", "yencok": null, "emsal": null, "aream2": 481.02, "facade_front": "2", "facade_side": "1,3", "facade_back": "0", "facade_count": 1, "is_corner": false, "front_direction": "N", "bina_alan_m2": 54.19, "taks_kullanim": 0.1127 }, "geometry": { "type": "MultiPolygon", "coordinates": [ [ [ [ 586008.840566796949133, 4234330.737883331254125 ], [ 586005.32373748277314, 4234313.023856683634222 ], [ 586002.379678913392127, 4234313.60055214818567 ], [ 586005.897997886058874, 4234331.322082103230059 ], [ 586008.840566796949133, 4234330.737883331254125 ] ] ] ] } },
{ "type": "Feature", "properties": { "fid": 31, "uipfonksiyon": "YERLEŞİK KONUT ALANI", "nizam": "A", "yanbahce": "6.5", "taks": "0.3", "kaks": "1.2", "onbahce": "5.5", "katadedi": "4", "yencok": null, "emsal": null, "aream2": 481.58, "facade_front": "2", "facade_side": "1,3", "facade_back": "0", "facade_count": 1, "is_corner": false, "front_direction": "S", "bina_alan_m2": 54.3, "taks_kullanim": 0.1127 }, "geometry": { "type": "MultiPolygon", "coordinates": [ [ [ [ 585992.735825037467293, 4234347.188940832391381 ], [ 585996.260239431983791, 4234364.941173005849123 ], [ 585999.202808343106881, 4234364.356974233873188 ], [ 585995.678393948706798, 4234346.604742060415447 ], [ 585992.735825037467293, 4234347.188940832391381 ] ] ] ] } },
{ "type": "Feature", "properties": { "fid": 31, "uipfonksiyon": "YERLEŞİK KONUT ALANI", "nizam": "A", "yanbahce": "6.5", "taks": "0.3", "kaks": "1.2", "onbahce": "5.5", "katadedi": "4", "yencok": null, "emsal": null, "aream2": 307.38, "facade_front": "0,1,2,3,4,5,6", "facade_side": "", "facade_back": "7", "facade_count": 7, "is_corner": true, "front_direction": "coklu", "bina_alan_m2": 2.6, "taks_kullanim": 0.0085 }, "geometry": { "type": "MultiPolygon", "coordinates": [ [ [ [ 585981.814493994694203, 4234367.809138716198504 ], [ 585983.50910748494789, 4234367.472701014950871 ], [ 585982.922905378742144, 4234364.520041445270181 ], [ 585981.814493994694203, 4234367.809138716198504 ] ] ] ] } }
]
}
