{
"type": "FeatureCollection",
"name": "parseller",
"crs": { "type": "name", "properties": { "name": "urn:ogc:def:crs:EPSG::5253" } },
"features": [
{ "type": "Feature", "properties": { "uipfonksiyon": "YERLEŞİK KONUT ALANI", "nizam": "A", "yanbahce": "4", "taks": "0.4", "kaks": "1.6", "onbahce": "5.5", "katadedi": "4", "yencok": null, "emsal": null, "aream2": 522.23, "facade_front": "5,6,7,8", "facade_side": "", "facade_back": "0,1,2,3,4,9", "facade_count": 4, "is_corner": true, "front_direction": "coklu" }, "geometry": { "type": "MultiPolygon", "coordinates": [ [ [ [ 585638.855014238622971, 4234062.41220972687006 ], [ 585624.025928058545105, 4234068.736886392347515 ], [ 585621.93029174557887, 4234071.160080698318779 ], [ 585621.606076230993494, 4234073.719070923514664 ], [ 585623.978701619780622, 4234079.497972430661321 ], [ 585629.410125972353853, 4234092.727058878168464 ], [ 585631.228822072502226, 4234094.544313884340227 ], [ 585633.710107268649153, 4234095.217585772275925 ], [ 585646.995685480418615, 4234089.81425401661545 ], [ 585642.312767873751, 4234074.051239904947579 ], [ 585638.855014238622971, 4234062.41220972687006 ] ] ] ] } },
{ "type": "Feature", "properties": { "uipfonksiyon": "YERLEŞİK KONUT ALANI", "nizam": "A", "yanbahce": "4", "taks": "0.4", "kaks": "1.6", "onbahce": "5.5", "katadedi": "4", "yencok": null, "emsal": null, "aream2": 459.56, "facade_front": "3", "facade_side": "1,2,4,5", "facade_back": "0", "facade_count": 1, "is_corner": false, "front_direction": "S" }, "geometry": { "type": "MultiPolygon", "coordinates": [ [ [ [ 585653.669100730796345, 4234056.093930501490831 ], [ 585638.855014238622971, 4234062.41220972687006 ], [ 585642.312767873751, 4234074.051239904947579 ], [ 585646.995685480418615, 4234089.81425401661545 ], [ 585661.887511368375272, 4234083.757650800049305 ], [ 585657.650248646154068, 4234069.494740859605372 ], [ 585653.669100730796345, 4234056.093930501490831 ] ] ] ] } },
{ "type": "Feature", "properties": { "uipfonksiyon": "YERLEŞİK KONUT ALANI", "nizam": "A", "yanbahce": "4", "taks": "0.4", "kaks": "1.6", "onbahce": "5.5", "katadedi": "4", "yencok": null, "emsal": null, "aream2": 458.28, "facade_front": "4,5", "facade_side": "", "facade_back": "0,1,2,3,6,7", "facade_count": 2, "is_corner": true, "front_direction": "S" }, "geometry": { "type": "MultiPolygon", "coordinates": [ [ [ [ 585669.017574624391273, 4234051.574435036629438 ], [ 585657.466177685069852, 4234054.474458895623684 ], [ 585653.669100730796345, 4234056.093930501490831 ], [ 585657.650248646154068, 4234069.494740859605372 ], [ 585661.887511368375272, 4234083.757650800049305 ], [ 585668.017235914128833, 4234081.264651642180979 ], [ 585677.113426543422975, 4234078.825614484958351 ], [ 585672.987729418906383, 4234064.938241814263165 ], [ 585669.017574624391273, 4234051.574435036629438 ] ] ] ] } },
{ "type": "Feature", "properties": { "uipfonksiyon": "YERLEŞİK KONUT ALANI", "nizam": "A", "yanbahce": "4", "taks": "0.4", "kaks": "1.6", "onbahce": "5.5", "katadedi": "4", "yencok": null, "emsal": null, "aream2": 452.8, "facade_front": "3", "facade_side": "1,2,4,5", "facade_back": "0", "facade_count": 1, "is_corner": false, "front_direction": "S" }, "geometry": { "type": "MultiPolygon", "coordinates": [ [ [ [ 585684.550228269770741, 4234047.674900944344699 ], [ 585669.017574624391273, 4234051.574435036629438 ], [ 585672.987729418906383, 4234064.938241814263165 ], [ 585677.113426543422975, 4234078.825614484958351 ], [ 585692.573061373084784, 4234074.680294171907008 ], [ 585688.325210191542283, 4234060.381742767989635 ], [ 585684.550228269770741, 4234047.674900944344699 ] ] ] ] } },
{ "type": "Feature", "properties": { "uipfonksiyon": "YERLEŞİK KONUT ALANI", "nizam": "A", "yanbahce": "4", "taks": "0.4", "kaks": "1.6", "onbahce": "5.5", "katadedi": "4", "yencok": null, "emsal": null, "aream2": 448.7, "facade_front": "3", "facade_side": "1,2,4,5", "facade_back": "0", "facade_count": 1, "is_corner": false, "front_direction": "S" }, "geometry": { "type": "MultiPolygon", "coordinates": [ [ [ [ 585700.08288191515021, 4234043.775366852991283 ], [ 585684.550228269770741, 4234047.674900944344699 ], [ 585688.325210191542283, 4234060.381742767989635 ], [ 585692.573061373084784, 4234074.680294171907008 ], [ 585708.032696202630177, 4234070.534973858855665 ], [ 585703.662690963828936, 4234055.825243722647429 ], [ 585700.08288191515021, 4234043.775366852991283 ] ] ] ] } },
{ "type": "Feature", "properties": { "uipfonksiyon": "YERLEŞİK KONUT ALANI", "nizam": "A", "yanbahce": "4", "taks": "0.4", "kaks": "1.6", "onbahce": "5.5", "katadedi": "4", "yencok": null, "emsal": null, "aream2": 444.6, "facade_front": "1", "facade_side": "0,2,3,5,6", "facade_back": "4", "facade_count": 1, "is_corner": false, "front_direction": "S" }, "geometry": { "type": "MultiPolygon", "coordinates": [ [ [ [ 585703.662690963828936, 4234055.825243722647429 ], [ 585708.032696202630177, 4234070.534973858855665 ], [ 585723.492331032175571, 4234066.389653545804322 ], [ 585719.00017173634842, 4234051.268744676373899 ], [ 585715.600514865946025, 4234039.825272097252309 ], [ 585715.326749297790229, 4234039.948333693668246 ], [ 585700.08288191515021, 4234043.775366852991283 ], [ 585703.662690963828936, 4234055.825243722647429 ] ] ] ] } },
{ "type": "Feature", "properties": { "uipfonksiyon": "YERLEŞİK KONUT ALANI", "nizam": "A", "yanbahce": "4", "taks": "0.4", "kaks": "1.6", "onbahce": "5.5", "katadedi": "4", "yencok": null, "emsal": null, "aream2": 508.21, "facade_front": "", "facade_side": "", "facade_back": "0,1,2,3,4,5,6,7", "facade_count": 0, "is_corner": false, "front_direction": "belirsiz" }, "geometry": { "type": "MultiPolygon", "coordinates": [ [ [ [ 585719.00017173634842, 4234051.268744676373899 ], [ 585734.337652508635074, 4234046.712245631031692 ], [ 585749.675133281270973, 4234042.155746585689485 ], [ 585745.117345845908858, 4234026.813929006457329 ], [ 585729.351078640553169, 4234029.927104218862951 ], [ 585725.897324857651256, 4234030.609075450338423 ], [ 585719.041206954861991, 4234038.27863106969744 ], [ 585715.600514865946025, 4234039.825272097252309 ], [ 585719.00017173634842, 4234051.268744676373899 ] ] ] ] } },
{ "type": "Feature", "properties": { "uipfonksiyon": "YERLEŞİK KONUT ALANI", "nizam": "A", "yanbahce": "4", "taks": "0.4", "kaks": "1.6", "onbahce": "5.5", "katadedi": "4", "yencok": null, "emsal": null, "aream2": 513.57, "facade_front": "1", "facade_side": "0,2,3,5", "facade_back": "4", "facade_count": 1, "is_corner": false, "front_direction": "S" }, "geometry": { "type": "MultiPolygon", "coordinates": [ [ [ [ 585749.675133281270973, 4234042.155746585689485 ], [ 585754.411600691266358, 4234058.099012919701636 ], [ 585769.871235521160997, 4234053.95369260571897 ], [ 585765.012614054256119, 4234037.599247540347278 ], [ 585760.883613051380962, 4234023.700753794051707 ], [ 585745.117345845908858, 4234026.813929006457329 ], [ 585749.675133281270973, 4234042.155746585689485 ] ] ] ] } },
{ "type": "Feature", "properties": { "uipfonksiyon": "YERLEŞİK KONUT ALANI", "nizam": "A", "yanbahce": "4", "taks": "0.4", "kaks": "1.6", "onbahce": "5.5", "katadedi": "4", "yencok": null, "emsal": null, "aream2": 496.34, "facade_front": "1", "facade_side": "0,2,3,5", "facade_back": "4", "facade_count": 1, "is_corner": false, "front_direction": "S" }, "geometry": { "type": "MultiPolygon", "coordinates": [ [ [ [ 585765.012614054256119, 4234037.599247540347278 ], [ 585769.871235521160997, 4234053.95369260571897 ], [ 585785.330870350706391, 4234049.808372292667627 ], [ 585780.350094826659188, 4234033.042748495005071 ], [ 585776.649880256620236, 4234020.587578581646085 ], [ 585760.883613051380962, 4234023.700753794051707 ], [ 585765.012614054256119, 4234037.599247540347278 ] ] ] ] } },
{ "type": "Feature", "properties": { "uipfonksiyon": "YERLEŞİK KONUT ALANI", "nizam": "A", "yanbahce": "4", "taks": "0.4", "kaks": "1.6", "onbahce": "5.5", "katadedi": "4", "yencok": null, "emsal": null, "aream2": 536.24, "facade_front": "1,2,3,4,5,6,7", "facade_side": "", "facade_back": "0,8,9", "facade_count": 7, "is_corner": true, "front_direction": "coklu" }, "geometry": { "type": "MultiPolygon", "coordinates": [ [ [ [ 585780.350094826659188, 4234033.042748495005071 ], [ 585785.330870350706391, 4234049.808372292667627 ], [ 585797.952318693511188, 4234046.424078499898314 ], [ 585799.403221277403645, 4234045.262806130573153 ], [ 585800.589423596509732, 4234042.436325751245022 ], [ 585798.139753301511519, 4234027.75775006134063 ], [ 585796.53968865040224, 4234018.170063857920468 ], [ 585794.916359285707586, 4234017.358399175107479 ], [ 585792.48705699655693, 4234017.460401715710759 ], [ 585776.649880256620236, 4234020.587578581646085 ], [ 585780.350094826659188, 4234033.042748495005071 ] ] ] ] } },
{ "type": "Feature", "properties": { "uipfonksiyon": "YERLEŞİK KONUT ALANI", "nizam": "A", "yanbahce": "4", "taks": "0.4", "kaks": "1.6", "onbahce": "5.5", "katadedi": "4", "yencok": null, "emsal": null, "aream2": 518.5, "facade_front": "0,1", "facade_side": "", "facade_back": "2,3,4,5", "facade_count": 2, "is_corner": true, "front_direction": "S" }, "geometry": { "type": "MultiPolygon", "coordinates": [ [ [ [ 585723.492331032175571, 4234066.389653545804322 ], [ 585738.951965861604549, 4234062.244333232752979 ], [ 585754.411600691266358, 4234058.099012919701636 ], [ 585749.675133281270973, 4234042.155746585689485 ], [ 585734.337652508635074, 4234046.712245631031692 ], [ 585719.00017173634842, 4234051.268744676373899 ], [ 585723.492331032175571, 4234066.389653545804322 ] ] ] ] } },
{ "type": "Feature", "properties": { "uipfonksiyon": "PARK", "nizam": null, "yanbahce": "3", "taks": null, "kaks": null, "onbahce": null, "katadedi": null, "yencok": null, "emsal": null, "aream2": 407.28, "facade_front": "", "facade_side": "", "facade_back": "0,1,2,3,4,5,6,7,8,9,10", "facade_count": 0, "is_corner": false, "front_direction": "belirsiz" }, "geometry": { "type": "MultiPolygon", "coordinates": [ [ [ [ 585615.745830851141363, 4234051.784060126170516 ], [ 585613.103470436530188, 4234053.45211302023381 ], [ 585615.737478314084001, 4234059.027269396930933 ], [ 585618.138978449977003, 4234064.110298536717892 ], [ 585619.899442056776024, 4234064.966342248022556 ], [ 585622.496307729743421, 4234064.947807587683201 ], [ 585635.896681302110665, 4234059.249834664165974 ], [ 585650.948494786047377, 4234052.84965296741575 ], [ 585650.815862747258507, 4234052.171067675575614 ], [ 585649.452550898655318, 4234045.195955350995064 ], [ 585633.749681560322642, 4234048.26514002121985 ], [ 585615.745830851141363, 4234051.784060126170516 ] ] ] ] } },
{ "type": "Feature", "properties": { "uipfonksiyon": "PARK", "nizam": null, "yanbahce": "3", "taks": null, "kaks": null, "onbahce": null, "katadedi": null, "yencok": null, "emsal": null, "aream2": 335.72, "facade_front": "", "facade_side": "", "facade_back": "0,1,2,3,4,5,6,7,8,9,10,11", "facade_count": 0, "is_corner": false, "front_direction": "belirsiz" }, "geometry": { "type": "MultiPolygon", "coordinates": [ [ [ [ 585654.01482572639361, 4234051.545818370766938 ], [ 585656.208318377262913, 4234050.613123347982764 ], [ 585666.313437908771448, 4234048.051536420360208 ], [ 585681.846580414799973, 4234044.113978368230164 ], [ 585697.379722920828499, 4234040.176420316100121 ], [ 585714.421445668675005, 4234035.856446259655058 ], [ 585713.478335909312591, 4234032.681875683367252 ], [ 585696.561158913653344, 4234035.988401337526739 ], [ 585680.858289575320669, 4234039.057586008682847 ], [ 585665.155420236987993, 4234042.126770679838955 ], [ 585649.452550898655318, 4234045.195955350995064 ], [ 585650.815862747258507, 4234052.171067675575614 ], [ 585654.01482572639361, 4234051.545818370766938 ] ] ] ] } },
{ "type": "Feature", "properties": { "uipfonksiyon": "PARK", "nizam": null, "yanbahce": "3", "taks": null, "kaks": null, "onbahce": null, "katadedi": null, "yencok": null, "emsal": null, "aream2": 10.53, "facade_front": "", "facade_side": "", "facade_back": "0,1,2,3,4", "facade_count": 0, "is_corner": false, "front_direction": "belirsiz" }, "geometry": { "type": "MultiPolygon", "coordinates": [ [ [ [ 585713.478335909312591, 4234032.681875683367252 ], [ 585714.421445668675005, 4234035.856446259655058 ], [ 585716.907343114959076, 4234035.226286232471466 ], [ 585717.646742296521552, 4234033.049388602375984 ], [ 585716.209743086947128, 4234032.148011912591755 ], [ 585713.478335909312591, 4234032.681875683367252 ] ] ] ] } },
{ "type": "Feature", "properties": { "uipfonksiyon": "PARK", "nizam": null, "yanbahce": "3", "taks": null, "kaks": null, "onbahce": null, "katadedi": null, "yencok": null, "emsal": null, "aream2": 1120.55, "facade_front": "2,3,4,5", "facade_side": "", "facade_back": "0,1", "facade_count": 4, "is_corner": true, "front_direction": "coklu" }, "geometry": { "type": "MultiPolygon", "coordinates": [ [ [ [ 585937.047280447906815, 4234044.131030630320311 ], [ 585915.610384927829728, 4234047.991775020956993 ], [ 585924.709815049776807, 4234098.516625426709652 ], [ 585941.893640398979187, 4234095.953037032857537 ], [ 585944.934056972735561, 4234093.492830835282803 ], [ 585945.437476774211973, 4234090.24520065356046 ], [ 585937.047280447906815, 4234044.131030630320311 ] ] ] ] } },
{ "type": "Feature", "properties": { "uipfonksiyon": "PARK", "nizam": null, "yanbahce": "3", "taks": null, "kaks": null, "onbahce": null, "katadedi": null, "yencok": null, "emsal": null, "aream2": 1118.91, "facade_front": "1,2,3", "facade_side": "", "facade_back": "0,4,5", "facade_count": 3, "is_corner": true, "front_direction": "coklu" }, "geometry": { "type": "MultiPolygon", "coordinates": [ [ [ [ 585915.610384927829728, 4234047.991775020956993 ], [ 585937.047280447906815, 4234044.131030630320311 ], [ 585928.815832943189889, 4233998.889375369995832 ], [ 585926.757757657906041, 4233995.039394987747073 ], [ 585922.759026667103171, 4233994.00949147157371 ], [ 585906.418294656439684, 4233996.952426441013813 ], [ 585915.610384927829728, 4234047.991775020956993 ] ] ] ] } },
{ "type": "Feature", "properties": { "uipfonksiyon": "PARK", "nizam": null, "yanbahce": "3", "taks": null, "kaks": null, "onbahce": null, "katadedi": null, "yencok": null, "emsal": null, "aream2": 817.55, "facade_front": "2", "facade_side": "1,3", "facade_back": "0", "facade_count": 1, "is_corner": false, "front_direction": "S" }, "geometry": { "type": "MultiPolygon", "coordinates": [ [ [ [ 585915.610384927829728, 4234047.991775020956993 ], [ 585899.863721174187958, 4234050.827719419263303 ], [ 585908.877780392416753, 4234100.878545399755239 ], [ 585924.709815049776807, 4234098.516625426709652 ], [ 585915.610384927829728, 4234047.991775020956993 ] ] ] ] } },
{ "type": "Feature", "properties": { "uipfonksiyon": "PARK", "nizam": null, "yanbahce": "3", "taks": null, "kaks": null, "onbahce": null, "katadedi": null, "yencok": null, "emsal": null, "aream2": 829.77, "facade_front": "", "facade_side": "", "facade_back": "0,1,2,3", "facade_count": 0, "is_corner": false, "front_direction": "belirsiz" }, "geometry": { "type": "MultiPolygon", "coordinates": [ [ [ [ 585899.863721174187958, 4234050.827719419263303 ], [ 585915.610384927829728, 4234047.991775020956993 ], [ 585906.418294656439684, 4233996.952426441013813 ], [ 585890.671630902797915, 4233999.788370839320123 ], [ 585899.863721174187958, 4234050.827719419263303 ] ] ] ] } },
{ "type": "Feature", "properties": { "uipfonksiyon": "PARK", "nizam": null, "yanbahce": "3", "taks": null, "kaks": null, "onbahce": null, "katadedi": null, "yencok": null, "emsal": null, "aream2": 809.84, "facade_front": "2", "facade_side": "1,3", "facade_back": "0", "facade_count": 1, "is_corner": false, "front_direction": "S" }, "geometry": { "type": "MultiPolygon", "coordinates": [ [ [ [ 585899.863721174187958, 4234050.827719419263303 ], [ 585884.117057420546189, 4234053.663663817569613 ], [ 585893.045745735173114, 4234103.240465372800827 ], [ 585908.877780392416753, 4234100.878545399755239 ], [ 585899.863721174187958, 4234050.827719419263303 ] ] ] ] } },
{ "type": "Feature", "properties": { "uipfonksiyon": "PARK", "nizam": null, "yanbahce": "3", "taks": null, "kaks": null, "onbahce": null, "katadedi": null, "yencok": null, "emsal": null, "aream2": 829.77, "facade_front": "", "facade_side": "", "facade_back": "0,1,2,3", "facade_count": 0, "is_corner": false, "front_direction": "belirsiz" }, "geometry": { "type": "MultiPolygon", "coordinates": [ [ [ [ 585884.117057420546189, 4234053.663663817569613 ], [ 585899.863721174187958, 4234050.827719419263303 ], [ 585890.671630902797915, 4233999.788370839320123 ], [ 585874.924967149156146, 4234002.624315237626433 ], [ 585884.117057420546189, 4234053.663663817569613 ] ] ] ] } },
{ "type": "Feature", "properties": { "uipfonksiyon": "PARK", "nizam": null, "yanbahce": "3", "taks": null, "kaks": null, "onbahce": null, "katadedi": null, "yencok": null, "emsal": null, "aream2": 802.14, "facade_front": "2", "facade_side": "1,3", "facade_back": "0", "facade_count": 1, "is_corner": false, "front_direction": "S" }, "geometry": { "type": "MultiPolygon", "coordinates": [ [ [ [ 585884.117057420546189, 4234053.663663817569613 ], [ 585868.37039366713725, 4234056.499608215875924 ], [ 585877.21371107804589, 4234105.602385344915092 ], [ 585893.045745735173114, 4234103.240465372800827 ], [ 585884.117057420546189, 4234053.663663817569613 ] ] ] ] } },
{ "type": "Feature", "properties": { "uipfonksiyon": "PARK", "nizam": null, "yanbahce": "3", "taks": null, "kaks": null, "onbahce": null, "katadedi": null, "yencok": null, "emsal": null, "aream2": 829.77, "facade_front": "", "facade_side": "", "facade_back": "0,1,2,3", "facade_count": 0, "is_corner": false, "front_direction": "belirsiz" }, "geometry": { "type": "MultiPolygon", "coordinates": [ [ [ [ 585868.37039366713725, 4234056.499608215875924 ], [ 585884.117057420546189, 4234053.663663817569613 ], [ 585874.924967149156146, 4234002.624315237626433 ], [ 585859.178303395747207, 4234005.460259635932744 ], [ 585868.37039366713725, 4234056.499608215875924 ] ] ] ] } },
{ "type": "Feature", "properties": { "uipfonksiyon": "PARK", "nizam": null, "yanbahce": "3", "taks": null, "kaks": null, "onbahce": null, "katadedi": null, "yencok": null, "emsal": null, "aream2": 793.68, "facade_front": "1,2,3", "facade_side": "", "facade_back": "0,4", "facade_count": 3, "is_corner": true, "front_direction": "coklu" }, "geometry": { "type": "MultiPolygon", "coordinates": [ [ [ [ 585868.37039366713725, 4234056.499608215875924 ], [ 585852.623729913495481, 4234059.335552614182234 ], [ 585861.246772424550727, 4234107.215246954932809 ], [ 585863.329905080609024, 4234107.673656624741852 ], [ 585877.21371107804589, 4234105.602385344915092 ], [ 585868.37039366713725, 4234056.499608215875924 ] ] ] ] } },
{ "type": "Feature", "properties": { "uipfonksiyon": "PARK", "nizam": null, "yanbahce": "3", "taks": null, "kaks": null, "onbahce": null, "katadedi": null, "yencok": null, "emsal": null, "aream2": 829.77, "facade_front": "3", "facade_side": "0,1", "facade_back": "2", "facade_count": 1, "is_corner": false, "front_direction": "E" }, "geometry": { "type": "MultiPolygon", "coordinates": [ [ [ [ 585852.623729913495481, 4234059.335552614182234 ], [ 585868.37039366713725, 4234056.499608215875924 ], [ 585859.178303395747207, 4234005.460259635932744 ], [ 585843.431639642105438, 4234008.296204034239054 ], [ 585852.623729913495481, 4234059.335552614182234 ] ] ] ] } },
{ "type": "Feature", "properties": { "uipfonksiyon": "PARK", "nizam": null, "yanbahce": "3", "taks": null, "kaks": null, "onbahce": null, "katadedi": null, "yencok": null, "emsal": null, "aream2": 606.08, "facade_front": "0,1,2,3,6,7,8,9,10", "facade_side": "", "facade_back": "4,5", "facade_count": 9, "is_corner": true, "front_direction": "coklu" }, "geometry": { "type": "MultiPolygon", "coordinates": [ [ [ [ 585856.909498313558288, 4234104.095266542397439 ], [ 585858.750530755962245, 4234106.6659294096753 ], [ 585861.246772424550727, 4234107.215246954932809 ], [ 585852.623729913495481, 4234059.335552614182234 ], [ 585843.431639642105438, 4234008.296204034239054 ], [ 585827.684975888463669, 4234011.132148432545364 ], [ 585831.293193577672355, 4234031.166882094927132 ], [ 585841.113378102658316, 4234029.48433643579483 ], [ 585843.044144270941615, 4234030.122080041095614 ], [ 585844.294549230951816, 4234031.725533295422792 ], [ 585849.21435249177739, 4234059.949575047940016 ], [ 585856.909498313558288, 4234104.095266542397439 ] ] ] ] } },
{ "type": "Feature", "properties": { "uipfonksiyon": "PARK", "nizam": null, "yanbahce": "3", "taks": null, "kaks": null, "onbahce": null, "katadedi": null, "yencok": null, "emsal": null, "aream2": 430.95, "facade_front": "2,3,4,5,6", "facade_side": "", "facade_back": "0,1", "facade_count": 5, "is_corner": true, "front_direction": "coklu" }, "geometry": { "type": "MultiPolygon", "coordinates": [ [ [ [ 585831.293193577672355, 4234031.166882094927132 ], [ 585827.684975888463669, 4234011.132148432545364 ], [ 585808.511742715258151, 4234014.585211510770023 ], [ 585806.905572509160265, 4234017.008177206851542 ], [ 585808.965467264410108, 4234030.553901703096926 ], [ 585810.854042496182956, 4234033.176305092871189 ], [ 585814.606101853074506, 4234034.025972337462008 ], [ 585831.293193577672355, 4234031.166882094927132 ] ] ] ] } },
{ "type": "Feature", "properties": { "uipfonksiyon": "YERLEŞİK KONUT ALANI", "nizam": "A", "yanbahce": "4", "taks": "0.4", "kaks": "1.6", "onbahce": "5.5", "katadedi": "4", "yencok": null, "emsal": null, "aream2": 778.8, "facade_front": "0,1,2,3,5,6,7,8,9,10,11,12,13", "facade_side": "", "facade_back": "4", "facade_count": 13, "is_corner": true, "front_direction": "coklu" }, "geometry": { "type": "MultiPolygon", "coordinates": [ [ [ [ 585848.905015938449651, 4234108.003861330449581 ], [ 585849.854177519096993, 4234104.878015118651092 ], [ 585847.094531909795478, 4234088.877369829453528 ], [ 585841.849658016348258, 4234089.781957922503352 ], [ 585833.234423380694352, 4234091.267835148610175 ], [ 585830.515038378769532, 4234075.500624069944024 ], [ 585816.828297687810846, 4234077.861188482493162 ], [ 585819.461900626774877, 4234093.64319447055459 ], [ 585822.15087949228473, 4234109.757043649442494 ], [ 585823.264767102315091, 4234111.330366587266326 ], [ 585825.506815285305493, 4234112.561317789368331 ], [ 585836.662901697098278, 4234111.14642580691725 ], [ 585845.495607947115786, 4234110.026200953871012 ], [ 585845.577881101868115, 4234110.015766504220665 ], [ 585848.905015938449651, 4234108.003861330449581 ] ] ] ] } },
{ "type": "Feature", "properties": { "uipfonksiyon": "YERLEŞİK KONUT ALANI", "nizam": "A", "yanbahce": "4", "taks": "0.4", "kaks": "1.6", "onbahce": "5.5", "katadedi": "4", "yencok": null, "emsal": null, "aream2": 394.41, "facade_front": "0,1,6,7", "facade_side": "", "facade_back": "2,3,4,5", "facade_count": 4, "is_corner": true, "front_direction": "coklu" }, "geometry": { "type": "MultiPolygon", "coordinates": [ [ [ [ 585844.375146907754242, 4234073.110158750787377 ], [ 585842.319495130563155, 4234061.191325834952295 ], [ 585836.877066159620881, 4234062.171497012488544 ], [ 585828.477069924352691, 4234063.68432046752423 ], [ 585830.515038378769532, 4234075.500624069944024 ], [ 585833.234423380694352, 4234091.267835148610175 ], [ 585841.849658016348258, 4234089.781957922503352 ], [ 585847.094531909795478, 4234088.877369829453528 ], [ 585844.375146907754242, 4234073.110158750787377 ] ] ] ] } },
{ "type": "Feature", "properties": { "uipfonksiyon": "YERLEŞİK KONUT ALANI", "nizam": "A", "yanbahce": "4", "taks": "0.4", "kaks": "1.6", "onbahce": "5.5", "katadedi": "4", "yencok": null, "emsal": null, "aream2": 344.84, "facade_front": "0,1,2,6,7", "facade_side": "", "facade_back": "3,4,5", "facade_count": 5, "is_corner": true, "front_direction": "coklu" }, "geometry": { "type": "MultiPolygon", "coordinates": [ [ [ [ 585841.655761905480176, 4234057.342947671189904 ], [ 585838.159129880019464, 4234037.069196376018226 ], [ 585832.532791034551337, 4234038.049783028662205 ], [ 585824.303231435478665, 4234039.484072095714509 ], [ 585827.795653376844712, 4234059.733412990346551 ], [ 585828.477069924352691, 4234063.68432046752423 ], [ 585836.877066159620881, 4234062.171497012488544 ], [ 585842.319495130563155, 4234061.191325834952295 ], [ 585841.655761905480176, 4234057.342947671189904 ] ] ] ] } },
{ "type": "Feature", "properties": { "uipfonksiyon": "YERLEŞİK KONUT ALANI", "nizam": "A", "yanbahce": "4", "taks": "0.4", "kaks": "1.6", "onbahce": "5.5", "katadedi": "4", "yencok": null, "emsal": null, "aream2": 497.67, "facade_front": "1,2,3,4,5", "facade_side": "", "facade_back": "0,6,7", "facade_count": 5, "is_corner": true, "front_direction": "coklu" }, "geometry": { "type": "MultiPolygon", "coordinates": [ [ [ [ 585827.795653376844712, 4234059.733412990346551 ], [ 585824.303231435478665, 4234039.484072095714509 ], [ 585815.026584387524053, 4234041.100852834060788 ], [ 585812.84938025905285, 4234042.474054815247655 ], [ 585811.518226849730127, 4234046.040305949747562 ], [ 585814.194694748613983, 4234062.079182494431734 ], [ 585816.828297687810846, 4234077.861188482493162 ], [ 585830.515038378769532, 4234075.500624069944024 ], [ 585827.795653376844712, 4234059.733412990346551 ] ] ] ] } },
{ "type": "Feature", "properties": { "uipfonksiyon": "LİSE ALANI", "nizam": null, "yanbahce": "3", "taks": null, "kaks": null, "onbahce": null, "katadedi": null, "yencok": "12", "emsal": "1.6", "aream2": 957.67, "facade_front": "1,2,3,4,5", "facade_side": "", "facade_back": "0,6", "facade_count": 5, "is_corner": true, "front_direction": "coklu" }, "geometry": { "type": "MultiPolygon", "coordinates": [ [ [ [ 586041.404731136513874, 4234026.338734207674861 ], [ 586050.639537627343088, 4234078.145998624153435 ], [ 586052.414431254263036, 4234077.854430485516787 ], [ 586065.861269556102343, 4234074.981052492745221 ], [ 586067.37220467091538, 4234072.913837686181068 ], [ 586067.661676529445685, 4234070.369725263677537 ], [ 586059.731942589394748, 4234023.071851596236229 ], [ 586041.404731136513874, 4234026.338734207674861 ] ] ] ] } },
{ "type": "Feature", "properties": { "uipfonksiyon": "LİSE ALANI", "nizam": null, "yanbahce": "3", "taks": null, "kaks": null, "onbahce": null, "katadedi": null, "yencok": "12", "emsal": "1.6", "aream2": 840.24, "facade_front": "3", "facade_side": "0,2", "facade_back": "1", "facade_count": 1, "is_corner": false, "front_direction": "S" }, "geometry": { "type": "MultiPolygon", "coordinates": [ [ [ [ 586050.639537627343088, 4234078.145998624153435 ], [ 586041.404731136513874, 4234026.338734207674861 ], [ 586025.65302300453186, 4234029.146525318734348 ], [ 586034.849694559234194, 4234080.73985274322331 ], [ 586050.639537627343088, 4234078.145998624153435 ] ] ] ] } },
{ "type": "Feature", "properties": { "uipfonksiyon": "LİSE ALANI", "nizam": null, "yanbahce": "3", "taks": null, "kaks": null, "onbahce": null, "katadedi": null, "yencok": "12", "emsal": "1.6", "aream2": 836.77, "facade_front": "3", "facade_side": "0,2", "facade_back": "1", "facade_count": 1, "is_corner": false, "front_direction": "S" }, "geometry": { "type": "MultiPolygon", "coordinates": [ [ [ [ 586034.849694559234194, 4234080.73985274322331 ], [ 586025.65302300453186, 4234029.146525318734348 ], [ 586009.901314872317016, 4234031.954316428862512 ], [ 586019.059851491008885, 4234083.333706862293184 ], [ 586034.849694559234194, 4234080.73985274322331 ] ] ] ] } },
{ "type": "Feature", "properties": { "uipfonksiyon": "LİSE ALANI", "nizam": null, "yanbahce": "3", "taks": null, "kaks": null, "onbahce": null, "katadedi": null, "yencok": "12", "emsal": "1.6", "aream2": 833.29, "facade_front": "3", "facade_side": "0,2", "facade_back": "1", "facade_count": 1, "is_corner": false, "front_direction": "S" }, "geometry": { "type": "MultiPolygon", "coordinates": [ [ [ [ 586019.059851491008885, 4234083.333706862293184 ], [ 586009.901314872317016, 4234031.954316428862512 ], [ 585994.149606740218587, 4234034.762107539921999 ], [ 586003.270008422899991, 4234085.927560982294381 ], [ 586019.059851491008885, 4234083.333706862293184 ] ] ] ] } },
{ "type": "Feature", "properties": { "uipfonksiyon": "LİSE ALANI", "nizam": null, "yanbahce": "3", "taks": null, "kaks": null, "onbahce": null, "katadedi": null, "yencok": "12", "emsal": "1.6", "aream2": 829.81, "facade_front": "3", "facade_side": "0,2", "facade_back": "1", "facade_count": 1, "is_corner": false, "front_direction": "S" }, "geometry": { "type": "MultiPolygon", "coordinates": [ [ [ [ 586003.270008422899991, 4234085.927560982294381 ], [ 585994.149606740218587, 4234034.762107539921999 ], [ 585978.397898608236574, 4234037.569898650981486 ], [ 585987.480165354674682, 4234088.521415101364255 ], [ 586003.270008422899991, 4234085.927560982294381 ] ] ] ] } },
{ "type": "Feature", "properties": { "uipfonksiyon": "LİSE ALANI", "nizam": null, "yanbahce": "3", "taks": null, "kaks": null, "onbahce": null, "katadedi": null, "yencok": "12", "emsal": "1.6", "aream2": 826.34, "facade_front": "3", "facade_side": "0,2", "facade_back": "1", "facade_count": 1, "is_corner": false, "front_direction": "S" }, "geometry": { "type": "MultiPolygon", "coordinates": [ [ [ [ 585987.480165354674682, 4234088.521415101364255 ], [ 585978.397898608236574, 4234037.569898650981486 ], [ 585962.646190476370975, 4234040.377689762040973 ], [ 585971.690322286682203, 4234091.115269220434129 ], [ 585987.480165354674682, 4234088.521415101364255 ] ] ] ] } },
{ "type": "Feature", "properties": { "uipfonksiyon": "LİSE ALANI", "nizam": null, "yanbahce": "3", "taks": null, "kaks": null, "onbahce": null, "katadedi": null, "yencok": "12", "emsal": "1.6", "aream2": 953.38, "facade_front": "2,3,4,5", "facade_side": "", "facade_back": "0,1", "facade_count": 4, "is_corner": true, "front_direction": "coklu" }, "geometry": { "type": "MultiPolygon", "coordinates": [ [ [ [ 585971.690322286682203, 4234091.115269220434129 ], [ 585962.646190476370975, 4234040.377689762040973 ], [ 585944.112417766707949, 4234043.681392562575638 ], [ 585952.777193506248295, 4234090.540934963151813 ], [ 585954.974371694028378, 4234092.837526283226907 ], [ 585958.930800121510401, 4234093.211321663111448 ], [ 585971.690322286682203, 4234091.115269220434129 ] ] ] ] } },
{ "type": "Feature", "properties": { "uipfonksiyon": "LİSE ALANI", "nizam": null, "yanbahce": "3", "taks": null, "kaks": null, "onbahce": null, "katadedi": null, "yencok": "12", "emsal": "1.6", "aream2": 989.47, "facade_front": "2,3,4", "facade_side": "", "facade_back": "0,1,5", "facade_count": 3, "is_corner": true, "front_direction": "coklu" }, "geometry": { "type": "MultiPolygon", "coordinates": [ [ [ [ 586032.165638000937179, 4233974.507421715185046 ], [ 586041.404731136513874, 4234026.338734207674861 ], [ 586059.731942589394748, 4234023.071851596236229 ], [ 586051.539207453955896, 4233974.205274942331016 ], [ 586049.026557882316411, 4233972.186196989379823 ], [ 586046.440673865494318, 4233971.962852042168379 ], [ 586032.165638000937179, 4233974.507421715185046 ] ] ] ] } },
{ "type": "Feature", "properties": { "uipfonksiyon": "LİSE ALANI", "nizam": null, "yanbahce": "3", "taks": null, "kaks": null, "onbahce": null, "katadedi": null, "yencok": "12", "emsal": "1.6", "aream2": 842.37, "facade_front": "", "facade_side": "", "facade_back": "0,1,2,3", "facade_count": 0, "is_corner": false, "front_direction": "belirsiz" }, "geometry": { "type": "MultiPolygon", "coordinates": [ [ [ [ 586041.404731136513874, 4234026.338734207674861 ], [ 586032.165638000937179, 4233974.507421715185046 ], [ 586016.413929868955165, 4233977.31521282531321 ], [ 586025.65302300453186, 4234029.146525318734348 ], [ 586041.404731136513874, 4234026.338734207674861 ] ] ] ] } },
{ "type": "Feature", "properties": { "uipfonksiyon": "LİSE ALANI", "nizam": null, "yanbahce": "3", "taks": null, "kaks": null, "onbahce": null, "katadedi": null, "yencok": "12", "emsal": "1.6", "aream2": 842.37, "facade_front": "", "facade_side": "", "facade_back": "0,1,2,3", "facade_count": 0, "is_corner": false, "front_direction": "belirsiz" }, "geometry": { "type": "MultiPolygon", "coordinates": [ [ [ [ 586025.65302300453186, 4234029.146525318734348 ], [ 586016.413929868955165, 4233977.31521282531321 ], [ 586000.662221736740321, 4233980.123003936372697 ], [ 586009.901314872317016, 4234031.954316428862512 ], [ 586025.65302300453186, 4234029.146525318734348 ] ] ] ] } },
{ "type": "Feature", "properties": { "uipfonksiyon": "LİSE ALANI", "nizam": null, "yanbahce": "3", "taks": null, "kaks": null, "onbahce": null, "katadedi": null, "yencok": "12", "emsal": "1.6", "aream2": 842.37, "facade_front": "", "facade_side": "", "facade_back": "0,1,2,3", "facade_count": 0, "is_corner": false, "front_direction": "belirsiz" }, "geometry": { "type": "MultiPolygon", "coordinates": [ [ [ [ 586009.901314872317016, 4234031.954316428862512 ], [ 586000.662221736740321, 4233980.123003936372697 ], [ 585984.910513604758307, 4233982.930795047432184 ], [ 585994.149606740218587, 4234034.762107539921999 ], [ 586009.901314872317016, 4234031.954316428862512 ] ] ] ] } },
{ "type": "Feature", "properties": { "uipfonksiyon": "LİSE ALANI", "nizam": null, "yanbahce": "3", "taks": null, "kaks": null, "onbahce": null, "katadedi": null, "yencok": "12", "emsal": "1.6", "aream2": 842.37, "facade_front": "", "facade_side": "", "facade_back": "0,1,2,3", "facade_count": 0, "is_corner": false, "front_direction": "belirsiz" }, "geometry": { "type": "MultiPolygon", "coordinates": [ [ [ [ 585994.149606740218587, 4234034.762107539921999 ], [ 585984.910513604758307, 4233982.930795047432184 ], [ 585969.158805472543463, 4233985.738586157560349 ], [ 585978.397898608236574, 4234037.569898650981486 ], [ 585994.149606740218587, 4234034.762107539921999 ] ] ] ] } },
{ "type": "Feature", "properties": { "uipfonksiyon": "LİSE ALANI", "nizam": null, "yanbahce": "3", "taks": null, "kaks": null, "onbahce": null, "katadedi": null, "yencok": "12", "emsal": "1.6", "aream2": 842.37, "facade_front": "", "facade_side": "", "facade_back": "0,1,2,3", "facade_count": 0, "is_corner": false, "front_direction": "belirsiz" }, "geometry": { "type": "MultiPolygon", "coordinates": [ [ [ [ 585978.397898608236574, 4234037.569898650981486 ], [ 585969.158805472543463, 4233985.738586157560349 ], [ 585953.40709734056145, 4233988.546377268619835 ], [ 585962.646190476370975, 4234040.377689762040973 ], [ 585978.397898608236574, 4234037.569898650981486 ] ] ] ] } },
{ "type": "Feature", "properties": { "uipfonksiyon": "LİSE ALANI", "nizam": null, "yanbahce": "3", "taks": null, "kaks": null, "onbahce": null, "katadedi": null, "yencok": "12", "emsal": "1.6", "aream2": 991.87, "facade_front": "2,3,4", "facade_side": "", "facade_back": "0,1,5", "facade_count": 3, "is_corner": true, "front_direction": "coklu" }, "geometry": { "type": "MultiPolygon", "coordinates": [ [ [ [ 585962.646190476370975, 4234040.377689762040973 ], [ 585953.40709734056145, 4233988.546377268619835 ], [ 585939.495399611419998, 4233991.026180785149336 ], [ 585936.265048021683469, 4233993.097959538921714 ], [ 585935.646433058660477, 4233997.896922045387328 ], [ 585944.112417766707949, 4234043.681392562575638 ], [ 585962.646190476370975, 4234040.377689762040973 ] ] ] ] } },
{ "type": "Feature", "properties": { "uipfonksiyon": "YERLEŞİK KONUT ALANI", "nizam": "A", "yanbahce": "4", "taks": "0.4", "kaks": "1.6", "onbahce": "5.5", "katadedi": "4", "yencok": null, "emsal": null, "aream2": 500.84, "facade_front": "2,3,4,5", "facade_side": "", "facade_back": "0,1", "facade_count": 4, "is_corner": true, "front_direction": "coklu" }, "geometry": { "type": "MultiPolygon", "coordinates": [ [ [ [ 586185.110083090141416, 4233973.803606220521033 ], [ 586165.312075339141302, 4233977.346823843196034 ], [ 586169.741095019271597, 4234002.094320413656533 ], [ 586186.389352058642544, 4233999.24372873455286 ], [ 586188.16684915299993, 4233997.329184588044882 ], [ 586188.736122286878526, 4233994.779497683979571 ], [ 586185.110083090141416, 4233973.803606220521033 ] ] ] ] } },
{ "type": "Feature", "properties": { "uipfonksiyon": "YERLEŞİK KONUT ALANI", "nizam": "A", "yanbahce": "4", "taks": "0.4", "kaks": "1.6", "onbahce": "5.5", "katadedi": "4", "yencok": null, "emsal": null, "aream2": 522.55, "facade_front": "1,2,3", "facade_side": "", "facade_back": "0,4,5", "facade_count": 3, "is_corner": true, "front_direction": "coklu" }, "geometry": { "type": "MultiPolygon", "coordinates": [ [ [ [ 586165.312075339141302, 4233977.346823843196034 ], [ 586185.110083090141416, 4233973.803606220521033 ], [ 586181.201299836393446, 4233951.192098502069712 ], [ 586179.28529250936117, 4233949.374852026812732 ], [ 586176.04720101505518, 4233948.860084278509021 ], [ 586160.713488097651862, 4233951.651855156756938 ], [ 586165.312075339141302, 4233977.346823843196034 ] ] ] ] } },
{ "type": "Feature", "properties": { "uipfonksiyon": "YERLEŞİK KONUT ALANI", "nizam": "A", "yanbahce": "4", "taks": "0.4", "kaks": "1.6", "onbahce": "5.5", "katadedi": "4", "yencok": null, "emsal": null, "aream2": 401.29, "facade_front": "2", "facade_side": "1,3", "facade_back": "0", "facade_count": 1, "is_corner": false, "front_direction": "S" }, "geometry": { "type": "MultiPolygon", "coordinates": [ [ [ [ 586165.312075339141302, 4233977.346823843196034 ], [ 586149.562317239819095, 4233980.165532732382417 ], [ 586153.970158499316312, 4234004.7946932092309 ], [ 586169.741095019271597, 4234002.094320413656533 ], [ 586165.312075339141302, 4233977.346823843196034 ] ] ] ] } },
{ "type": "Feature", "properties": { "uipfonksiyon": "YERLEŞİK KONUT ALANI", "nizam": "A", "yanbahce": "4", "taks": "0.4", "kaks": "1.6", "onbahce": "5.5", "katadedi": "4", "yencok": null, "emsal": null, "aream2": 417.27, "facade_front": "", "facade_side": "", "facade_back": "0,1,2,3", "facade_count": 0, "is_corner": false, "front_direction": "belirsiz" }, "geometry": { "type": "MultiPolygon", "coordinates": [ [ [ [ 586149.562317239819095, 4233980.165532732382417 ], [ 586165.312075339141302, 4233977.346823843196034 ], [ 586160.713488097651862, 4233951.651855156756938 ], [ 586144.972189840395004, 4233954.517834081314504 ], [ 586149.562317239819095, 4233980.165532732382417 ] ] ] ] } },
{ "type": "Feature", "properties": { "uipfonksiyon": "YERLEŞİK KONUT ALANI", "nizam": "A", "yanbahce": "4", "taks": "0.4", "kaks": "1.6", "onbahce": "5.5", "katadedi": "4", "yencok": null, "emsal": null, "aream2": 399.37, "facade_front": "2", "facade_side": "1,3", "facade_back": "0", "facade_count": 1, "is_corner": false, "front_direction": "S" }, "geometry": { "type": "MultiPolygon", "coordinates": [ [ [ [ 586149.562317239819095, 4233980.165532732382417 ], [ 586133.812559140031226, 4233982.984241622500122 ], [ 586138.199221979244612, 4234007.495066005736589 ], [ 586153.970158499316312, 4234004.7946932092309 ], [ 586149.562317239819095, 4233980.165532732382417 ] ] ] ] } },
{ "type": "Feature", "properties": { "uipfonksiyon": "YERLEŞİK KONUT ALANI", "nizam": "A", "yanbahce": "4", "taks": "0.4", "kaks": "1.6", "onbahce": "5.5", "katadedi": "4", "yencok": null, "emsal": null, "aream2": 416.5, "facade_front": "", "facade_side": "", "facade_back": "0,1,2,3", "facade_count": 0, "is_corner": false, "front_direction": "belirsiz" }, "geometry": { "type": "MultiPolygon", "coordinates": [ [ [ [ 586133.812559140031226, 4233982.984241622500122 ], [ 586149.562317239819095, 4233980.165532732382417 ], [ 586144.972189840395004, 4233954.517834081314504 ], [ 586129.23089158302173, 4233957.383813006803393 ], [ 586133.812559140031226, 4233982.984241622500122 ] ] ] ] } },
{ "type": "Feature", "properties": { "uipfonksiyon": "YERLEŞİK KONUT ALANI", "nizam": "A", "yanbahce": "4", "taks": "0.4", "kaks": "1.6", "onbahce": "5.5", "katadedi": "4", "yencok": null, "emsal": null, "aream2": 397.68, "facade_front": "2,3", "facade_side": "", "facade_back": "0,1,4", "facade_count": 2, "is_corner": true, "front_direction": "S" }, "geometry": { "type": "MultiPolygon", "coordinates": [ [ [ [ 586133.812559140031226, 4233982.984241622500122 ], [ 586118.062801040592603, 4233985.802950511686504 ], [ 586122.450201373780146, 4234010.317895702086389 ], [ 586126.119584523607045, 4234009.563397479243577 ], [ 586138.199221979244612, 4234007.495066005736589 ], [ 586133.812559140031226, 4233982.984241622500122 ] ] ] ] } },
{ "type": "Feature", "properties": { "uipfonksiyon": "YERLEŞİK KONUT ALANI", "nizam": "A", "yanbahce": "4", "taks": "0.4", "kaks": "1.6", "onbahce": "5.5", "katadedi": "4", "yencok": null, "emsal": null, "aream2": 415.79, "facade_front": "", "facade_side": "", "facade_back": "0,1,2,3,4", "facade_count": 0, "is_corner": false, "front_direction": "belirsiz" }, "geometry": { "type": "MultiPolygon", "coordinates": [ [ [ [ 586118.062801040592603, 4233985.802950511686504 ], [ 586133.812559140031226, 4233982.984241622500122 ], [ 586129.23089158302173, 4233957.383813006803393 ], [ 586117.641704980051145, 4233959.493827315047383 ], [ 586113.484725504880771, 4233960.222592598758638 ], [ 586118.062801040592603, 4233985.802950511686504 ] ] ] ] } },
{ "type": "Feature", "properties": { "uipfonksiyon": "YERLEŞİK KONUT ALANI", "nizam": "A", "yanbahce": "4", "taks": "0.4", "kaks": "1.6", "onbahce": "5.5", "katadedi": "4", "yencok": null, "emsal": null, "aream2": 401.76, "facade_front": "1", "facade_side": "0,2", "facade_back": "3", "facade_count": 1, "is_corner": false, "front_direction": "S" }, "geometry": { "type": "MultiPolygon", "coordinates": [ [ [ [ 586102.313042940804735, 4233988.621659401804209 ], [ 586106.77289977518376, 4234013.541461002081633 ], [ 586122.450201373780146, 4234010.317895702086389 ], [ 586118.062801040592603, 4233985.802950511686504 ], [ 586102.313042940804735, 4233988.621659401804209 ] ] ] ] } },
{ "type": "Feature", "properties": { "uipfonksiyon": "YERLEŞİK KONUT ALANI", "nizam": "A", "yanbahce": "4", "taks": "0.4", "kaks": "1.6", "onbahce": "5.5", "katadedi": "4", "yencok": null, "emsal": null, "aream2": 408.34, "facade_front": "3", "facade_side": "0,2", "facade_back": "1", "facade_count": 1, "is_corner": false, "front_direction": "S" }, "geometry": { "type": "MultiPolygon", "coordinates": [ [ [ [ 586106.77289977518376, 4234013.541461002081633 ], [ 586102.313042940804735, 4233988.621659401804209 ], [ 586086.563284841366112, 4233991.440368290990591 ], [ 586091.095598176703788, 4234016.765026302076876 ], [ 586106.77289977518376, 4234013.541461002081633 ] ] ] ] } },
{ "type": "Feature", "properties": { "uipfonksiyon": "YERLEŞİK KONUT ALANI", "nizam": "A", "yanbahce": "4", "taks": "0.4", "kaks": "1.6", "onbahce": "5.5", "katadedi": "4", "yencok": null, "emsal": null, "aream2": 518.55, "facade_front": "2,3,4,5", "facade_side": "", "facade_back": "0,1", "facade_count": 4, "is_corner": true, "front_direction": "coklu" }, "geometry": { "type": "MultiPolygon", "coordinates": [ [ [ [ 586091.095598176703788, 4234016.765026302076876 ], [ 586086.563284841366112, 4233991.440368290990591 ], [ 586066.805173945962451, 4233994.976445637643337 ], [ 586070.494994400534779, 4234016.594548555091023 ], [ 586072.462839185958728, 4234019.231053705327213 ], [ 586074.972967242822051, 4234020.080160179175436 ], [ 586091.095598176703788, 4234016.765026302076876 ] ] ] ] } },
{ "type": "Feature", "properties": { "uipfonksiyon": "YERLEŞİK KONUT ALANI", "nizam": "A", "yanbahce": "4", "taks": "0.4", "kaks": "1.6", "onbahce": "5.5", "katadedi": "4", "yencok": null, "emsal": null, "aream2": 416.24, "facade_front": "", "facade_side": "", "facade_back": "0,1,2,3", "facade_count": 0, "is_corner": false, "front_direction": "belirsiz" }, "geometry": { "type": "MultiPolygon", "coordinates": [ [ [ [ 586097.724972585099749, 4233962.985454644076526 ], [ 586102.313042940804735, 4233988.621659401804209 ], [ 586118.062801040592603, 4233985.802950511686504 ], [ 586113.484725504880771, 4233960.222592598758638 ], [ 586097.724972585099749, 4233962.985454644076526 ] ] ] ] } },
{ "type": "Feature", "properties": { "uipfonksiyon": "YERLEŞİK KONUT ALANI", "nizam": "A", "yanbahce": "4", "taks": "0.4", "kaks": "1.6", "onbahce": "5.5", "katadedi": "4", "yencok": null, "emsal": null, "aream2": 417.15, "facade_front": "", "facade_side": "", "facade_back": "0,1,2,3", "facade_count": 0, "is_corner": false, "front_direction": "belirsiz" }, "geometry": { "type": "MultiPolygon", "coordinates": [ [ [ [ 586102.313042940804735, 4233988.621659401804209 ], [ 586097.724972585099749, 4233962.985454644076526 ], [ 586081.965219665551558, 4233965.748316688463092 ], [ 586086.563284841366112, 4233991.440368290990591 ], [ 586102.313042940804735, 4233988.621659401804209 ] ] ] ] } },
{ "type": "Feature", "properties": { "uipfonksiyon": "YERLEŞİK KONUT ALANI", "nizam": "A", "yanbahce": "4", "taks": "0.4", "kaks": "1.6", "onbahce": "5.5", "katadedi": "4", "yencok": null, "emsal": null, "aream2": 516.85, "facade_front": "2,3,4,5", "facade_side": "", "facade_back": "0,1,6", "facade_count": 4, "is_corner": true, "front_direction": "coklu" }, "geometry": { "type": "MultiPolygon", "coordinates": [ [ [ [ 586086.563284841366112, 4233991.440368290990591 ], [ 586081.965219665551558, 4233965.748316688463092 ], [ 586068.148012635647319, 4233968.170628577470779 ], [ 586065.874321804847568, 4233968.670805108733475 ], [ 586063.897845330648124, 4233970.330449885688722 ], [ 586063.012312831124291, 4233972.754642995074391 ], [ 586066.805173945962451, 4233994.976445637643337 ], [ 586086.563284841366112, 4233991.440368290990591 ] ] ] ] } },
{ "type": "Feature", "properties": { "uipfonksiyon": "PAZAR ALANI", "nizam": null, "yanbahce": "3", "taks": null, "kaks": null, "onbahce": null, "katadedi": null, "yencok": null, "emsal": null, "aream2": 415.39, "facade_front": "2,3,4,5,6", "facade_side": "", "facade_back": "0,1", "facade_count": 5, "is_corner": true, "front_direction": "coklu" }, "geometry": { "type": "MultiPolygon", "coordinates": [ [ [ [ 586075.932046650326811, 4234051.270175160840154 ], [ 586095.971897049574181, 4234047.765241925604641 ], [ 586092.317626813892275, 4234026.871540412306786 ], [ 586080.316630152403377, 4234029.347942163236439 ], [ 586076.114216518355533, 4234030.406791234388947 ], [ 586074.227497121319175, 4234032.046586000360548 ], [ 586073.370347642223351, 4234034.39476225618273 ], [ 586075.932046650326811, 4234051.270175160840154 ] ] ] ] } },
{ "type": "Feature", "properties": { "uipfonksiyon": "PAZAR ALANI", "nizam": null, "yanbahce": "3", "taks": null, "kaks": null, "onbahce": null, "katadedi": null, "yencok": null, "emsal": null, "aream2": 451.16, "facade_front": "1,2,3,4", "facade_side": "", "facade_back": "0,5", "facade_count": 4, "is_corner": true, "front_direction": "coklu" }, "geometry": { "type": "MultiPolygon", "coordinates": [ [ [ [ 586095.971897049574181, 4234047.765241925604641 ], [ 586075.932046650326811, 4234051.270175160840154 ], [ 586078.616956065990962, 4234068.957247241400182 ], [ 586079.982157943304628, 4234071.208026882261038 ], [ 586082.958351031527855, 4234072.559353675693274 ], [ 586099.793369290418923, 4234069.614939728751779 ], [ 586095.971897049574181, 4234047.765241925604641 ] ] ] ] } },
{ "type": "Feature", "properties": { "uipfonksiyon": "PAZAR ALANI", "nizam": null, "yanbahce": "3", "taks": null, "kaks": null, "onbahce": null, "katadedi": null, "yencok": null, "emsal": null, "aream2": 343.26, "facade_front": "1", "facade_side": "0,2", "facade_back": "3", "facade_count": 1, "is_corner": false, "front_direction": "N" }, "geometry": { "type": "MultiPolygon", "coordinates": [ [ [ [ 586111.73265695234295, 4234045.008713803254068 ], [ 586107.994709690101445, 4234023.636579469777644 ], [ 586092.317626813892275, 4234026.871540412306786 ], [ 586095.971897049574181, 4234047.765241925604641 ], [ 586111.73265695234295, 4234045.008713803254068 ] ] ] ] } },
{ "type": "Feature", "properties": { "uipfonksiyon": "PAZAR ALANI", "nizam": null, "yanbahce": "3", "taks": null, "kaks": null, "onbahce": null, "katadedi": null, "yencok": null, "emsal": null, "aream2": 351.03, "facade_front": "1,2", "facade_side": "", "facade_back": "0,3,4", "facade_count": 2, "is_corner": true, "front_direction": "N" }, "geometry": { "type": "MultiPolygon", "coordinates": [ [ [ [ 586127.493416854995303, 4234042.252185679972172 ], [ 586123.672000078484416, 4234020.402805001474917 ], [ 586123.64330597105436, 4234020.40749672614038 ], [ 586107.994709690101445, 4234023.636579469777644 ], [ 586111.73265695234295, 4234045.008713803254068 ], [ 586127.493416854995303, 4234042.252185679972172 ] ] ] ] } },
{ "type": "Feature", "properties": { "uipfonksiyon": "PAZAR ALANI", "nizam": null, "yanbahce": "3", "taks": null, "kaks": null, "onbahce": null, "katadedi": null, "yencok": null, "emsal": null, "aream2": 353.48, "facade_front": "3", "facade_side": "0,2", "facade_back": "1", "facade_count": 1, "is_corner": false, "front_direction": "N" }, "geometry": { "type": "MultiPolygon", "coordinates": [ [ [ [ 586123.672000078484416, 4234020.402805001474917 ], [ 586127.493416854995303, 4234042.252185679972172 ], [ 586143.254176757531241, 4234039.495657557621598 ], [ 586139.463283584802411, 4234017.820799020119011 ], [ 586123.672000078484416, 4234020.402805001474917 ] ] ] ] } },
{ "type": "Feature", "properties": { "uipfonksiyon": "PAZAR ALANI", "nizam": null, "yanbahce": "3", "taks": null, "kaks": null, "onbahce": null, "katadedi": null, "yencok": null, "emsal": null, "aream2": 350.64, "facade_front": "3", "facade_side": "0,2", "facade_back": "1", "facade_count": 1, "is_corner": false, "front_direction": "N" }, "geometry": { "type": "MultiPolygon", "coordinates": [ [ [ [ 586139.463283584802411, 4234017.820799020119011 ], [ 586143.254176757531241, 4234039.495657557621598 ], [ 586159.014936660067178, 4234036.739129435271025 ], [ 586155.254567091120407, 4234015.238793037831783 ], [ 586139.463283584802411, 4234017.820799020119011 ] ] ] ] } },
{ "type": "Feature", "properties": { "uipfonksiyon": "PAZAR ALANI", "nizam": null, "yanbahce": "3", "taks": null, "kaks": null, "onbahce": null, "katadedi": null, "yencok": null, "emsal": null, "aream2": 347.81, "facade_front": "3", "facade_side": "0,2", "facade_back": "1", "facade_count": 1, "is_corner": false, "front_direction": "N" }, "geometry": { "type": "MultiPolygon", "coordinates": [ [ [ [ 586155.254567091120407, 4234015.238793037831783 ], [ 586159.014936660067178, 4234036.739129435271025 ], [ 586174.775696562835947, 4234033.982601311989129 ], [ 586171.045850597671233, 4234012.656787056475878 ], [ 586155.254567091120407, 4234015.238793037831783 ] ] ] ] } },
{ "type": "Feature", "properties": { "uipfonksiyon": "PAZAR ALANI", "nizam": null, "yanbahce": "3", "taks": null, "kaks": null, "onbahce": null, "katadedi": null, "yencok": null, "emsal": null, "aream2": 439.87, "facade_front": "2,3,4,5", "facade_side": "", "facade_back": "0,1", "facade_count": 4, "is_corner": true, "front_direction": "coklu" }, "geometry": { "type": "MultiPolygon", "coordinates": [ [ [ [ 586171.045850597671233, 4234012.656787056475878 ], [ 586174.775696562835947, 4234033.982601311989129 ], [ 586195.146704256650992, 4234030.419749270193279 ], [ 586192.181191104697064, 4234013.813705327920616 ], [ 586190.65186524472665, 4234011.020324047654867 ], [ 586188.385438842349686, 4234009.821620393544436 ], [ 586171.045850597671233, 4234012.656787056475878 ] ] ] ] } },
{ "type": "Feature", "properties": { "uipfonksiyon": "PAZAR ALANI", "nizam": null, "yanbahce": "3", "taks": null, "kaks": null, "onbahce": null, "katadedi": null, "yencok": null, "emsal": null, "aream2": 354.9, "facade_front": "3", "facade_side": "0,2", "facade_back": "1", "facade_count": 1, "is_corner": false, "front_direction": "S" }, "geometry": { "type": "MultiPolygon", "coordinates": [ [ [ [ 586115.554129193187691, 4234066.858411605469882 ], [ 586111.73265695234295, 4234045.008713803254068 ], [ 586095.971897049574181, 4234047.765241925604641 ], [ 586099.793369290418923, 4234069.614939728751779 ], [ 586115.554129193187691, 4234066.858411605469882 ] ] ] ] } },
{ "type": "Feature", "properties": { "uipfonksiyon": "PAZAR ALANI", "nizam": null, "yanbahce": "3", "taks": null, "kaks": null, "onbahce": null, "katadedi": null, "yencok": null, "emsal": null, "aream2": 354.9, "facade_front": "3", "facade_side": "0,2", "facade_back": "1", "facade_count": 1, "is_corner": false, "front_direction": "S" }, "geometry": { "type": "MultiPolygon", "coordinates": [ [ [ [ 586131.314889095840044, 4234064.101883483119309 ], [ 586127.493416854995303, 4234042.252185679972172 ], [ 586111.73265695234295, 4234045.008713803254068 ], [ 586115.554129193187691, 4234066.858411605469882 ], [ 586131.314889095840044, 4234064.101883483119309 ] ] ] ] } },
{ "type": "Feature", "properties": { "uipfonksiyon": "PAZAR ALANI", "nizam": null, "yanbahce": "3", "taks": null, "kaks": null, "onbahce": null, "katadedi": null, "yencok": null, "emsal": null, "aream2": 354.9, "facade_front": "1", "facade_side": "0,2", "facade_back": "3", "facade_count": 1, "is_corner": false, "front_direction": "S" }, "geometry": { "type": "MultiPolygon", "coordinates": [ [ [ [ 586127.493416854995303, 4234042.252185679972172 ], [ 586131.314889095840044, 4234064.101883483119309 ], [ 586147.075648998375982, 4234061.345355360768735 ], [ 586143.254176757531241, 4234039.495657557621598 ], [ 586127.493416854995303, 4234042.252185679972172 ] ] ] ] } },
{ "type": "Feature", "properties": { "uipfonksiyon": "PAZAR ALANI", "nizam": null, "yanbahce": "3", "taks": null, "kaks": null, "onbahce": null, "katadedi": null, "yencok": null, "emsal": null, "aream2": 354.9, "facade_front": "1", "facade_side": "0,2", "facade_back": "3", "facade_count": 1, "is_corner": false, "front_direction": "S" }, "geometry": { "type": "MultiPolygon", "coordinates": [ [ [ [ 586143.254176757531241, 4234039.495657557621598 ], [ 586147.075648998375982, 4234061.345355360768735 ], [ 586162.836408901028335, 4234058.588827238418162 ], [ 586159.014936660067178, 4234036.739129435271025 ], [ 586143.254176757531241, 4234039.495657557621598 ] ] ] ] } },
{ "type": "Feature", "properties": { "uipfonksiyon": "PAZAR ALANI", "nizam": null, "yanbahce": "3", "taks": null, "kaks": null, "onbahce": null, "katadedi": null, "yencok": null, "emsal": null, "aream2": 354.9, "facade_front": "1", "facade_side": "0,2", "facade_back": "3", "facade_count": 1, "is_corner": false, "front_direction": "S" }, "geometry": { "type": "MultiPolygon", "coordinates": [ [ [ [ 586159.014936660067178, 4234036.739129435271025 ], [ 586162.836408901028335, 4234058.588827238418162 ], [ 586178.597168803797103, 4234055.832299115136266 ], [ 586174.775696562835947, 4234033.982601311989129 ], [ 586159.014936660067178, 4234036.739129435271025 ] ] ] ] } },
{ "type": "Feature", "properties": { "uipfonksiyon": "PAZAR ALANI", "nizam": null, "yanbahce": "3", "taks": null, "kaks": null, "onbahce": null, "katadedi": null, "yencok": null, "emsal": null, "aream2": 454.89, "facade_front": "1,2,3,4", "facade_side": "", "facade_back": "0,5", "facade_count": 4, "is_corner": true, "front_direction": "coklu" }, "geometry": { "type": "MultiPolygon", "coordinates": [ [ [ [ 586174.775696562835947, 4234033.982601311989129 ], [ 586178.597168803797103, 4234055.832299115136266 ], [ 586195.545024835621007, 4234052.868150047957897 ], [ 586197.546824836172163, 4234051.164392071776092 ], [ 586198.407748411176726, 4234048.680684141814709 ], [ 586195.146704256650992, 4234030.419749270193279 ], [ 586174.775696562835947, 4234033.982601311989129 ] ] ] ] } },
{ "type": "Feature", "properties": { "uipfonksiyon": "İLKOKUL ALANI", "nizam": null, "yanbahce": "3", "taks": null, "kaks": null, "onbahce": null, "katadedi": null, "yencok": "12", "emsal": "1.6", "aream2": 622.23, "facade_front": "1,2,3", "facade_side": "", "facade_back": "0,4,5", "facade_count": 3, "is_corner": true, "front_direction": "coklu" }, "geometry": { "type": "MultiPolygon", "coordinates": [ [ [ [ 586022.045999790658243, 4234122.50837189424783 ], [ 586016.931886553997174, 4234094.051363840699196 ], [ 585999.191304780659266, 4234096.908721891231835 ], [ 585997.175342032453045, 4234098.583326506428421 ], [ 585996.283377315616235, 4234101.047632770612836 ], [ 586000.869770994293503, 4234126.314029600471258 ], [ 586022.045999790658243, 4234122.50837189424783 ] ] ] ] } },
{ "type": "Feature", "properties": { "uipfonksiyon": "İLKOKUL ALANI", "nizam": null, "yanbahce": "3", "taks": null, "kaks": null, "onbahce": null, "katadedi": null, "yencok": "12", "emsal": "1.6", "aream2": 460.29, "facade_front": "3", "facade_side": "0,2", "facade_back": "1", "facade_count": 1, "is_corner": false, "front_direction": "N" }, "geometry": { "type": "MultiPolygon", "coordinates": [ [ [ [ 586016.931886553997174, 4234094.051363840699196 ], [ 586022.045999790658243, 4234122.50837189424783 ], [ 586037.793718536267988, 4234119.678291629999876 ], [ 586032.730902301031165, 4234091.506720975041389 ], [ 586016.931886553997174, 4234094.051363840699196 ] ] ] ] } },
{ "type": "Feature", "properties": { "uipfonksiyon": "İLKOKUL ALANI", "nizam": null, "yanbahce": "3", "taks": null, "kaks": null, "onbahce": null, "katadedi": null, "yencok": "12", "emsal": "1.6", "aream2": 455.65, "facade_front": "3", "facade_side": "0,2", "facade_back": "1", "facade_count": 1, "is_corner": false, "front_direction": "N" }, "geometry": { "type": "MultiPolygon", "coordinates": [ [ [ [ 586032.730902301031165, 4234091.506720975041389 ], [ 586037.793718536267988, 4234119.678291629999876 ], [ 586053.541437281994149, 4234116.8482113648206 ], [ 586048.529918048297986, 4234088.962078110314906 ], [ 586032.730902301031165, 4234091.506720975041389 ] ] ] ] } },
{ "type": "Feature", "properties": { "uipfonksiyon": "İLKOKUL ALANI", "nizam": null, "yanbahce": "3", "taks": null, "kaks": null, "onbahce": null, "katadedi": null, "yencok": "12", "emsal": "1.6", "aream2": 621.66, "facade_front": "3,4,5", "facade_side": "", "facade_back": "0,1,2", "facade_count": 3, "is_corner": true, "front_direction": "coklu" }, "geometry": { "type": "MultiPolygon", "coordinates": [ [ [ [ 586027.217713998164982, 4234151.285895199514925 ], [ 586022.045999790658243, 4234122.50837189424783 ], [ 586000.869770994293503, 4234126.314029600471258 ], [ 586005.211333033279516, 4234150.23165138065815 ], [ 586006.7702904996695, 4234153.026468835771084 ], [ 586010.355578343383968, 4234154.316251412034035 ], [ 586027.217713998164982, 4234151.285895199514925 ] ] ] ] } },
{ "type": "Feature", "properties": { "uipfonksiyon": "İLKOKUL ALANI", "nizam": null, "yanbahce": "3", "taks": null, "kaks": null, "onbahce": null, "katadedi": null, "yencok": "12", "emsal": "1.6", "aream2": 467.82, "facade_front": "1", "facade_side": "0,2", "facade_back": "3", "facade_count": 1, "is_corner": false, "front_direction": "S" }, "geometry": { "type": "MultiPolygon", "coordinates": [ [ [ [ 586022.045999790658243, 4234122.50837189424783 ], [ 586027.217713998164982, 4234151.285895199514925 ], [ 586042.965432743891142, 4234148.455814935266972 ], [ 586037.793718536267988, 4234119.678291629999876 ], [ 586022.045999790658243, 4234122.50837189424783 ] ] ] ] } },
{ "type": "Feature", "properties": { "uipfonksiyon": "İLKOKUL ALANI", "nizam": null, "yanbahce": "3", "taks": null, "kaks": null, "onbahce": null, "katadedi": null, "yencok": "12", "emsal": "1.6", "aream2": 467.82, "facade_front": "1", "facade_side": "0,2", "facade_back": "3", "facade_count": 1, "is_corner": false, "front_direction": "S" }, "geometry": { "type": "MultiPolygon", "coordinates": [ [ [ [ 586037.793718536267988, 4234119.678291629999876 ], [ 586042.965432743891142, 4234148.455814935266972 ], [ 586058.713151489733718, 4234145.625734671019018 ], [ 586053.541437281994149, 4234116.8482113648206 ], [ 586037.793718536267988, 4234119.678291629999876 ] ] ] ] } },
{ "type": "Feature", "properties": { "uipfonksiyon": "İLKOKUL ALANI", "nizam": null, "yanbahce": "3", "taks": null, "kaks": null, "onbahce": null, "katadedi": null, "yencok": "12", "emsal": "1.6", "aream2": 597.06, "facade_front": "1,2,3", "facade_side": "", "facade_back": "0,4", "facade_count": 3, "is_corner": true, "front_direction": "coklu" }, "geometry": { "type": "MultiPolygon", "coordinates": [ [ [ [ 586053.541437281994149, 4234116.8482113648206 ], [ 586074.652738732285798, 4234113.054221989586949 ], [ 586070.202605298371054, 4234088.892098569311202 ], [ 586066.777806492056698, 4234086.023011532612145 ], [ 586048.529918048297986, 4234088.962078110314906 ], [ 586053.541437281994149, 4234116.8482113648206 ] ] ] ] } },
{ "type": "Feature", "properties": { "uipfonksiyon": "İLKOKUL ALANI", "nizam": null, "yanbahce": "3", "taks": null, "kaks": null, "onbahce": null, "katadedi": null, "yencok": "12", "emsal": "1.6", "aream2": 622.64, "facade_front": "2,3,4", "facade_side": "", "facade_back": "0,1", "facade_count": 3, "is_corner": true, "front_direction": "coklu" }, "geometry": { "type": "MultiPolygon", "coordinates": [ [ [ [ 586074.652738732285798, 4234113.054221989586949 ], [ 586053.541437281994149, 4234116.8482113648206 ], [ 586058.713151489733718, 4234145.625734671019018 ], [ 586076.444299158174545, 4234142.439205124042928 ], [ 586079.302195382770151, 4234138.29857636615634 ], [ 586074.652738732285798, 4234113.054221989586949 ] ] ] ] } },
{ "type": "Feature", "properties": { "uipfonksiyon": "CAMİ", "nizam": null, "yanbahce": "3", "taks": null, "kaks": null, "onbahce": null, "katadedi": null, "yencok": "12", "emsal": "1.6", "aream2": 415.37, "facade_front": "1,2,3", "facade_side": "", "facade_back": "0,4", "facade_count": 3, "is_corner": true, "front_direction": "coklu" }, "geometry": { "type": "MultiPolygon", "coordinates": [ [ [ [ 585974.03512130479794, 4234138.697530460543931 ], [ 585953.721309454413131, 4234142.452623108401895 ], [ 585957.353460288490169, 4234159.926886666566133 ], [ 585961.875996754737571, 4234161.664087428711355 ], [ 585977.834112475859001, 4234159.24881883058697 ], [ 585974.03512130479794, 4234138.697530460543931 ] ] ] ] } },
{ "type": "Feature", "properties": { "uipfonksiyon": "CAMİ", "nizam": null, "yanbahce": "3", "taks": null, "kaks": null, "onbahce": null, "katadedi": null, "yencok": "12", "emsal": "1.6", "aream2": 333.36, "facade_front": "3", "facade_side": "0,2", "facade_back": "1", "facade_count": 1, "is_corner": false, "front_direction": "E" }, "geometry": { "type": "MultiPolygon", "coordinates": [ [ [ [ 585953.721309454413131, 4234142.452623108401895 ], [ 585974.03512130479794, 4234138.697530460543931 ], [ 585971.126728756236844, 4234122.964086693711579 ], [ 585950.46439194760751, 4234126.783605630509555 ], [ 585953.721309454413131, 4234142.452623108401895 ] ] ] ] } },
{ "type": "Feature", "properties": { "uipfonksiyon": "CAMİ", "nizam": null, "yanbahce": "3", "taks": null, "kaks": null, "onbahce": null, "katadedi": null, "yencok": "12", "emsal": "1.6", "aream2": 449.98, "facade_front": "2,3", "facade_side": "", "facade_back": "0,1,4", "facade_count": 2, "is_corner": true, "front_direction": "coklu" }, "geometry": { "type": "MultiPolygon", "coordinates": [ [ [ [ 585995.059443759731948, 4234134.811096970923245 ], [ 585974.03512130479794, 4234138.697530460543931 ], [ 585977.834112475859001, 4234159.24881883058697 ], [ 585996.523469889070839, 4234156.420175470411777 ], [ 585998.354858271661215, 4234152.638201819732785 ], [ 585995.059443759731948, 4234134.811096970923245 ] ] ] ] } },
{ "type": "Feature", "properties": { "uipfonksiyon": "CAMİ", "nizam": null, "yanbahce": "3", "taks": null, "kaks": null, "onbahce": null, "katadedi": null, "yencok": "12", "emsal": "1.6", "aream2": 342.09, "facade_front": "", "facade_side": "", "facade_back": "0,1,2,3", "facade_count": 0, "is_corner": false, "front_direction": "belirsiz" }, "geometry": { "type": "MultiPolygon", "coordinates": [ [ [ [ 585974.03512130479794, 4234138.697530460543931 ], [ 585995.059443759731948, 4234134.811096970923245 ], [ 585992.151051210705191, 4234119.077653204090893 ], [ 585971.126728756236844, 4234122.964086693711579 ], [ 585974.03512130479794, 4234138.697530460543931 ] ] ] ] } },
{ "type": "Feature", "properties": { "uipfonksiyon": "CAMİ", "nizam": null, "yanbahce": "3", "taks": null, "kaks": null, "onbahce": null, "katadedi": null, "yencok": "12", "emsal": "1.6", "aream2": 448.96, "facade_front": "1,2,3,4", "facade_side": "", "facade_back": "0,5", "facade_count": 4, "is_corner": true, "front_direction": "coklu" }, "geometry": { "type": "MultiPolygon", "coordinates": [ [ [ [ 585971.126728756236844, 4234122.964086693711579 ], [ 585967.25818309688475, 4234102.036531498655677 ], [ 585949.906888794270344, 4234105.006952590309083 ], [ 585947.541332991560921, 4234107.268899390473962 ], [ 585947.081686184974387, 4234110.509421342052519 ], [ 585950.46439194760751, 4234126.783605630509555 ], [ 585971.126728756236844, 4234122.964086693711579 ] ] ] ] } },
{ "type": "Feature", "properties": { "uipfonksiyon": "CAMİ", "nizam": null, "yanbahce": "3", "taks": null, "kaks": null, "onbahce": null, "katadedi": null, "yencok": "12", "emsal": "1.6", "aream2": 443.17, "facade_front": "3,4,5", "facade_side": "", "facade_back": "0,1,2", "facade_count": 3, "is_corner": true, "front_direction": "coklu" }, "geometry": { "type": "MultiPolygon", "coordinates": [ [ [ [ 585967.25818309688475, 4234102.036531498655677 ], [ 585971.126728756236844, 4234122.964086693711579 ], [ 585992.151051210705191, 4234119.077653204090893 ], [ 585989.008516935165972, 4234102.077579976059496 ], [ 585986.221344035933726, 4234099.524093092419207 ], [ 585975.806242319988087, 4234100.57316312007606 ], [ 585967.25818309688475, 4234102.036531498655677 ] ] ] ] } },
{ "type": "Feature", "properties": { "uipfonksiyon": "YERLEŞİK KONUT ALANI", "nizam": "A", "yanbahce": "4", "taks": "0.4", "kaks": "1.6", "onbahce": "5.5", "katadedi": "4", "yencok": null, "emsal": null, "aream2": 343.27, "facade_front": "1,2,3,4", "facade_side": "", "facade_back": "0,5,6", "facade_count": 4, "is_corner": true, "front_direction": "coklu" }, "geometry": { "type": "MultiPolygon", "coordinates": [ [ [ [ 585660.712148187332787, 4234114.261918839067221 ], [ 585657.23184300318826, 4234096.750107708387077 ], [ 585641.140987746999599, 4234103.401058750227094 ], [ 585638.42486484372057, 4234104.688306878320873 ], [ 585636.617662669974379, 4234107.371978252194822 ], [ 585636.831985701457597, 4234110.600311781279743 ], [ 585640.075414507533424, 4234118.363272530026734 ], [ 585660.712148187332787, 4234114.261918839067221 ] ] ] ] } },
{ "type": "Feature", "properties": { "uipfonksiyon": "YERLEŞİK KONUT ALANI", "nizam": "A", "yanbahce": "4", "taks": "0.4", "kaks": "1.6", "onbahce": "5.5", "katadedi": "4", "yencok": null, "emsal": null, "aream2": 311.04, "facade_front": "3,4", "facade_side": "", "facade_back": "0,1,2", "facade_count": 2, "is_corner": true, "front_direction": "N" }, "geometry": { "type": "MultiPolygon", "coordinates": [ [ [ [ 585657.23184300318826, 4234096.750107708387077 ], [ 585660.712148187332787, 4234114.261918839067221 ], [ 585676.405228689545766, 4234111.143068994395435 ], [ 585672.318031865521334, 4234090.577568255364895 ], [ 585671.822185409604572, 4234090.719374631531537 ], [ 585657.23184300318826, 4234096.750107708387077 ] ] ] ] } },
{ "type": "Feature", "properties": { "uipfonksiyon": "YERLEŞİK KONUT ALANI", "nizam": "A", "yanbahce": "4", "taks": "0.4", "kaks": "1.6", "onbahce": "5.5", "katadedi": "4", "yencok": null, "emsal": null, "aream2": 346.05, "facade_front": "3", "facade_side": "0,2", "facade_back": "1", "facade_count": 1, "is_corner": false, "front_direction": "N" }, "geometry": { "type": "MultiPolygon", "coordinates": [ [ [ [ 585672.318031865521334, 4234090.577568255364895 ], [ 585676.405228689545766, 4234111.143068994395435 ], [ 585692.098309191642329, 4234108.024219149723649 ], [ 585687.753633305081166, 4234086.163164004683495 ], [ 585672.318031865521334, 4234090.577568255364895 ] ] ] ] } },
{ "type": "Feature", "properties": { "uipfonksiyon": "YERLEŞİK KONUT ALANI", "nizam": "A", "yanbahce": "4", "taks": "0.4", "kaks": "1.6", "onbahce": "5.5", "katadedi": "4", "yencok": null, "emsal": null, "aream2": 367.18, "facade_front": "3", "facade_side": "0,2", "facade_back": "1", "facade_count": 1, "is_corner": false, "front_direction": "N" }, "geometry": { "type": "MultiPolygon", "coordinates": [ [ [ [ 585687.753633305081166, 4234086.163164004683495 ], [ 585692.098309191642329, 4234108.024219149723649 ], [ 585707.791389693855308, 4234104.905369305051863 ], [ 585703.189234744640999, 4234081.748759754933417 ], [ 585687.753633305081166, 4234086.163164004683495 ] ] ] ] } },
{ "type": "Feature", "properties": { "uipfonksiyon": "YERLEŞİK KONUT ALANI", "nizam": "A", "yanbahce": "4", "taks": "0.4", "kaks": "1.6", "onbahce": "5.5", "katadedi": "4", "yencok": null, "emsal": null, "aream2": 388.32, "facade_front": "3", "facade_side": "0,2", "facade_back": "1", "facade_count": 1, "is_corner": false, "front_direction": "N" }, "geometry": { "type": "MultiPolygon", "coordinates": [ [ [ [ 585703.189234744640999, 4234081.748759754933417 ], [ 585707.791389693855308, 4234104.905369305051863 ], [ 585723.484470195951872, 4234101.786519460380077 ], [ 585718.624836184084415, 4234077.334355504252017 ], [ 585703.189234744640999, 4234081.748759754933417 ] ] ] ] } },
{ "type": "Feature", "properties": { "uipfonksiyon": "YERLEŞİK KONUT ALANI", "nizam": "A", "yanbahce": "4", "taks": "0.4", "kaks": "1.6", "onbahce": "5.5", "katadedi": "4", "yencok": null, "emsal": null, "aream2": 407.09, "facade_front": "3,4", "facade_side": "", "facade_back": "0,1,2", "facade_count": 2, "is_corner": true, "front_direction": "N" }, "geometry": { "type": "MultiPolygon", "coordinates": [ [ [ [ 585718.624836184084415, 4234077.334355504252017 ], [ 585723.484470195951872, 4234101.786519460380077 ], [ 585739.177550698048435, 4234098.667669615708292 ], [ 585734.126972669386305, 4234073.254734870046377 ], [ 585720.714033903321251, 4234076.73686901666224 ], [ 585718.624836184084415, 4234077.334355504252017 ] ] ] ] } },
{ "type": "Feature", "properties": { "uipfonksiyon": "YERLEŞİK KONUT ALANI", "nizam": "A", "yanbahce": "4", "taks": "0.4", "kaks": "1.6", "onbahce": "5.5", "katadedi": "4", "yencok": null, "emsal": null, "aream2": 530.06, "facade_front": "3,4,5", "facade_side": "", "facade_back": "0,1,2", "facade_count": 3, "is_corner": true, "front_direction": "coklu" }, "geometry": { "type": "MultiPolygon", "coordinates": [ [ [ [ 585666.422195021528751, 4234142.993095106445253 ], [ 585660.712148187332787, 4234114.261918839067221 ], [ 585640.075414507533424, 4234118.363272530026734 ], [ 585650.239650744595565, 4234142.690788768231869 ], [ 585652.126902113086544, 4234144.954585359431803 ], [ 585654.961419433122501, 4234145.762053190730512 ], [ 585666.422195021528751, 4234142.993095106445253 ] ] ] ] } },
{ "type": "Feature", "properties": { "uipfonksiyon": "YERLEŞİK KONUT ALANI", "nizam": "A", "yanbahce": "4", "taks": "0.4", "kaks": "1.6", "onbahce": "5.5", "katadedi": "4", "yencok": null, "emsal": null, "aream2": 463.21, "facade_front": "1,2", "facade_side": "", "facade_back": "0,3,4", "facade_count": 2, "is_corner": true, "front_direction": "S" }, "geometry": { "type": "MultiPolygon", "coordinates": [ [ [ [ 585660.712148187332787, 4234114.261918839067221 ], [ 585666.422195021528751, 4234142.993095106445253 ], [ 585678.030556223820895, 4234140.188479891046882 ], [ 585681.96419494447764, 4234139.114054867997766 ], [ 585676.405228689545766, 4234111.143068994395435 ], [ 585660.712148187332787, 4234114.261918839067221 ] ] ] ] } },
{ "type": "Feature", "properties": { "uipfonksiyon": "YERLEŞİK KONUT ALANI", "nizam": "A", "yanbahce": "4", "taks": "0.4", "kaks": "1.6", "onbahce": "5.5", "katadedi": "4", "yencok": null, "emsal": null, "aream2": 447.25, "facade_front": "1,2", "facade_side": "", "facade_back": "0,3,4", "facade_count": 2, "is_corner": true, "front_direction": "S" }, "geometry": { "type": "MultiPolygon", "coordinates": [ [ [ [ 585676.405228689545766, 4234111.143068994395435 ], [ 585681.96419494447764, 4234139.114054867997766 ], [ 585685.670160574140027, 4234138.101815949194133 ], [ 585697.437102163676172, 4234134.88736167550087 ], [ 585692.098309191642329, 4234108.024219149723649 ], [ 585676.405228689545766, 4234111.143068994395435 ] ] ] ] } },
{ "type": "Feature", "properties": { "uipfonksiyon": "YERLEŞİK KONUT ALANI", "nizam": "A", "yanbahce": "4", "taks": "0.4", "kaks": "1.6", "onbahce": "5.5", "katadedi": "4", "yencok": null, "emsal": null, "aream2": 429.17, "facade_front": "1,2", "facade_side": "", "facade_back": "0,3,4", "facade_count": 2, "is_corner": true, "front_direction": "S" }, "geometry": { "type": "MultiPolygon", "coordinates": [ [ [ [ 585692.098309191642329, 4234108.024219149723649 ], [ 585697.437102163676172, 4234134.88736167550087 ], [ 585705.529054972808808, 4234132.676828709430993 ], [ 585712.90955924091395, 4234130.658403508365154 ], [ 585707.791389693855308, 4234104.905369305051863 ], [ 585692.098309191642329, 4234108.024219149723649 ] ] ] ] } },
{ "type": "Feature", "properties": { "uipfonksiyon": "YERLEŞİK KONUT ALANI", "nizam": "A", "yanbahce": "4", "taks": "0.4", "kaks": "1.6", "onbahce": "5.5", "katadedi": "4", "yencok": null, "emsal": null, "aream2": 412.15, "facade_front": "1,2", "facade_side": "", "facade_back": "0,3,4", "facade_count": 2, "is_corner": true, "front_direction": "S" }, "geometry": { "type": "MultiPolygon", "coordinates": [ [ [ [ 585707.791389693855308, 4234104.905369305051863 ], [ 585712.90955924091395, 4234130.658403508365154 ], [ 585724.140240974025801, 4234127.587029222398996 ], [ 585728.480854231980629, 4234126.926766923628747 ], [ 585723.484470195951872, 4234101.786519460380077 ], [ 585707.791389693855308, 4234104.905369305051863 ] ] ] ] } },
{ "type": "Feature", "properties": { "uipfonksiyon": "YERLEŞİK KONUT ALANI", "nizam": "A", "yanbahce": "4", "taks": "0.4", "kaks": "1.6", "onbahce": "5.5", "katadedi": "4", "yencok": null, "emsal": null, "aream2": 416.32, "facade_front": "1,2", "facade_side": "", "facade_back": "0,3,4", "facade_count": 2, "is_corner": true, "front_direction": "S" }, "geometry": { "type": "MultiPolygon", "coordinates": [ [ [ [ 585723.484470195951872, 4234101.786519460380077 ], [ 585728.480854231980629, 4234126.926766923628747 ], [ 585732.808490334544331, 4234126.26847861520946 ], [ 585744.3289400722133, 4234124.587855636142194 ], [ 585739.177550698048435, 4234098.667669615708292 ], [ 585723.484470195951872, 4234101.786519460380077 ] ] ] ] } },
{ "type": "Feature", "properties": { "uipfonksiyon": "YERLEŞİK KONUT ALANI", "nizam": "A", "yanbahce": "4", "taks": "0.4", "kaks": "1.6", "onbahce": "5.5", "katadedi": "4", "yencok": null, "emsal": null, "aream2": 421.97, "facade_front": "2", "facade_side": "1,3", "facade_back": "0", "facade_count": 1, "is_corner": false, "front_direction": "N" }, "geometry": { "type": "MultiPolygon", "coordinates": [ [ [ [ 585739.177550698048435, 4234098.667669615708292 ], [ 585754.870631200028583, 4234095.548819771036506 ], [ 585749.639524309663102, 4234069.227520050480962 ], [ 585734.126972669386305, 4234073.254734870046377 ], [ 585739.177550698048435, 4234098.667669615708292 ] ] ] ] } },
{ "type": "Feature", "properties": { "uipfonksiyon": "YERLEŞİK KONUT ALANI", "nizam": "A", "yanbahce": "4", "taks": "0.4", "kaks": "1.6", "onbahce": "5.5", "katadedi": "4", "yencok": null, "emsal": null, "aream2": 429.41, "facade_front": "2", "facade_side": "1,3", "facade_back": "0", "facade_count": 1, "is_corner": false, "front_direction": "S" }, "geometry": { "type": "MultiPolygon", "coordinates": [ [ [ [ 585754.870631200028583, 4234095.548819771036506 ], [ 585739.177550698048435, 4234098.667669615708292 ], [ 585744.3289400722133, 4234124.587855636142194 ], [ 585760.182234017062001, 4234122.275149908848107 ], [ 585754.870631200028583, 4234095.548819771036506 ] ] ] ] } },
{ "type": "Feature", "properties": { "uipfonksiyon": "YERLEŞİK KONUT ALANI", "nizam": "A", "yanbahce": "4", "taks": "0.4", "kaks": "1.6", "onbahce": "5.5", "katadedi": "4", "yencok": null, "emsal": null, "aream2": 436.79, "facade_front": "2", "facade_side": "1,3", "facade_back": "0", "facade_count": 1, "is_corner": false, "front_direction": "N" }, "geometry": { "type": "MultiPolygon", "coordinates": [ [ [ [ 585754.870631200028583, 4234095.548819771036506 ], [ 585770.563711702474393, 4234092.429969925433397 ], [ 585765.15207595017273, 4234065.200305229984224 ], [ 585749.639524309663102, 4234069.227520050480962 ], [ 585754.870631200028583, 4234095.548819771036506 ] ] ] ] } },
{ "type": "Feature", "properties": { "uipfonksiyon": "YERLEŞİK KONUT ALANI", "nizam": "A", "yanbahce": "4", "taks": "0.4", "kaks": "1.6", "onbahce": "5.5", "katadedi": "4", "yencok": null, "emsal": null, "aream2": 442.56, "facade_front": "2", "facade_side": "1,3", "facade_back": "0", "facade_count": 1, "is_corner": false, "front_direction": "S" }, "geometry": { "type": "MultiPolygon", "coordinates": [ [ [ [ 585770.563711702474393, 4234092.429969925433397 ], [ 585754.870631200028583, 4234095.548819771036506 ], [ 585760.182234017062001, 4234122.275149908848107 ], [ 585776.035527962027118, 4234119.962444180622697 ], [ 585770.563711702474393, 4234092.429969925433397 ] ] ] ] } },
{ "type": "Feature", "properties": { "uipfonksiyon": "YERLEŞİK KONUT ALANI", "nizam": "A", "yanbahce": "4", "taks": "0.4", "kaks": "1.6", "onbahce": "5.5", "katadedi": "4", "yencok": null, "emsal": null, "aream2": 451.6, "facade_front": "2", "facade_side": "1,3", "facade_back": "0", "facade_count": 1, "is_corner": false, "front_direction": "N" }, "geometry": { "type": "MultiPolygon", "coordinates": [ [ [ [ 585770.563711702474393, 4234092.429969925433397 ], [ 585786.256792204454541, 4234089.311120080761611 ], [ 585780.664627590449527, 4234061.173090410418808 ], [ 585765.15207595017273, 4234065.200305229984224 ], [ 585770.563711702474393, 4234092.429969925433397 ] ] ] ] } },
{ "type": "Feature", "properties": { "uipfonksiyon": "YERLEŞİK KONUT ALANI", "nizam": "A", "yanbahce": "4", "taks": "0.4", "kaks": "1.6", "onbahce": "5.5", "katadedi": "4", "yencok": null, "emsal": null, "aream2": 455.71, "facade_front": "2", "facade_side": "1,3", "facade_back": "0", "facade_count": 1, "is_corner": false, "front_direction": "S" }, "geometry": { "type": "MultiPolygon", "coordinates": [ [ [ [ 585786.256792204454541, 4234089.311120080761611 ], [ 585770.563711702474393, 4234092.429969925433397 ], [ 585776.035527962027118, 4234119.962444180622697 ], [ 585791.888821906759404, 4234117.649738453328609 ], [ 585786.256792204454541, 4234089.311120080761611 ] ] ] ] } },
{ "type": "Feature", "properties": { "uipfonksiyon": "YERLEŞİK KONUT ALANI", "nizam": "A", "yanbahce": "4", "taks": "0.4", "kaks": "1.6", "onbahce": "5.5", "katadedi": "4", "yencok": null, "emsal": null, "aream2": 649.18, "facade_front": "1,2,3,4", "facade_side": "", "facade_back": "0,5", "facade_count": 4, "is_corner": true, "front_direction": "coklu" }, "geometry": { "type": "MultiPolygon", "coordinates": [ [ [ [ 585786.256792204454541, 4234089.311120080761611 ], [ 585807.747597983339801, 4234085.040027718991041 ], [ 585803.646939615951851, 4234060.316993768326938 ], [ 585801.629151173401624, 4234057.626964980736375 ], [ 585798.864391237962991, 4234056.448248258791864 ], [ 585780.664627590449527, 4234061.173090410418808 ], [ 585786.256792204454541, 4234089.311120080761611 ] ] ] ] } },
{ "type": "Feature", "properties": { "uipfonksiyon": "YERLEŞİK KONUT ALANI", "nizam": "A", "yanbahce": "4", "taks": "0.4", "kaks": "1.6", "onbahce": "5.5", "katadedi": "4", "yencok": null, "emsal": null, "aream2": 625.64, "facade_front": "2,3,4,5,6", "facade_side": "", "facade_back": "0,1", "facade_count": 5, "is_corner": true, "front_direction": "coklu" }, "geometry": { "type": "MultiPolygon", "coordinates": [ [ [ [ 585807.747597983339801, 4234085.040027718991041 ], [ 585786.256792204454541, 4234089.311120080761611 ], [ 585791.888821906759404, 4234117.649738453328609 ], [ 585808.902122073923238, 4234115.167809027247131 ], [ 585810.949812817736529, 4234113.532985269092023 ], [ 585811.778806952061132, 4234111.740039540454745 ], [ 585811.848736850661226, 4234109.765958622097969 ], [ 585807.747597983339801, 4234085.040027718991041 ] ] ] ] } },
{ "type": "Feature", "properties": { "uipfonksiyon": "YERLEŞİK KONUT ALANI", "nizam": "A", "yanbahce": "4", "taks": "0.4", "kaks": "1.6", "onbahce": "5.5", "katadedi": "4", "yencok": null, "emsal": null, "aream2": 629.93, "facade_front": "1,2,3,4", "facade_side": "", "facade_back": "0,5", "facade_count": 4, "is_corner": true, "front_direction": "coklu" }, "geometry": { "type": "MultiPolygon", "coordinates": [ [ [ [ 586186.0899993655039, 4234094.885880527086556 ], [ 586191.011477250722237, 4234123.596234022639692 ], [ 586209.089746567304246, 4234120.64572209212929 ], [ 586211.135006478405558, 4234118.947749241255224 ], [ 586211.935477518942207, 4234115.102999811992049 ], [ 586207.147210744558834, 4234091.276290692389011 ], [ 586186.0899993655039, 4234094.885880527086556 ] ] ] ] } },
{ "type": "Feature", "properties": { "uipfonksiyon": "YERLEŞİK KONUT ALANI", "nizam": "A", "yanbahce": "4", "taks": "0.4", "kaks": "1.6", "onbahce": "5.5", "katadedi": "4", "yencok": null, "emsal": null, "aream2": 465.04, "facade_front": "3", "facade_side": "0,2", "facade_back": "1", "facade_count": 1, "is_corner": false, "front_direction": "S" }, "geometry": { "type": "MultiPolygon", "coordinates": [ [ [ [ 586191.011477250722237, 4234123.596234022639692 ], [ 586186.0899993655039, 4234094.885880527086556 ], [ 586170.32001612149179, 4234097.589143089950085 ], [ 586175.219902727985755, 4234126.173539859242737 ], [ 586191.011477250722237, 4234123.596234022639692 ] ] ] ] } },
{ "type": "Feature", "properties": { "uipfonksiyon": "YERLEŞİK KONUT ALANI", "nizam": "A", "yanbahce": "4", "taks": "0.4", "kaks": "1.6", "onbahce": "5.5", "katadedi": "4", "yencok": null, "emsal": null, "aream2": 463.0, "facade_front": "3", "facade_side": "0,2", "facade_back": "1", "facade_count": 1, "is_corner": false, "front_direction": "S" }, "geometry": { "type": "MultiPolygon", "coordinates": [ [ [ [ 586175.219902727985755, 4234126.173539859242737 ], [ 586170.32001612149179, 4234097.589143089950085 ], [ 586154.550032877828926, 4234100.292405653744936 ], [ 586159.428328205482103, 4234128.750845695845783 ], [ 586175.219902727985755, 4234126.173539859242737 ] ] ] ] } },
{ "type": "Feature", "properties": { "uipfonksiyon": "YERLEŞİK KONUT ALANI", "nizam": "A", "yanbahce": "4", "taks": "0.4", "kaks": "1.6", "onbahce": "5.5", "katadedi": "4", "yencok": null, "emsal": null, "aream2": 460.95, "facade_front": "3", "facade_side": "0,2", "facade_back": "1", "facade_count": 1, "is_corner": false, "front_direction": "S" }, "geometry": { "type": "MultiPolygon", "coordinates": [ [ [ [ 586159.428328205482103, 4234128.750845695845783 ], [ 586154.550032877828926, 4234100.292405653744936 ], [ 586138.780049633816816, 4234102.995668217539787 ], [ 586143.636753682862036, 4234131.328151533380151 ], [ 586159.428328205482103, 4234128.750845695845783 ] ] ] ] } },
{ "type": "Feature", "properties": { "uipfonksiyon": "YERLEŞİK KONUT ALANI", "nizam": "A", "yanbahce": "4", "taks": "0.4", "kaks": "1.6", "onbahce": "5.5", "katadedi": "4", "yencok": null, "emsal": null, "aream2": 458.76, "facade_front": "3,4", "facade_side": "", "facade_back": "0,1,2", "facade_count": 2, "is_corner": true, "front_direction": "S" }, "geometry": { "type": "MultiPolygon", "coordinates": [ [ [ [ 586143.636753682862036, 4234131.328151533380151 ], [ 586138.780049633816816, 4234102.995668217539787 ], [ 586123.010066389921121, 4234105.698930781334639 ], [ 586127.840628355159424, 4234133.87890940438956 ], [ 586138.766844712430611, 4234132.122957953251898 ], [ 586143.636753682862036, 4234131.328151533380151 ] ] ] ] } },
{ "type": "Feature", "properties": { "uipfonksiyon": "YERLEŞİK KONUT ALANI", "nizam": "A", "yanbahce": "4", "taks": "0.4", "kaks": "1.6", "onbahce": "5.5", "katadedi": "4", "yencok": null, "emsal": null, "aream2": 608.67, "facade_front": "2,3,4,5", "facade_side": "", "facade_back": "0,1", "facade_count": 4, "is_corner": true, "front_direction": "coklu" }, "geometry": { "type": "MultiPolygon", "coordinates": [ [ [ [ 586181.14380368241109, 4234066.031331175938249 ], [ 586186.0899993655039, 4234094.885880527086556 ], [ 586207.147210744558834, 4234091.276290692389011 ], [ 586202.262897382839583, 4234066.971647864207625 ], [ 586200.689526218920946, 4234064.225775619037449 ], [ 586198.419116643606685, 4234063.070027661509812 ], [ 586181.14380368241109, 4234066.031331175938249 ] ] ] ] } },
{ "type": "Feature", "properties": { "uipfonksiyon": "YERLEŞİK KONUT ALANI", "nizam": "A", "yanbahce": "4", "taks": "0.4", "kaks": "1.6", "onbahce": "5.5", "katadedi": "4", "yencok": null, "emsal": null, "aream2": 468.41, "facade_front": "1", "facade_side": "0,2", "facade_back": "3", "facade_count": 1, "is_corner": false, "front_direction": "N" }, "geometry": { "type": "MultiPolygon", "coordinates": [ [ [ [ 586186.0899993655039, 4234094.885880527086556 ], [ 586181.14380368241109, 4234066.031331175938249 ], [ 586165.37382043839898, 4234068.734593738801777 ], [ 586170.32001612149179, 4234097.589143089950085 ], [ 586186.0899993655039, 4234094.885880527086556 ] ] ] ] } },
{ "type": "Feature", "properties": { "uipfonksiyon": "YERLEŞİK KONUT ALANI", "nizam": "A", "yanbahce": "4", "taks": "0.4", "kaks": "1.6", "onbahce": "5.5", "katadedi": "4", "yencok": null, "emsal": null, "aream2": 468.41, "facade_front": "1", "facade_side": "0,2", "facade_back": "3", "facade_count": 1, "is_corner": false, "front_direction": "N" }, "geometry": { "type": "MultiPolygon", "coordinates": [ [ [ [ 586170.32001612149179, 4234097.589143089950085 ], [ 586165.37382043839898, 4234068.734593738801777 ], [ 586149.6038371946197, 4234071.437856302596629 ], [ 586154.550032877828926, 4234100.292405653744936 ], [ 586170.32001612149179, 4234097.589143089950085 ] ] ] ] } },
{ "type": "Feature", "properties": { "uipfonksiyon": "YERLEŞİK KONUT ALANI", "nizam": "A", "yanbahce": "4", "taks": "0.4", "kaks": "1.6", "onbahce": "5.5", "katadedi": "4", "yencok": null, "emsal": null, "aream2": 468.41, "facade_front": "1", "facade_side": "0,2", "facade_back": "3", "facade_count": 1, "is_corner": false, "front_direction": "N" }, "geometry": { "type": "MultiPolygon", "coordinates": [ [ [ [ 586154.550032877828926, 4234100.292405653744936 ], [ 586149.6038371946197, 4234071.437856302596629 ], [ 586133.833853950724006, 4234074.14111886639148 ], [ 586138.780049633816816, 4234102.995668217539787 ], [ 586154.550032877828926, 4234100.292405653744936 ] ] ] ] } },
{ "type": "Feature", "properties": { "uipfonksiyon": "YERLEŞİK KONUT ALANI", "nizam": "A", "yanbahce": "4", "taks": "0.4", "kaks": "1.6", "onbahce": "5.5", "katadedi": "4", "yencok": null, "emsal": null, "aream2": 468.38, "facade_front": "1,2", "facade_side": "", "facade_back": "0,3,4", "facade_count": 2, "is_corner": true, "front_direction": "N" }, "geometry": { "type": "MultiPolygon", "coordinates": [ [ [ [ 586138.780049633816816, 4234102.995668217539787 ], [ 586133.833853950724006, 4234074.14111886639148 ], [ 586130.282350185792893, 4234074.749911343678832 ], [ 586118.064517452730797, 4234076.848154341802001 ], [ 586123.010066389921121, 4234105.698930781334639 ], [ 586138.780049633816816, 4234102.995668217539787 ] ] ] ] } },
{ "type": "Feature", "properties": { "uipfonksiyon": "YERLEŞİK KONUT ALANI", "nizam": "A", "yanbahce": "4", "taks": "0.4", "kaks": "1.6", "onbahce": "5.5", "katadedi": "4", "yencok": null, "emsal": null, "aream2": 456.12, "facade_front": "2", "facade_side": "1,3", "facade_back": "0", "facade_count": 1, "is_corner": false, "front_direction": "S" }, "geometry": { "type": "MultiPolygon", "coordinates": [ [ [ [ 586123.010066389921121, 4234105.698930781334639 ], [ 586107.240083146025427, 4234108.402193344198167 ], [ 586112.04247384890914, 4234136.417829687707126 ], [ 586127.840628355159424, 4234133.87890940438956 ], [ 586123.010066389921121, 4234105.698930781334639 ] ] ] ] } },
{ "type": "Feature", "properties": { "uipfonksiyon": "YERLEŞİK KONUT ALANI", "nizam": "A", "yanbahce": "4", "taks": "0.4", "kaks": "1.6", "onbahce": "5.5", "katadedi": "4", "yencok": null, "emsal": null, "aream2": 468.31, "facade_front": "2", "facade_side": "1,3", "facade_back": "0", "facade_count": 1, "is_corner": false, "front_direction": "N" }, "geometry": { "type": "MultiPolygon", "coordinates": [ [ [ [ 586107.240083146025427, 4234108.402193344198167 ], [ 586123.010066389921121, 4234105.698930781334639 ], [ 586118.064517452730797, 4234076.848154341802001 ], [ 586102.295368942199275, 4234079.556286476552486 ], [ 586107.240083146025427, 4234108.402193344198167 ] ] ] ] } },
{ "type": "Feature", "properties": { "uipfonksiyon": "YERLEŞİK KONUT ALANI", "nizam": "A", "yanbahce": "4", "taks": "0.4", "kaks": "1.6", "onbahce": "5.5", "katadedi": "4", "yencok": null, "emsal": null, "aream2": 609.9, "facade_front": "1,2,3,4", "facade_side": "", "facade_back": "0,5", "facade_count": 4, "is_corner": true, "front_direction": "coklu" }, "geometry": { "type": "MultiPolygon", "coordinates": [ [ [ [ 586107.240083146025427, 4234108.402193344198167 ], [ 586085.70629736862611, 4234112.093476717360318 ], [ 586089.983807852608152, 4234135.816382706165314 ], [ 586091.891315892338753, 4234138.391185901127756 ], [ 586094.318420320283622, 4234139.266261065378785 ], [ 586112.04247384890914, 4234136.417829687707126 ], [ 586107.240083146025427, 4234108.402193344198167 ] ] ] ] } },
{ "type": "Feature", "properties": { "uipfonksiyon": "YERLEŞİK KONUT ALANI", "nizam": "A", "yanbahce": "4", "taks": "0.4", "kaks": "1.6", "onbahce": "5.5", "katadedi": "4", "yencok": null, "emsal": null, "aream2": 636.18, "facade_front": "2,3,4,5,6", "facade_side": "", "facade_back": "0,1", "facade_count": 5, "is_corner": true, "front_direction": "coklu" }, "geometry": { "type": "MultiPolygon", "coordinates": [ [ [ [ 586085.70629736862611, 4234112.093476717360318 ], [ 586107.240083146025427, 4234108.402193344198167 ], [ 586102.295368942199275, 4234079.556286476552486 ], [ 586087.075469193863682, 4234082.170092768967152 ], [ 586083.154160197707824, 4234083.512895840220153 ], [ 586081.663679604185745, 4234085.574395978823304 ], [ 586081.38044291024562, 4234088.10245693475008 ], [ 586085.70629736862611, 4234112.093476717360318 ] ] ] ] } },
{ "type": "Feature", "properties": { "uipfonksiyon": "YERLEŞİK KONUT ALANI", "nizam": "A", "yanbahce": "4", "taks": "0.4", "kaks": "1.6", "onbahce": "5.5", "katadedi": "4", "yencok": null, "emsal": null, "aream2": 505.61, "facade_front": "2,3,4,5", "facade_side": "", "facade_back": "0,1", "facade_count": 4, "is_corner": true, "front_direction": "coklu" }, "geometry": { "type": "MultiPolygon", "coordinates": [ [ [ [ 585829.346713533741422, 4234153.752019974403083 ], [ 585846.058398770052008, 4234150.77197680156678 ], [ 585840.731434604618698, 4234120.899071197025478 ], [ 585837.273275130661204, 4234121.329740476794541 ], [ 585826.844499162747525, 4234123.54044924210757 ], [ 585824.96913031314034, 4234127.600534627214074 ], [ 585829.346713533741422, 4234153.752019974403083 ] ] ] ] } },
{ "type": "Feature", "properties": { "uipfonksiyon": "YERLEŞİK KONUT ALANI", "nizam": "A", "yanbahce": "4", "taks": "0.4", "kaks": "1.6", "onbahce": "5.5", "katadedi": "4", "yencok": null, "emsal": null, "aream2": 518.45, "facade_front": "1,2,3,4", "facade_side": "", "facade_back": "0,5", "facade_count": 4, "is_corner": true, "front_direction": "coklu" }, "geometry": { "type": "MultiPolygon", "coordinates": [ [ [ [ 585846.058398770052008, 4234150.77197680156678 ], [ 585829.346713533741422, 4234153.752019974403083 ], [ 585833.794930208357982, 4234180.325466400012374 ], [ 585835.460593417170458, 4234182.336327265016735 ], [ 585837.912819817662239, 4234183.233311672694981 ], [ 585851.417507228441536, 4234180.825143319554627 ], [ 585846.058398770052008, 4234150.77197680156678 ] ] ] ] } },
{ "type": "Feature", "properties": { "uipfonksiyon": "YERLEŞİK KONUT ALANI", "nizam": "A", "yanbahce": "4", "taks": "0.4", "kaks": "1.6", "onbahce": "5.5", "katadedi": "4", "yencok": null, "emsal": null, "aream2": 478.77, "facade_front": "2", "facade_side": "1,3", "facade_back": "0", "facade_count": 1, "is_corner": false, "front_direction": "N" }, "geometry": { "type": "MultiPolygon", "coordinates": [ [ [ [ 585846.058398770052008, 4234150.77197680156678 ], [ 585861.809922348940745, 4234147.963150543160737 ], [ 585856.630745502072386, 4234118.919016540050507 ], [ 585840.731434604618698, 4234120.899071197025478 ], [ 585846.058398770052008, 4234150.77197680156678 ] ] ] ] } },
{ "type": "Feature", "properties": { "uipfonksiyon": "YERLEŞİK KONUT ALANI", "nizam": "A", "yanbahce": "4", "taks": "0.4", "kaks": "1.6", "onbahce": "5.5", "katadedi": "4", "yencok": null, "emsal": null, "aream2": 488.44, "facade_front": "2", "facade_side": "1,3", "facade_back": "0", "facade_count": 1, "is_corner": false, "front_direction": "S" }, "geometry": { "type": "MultiPolygon", "coordinates": [ [ [ [ 585861.809922348940745, 4234147.963150543160737 ], [ 585846.058398770052008, 4234150.77197680156678 ], [ 585851.417507228441536, 4234180.825143319554627 ], [ 585867.169030807330273, 4234178.016317062079906 ], [ 585861.809922348940745, 4234147.963150543160737 ] ] ] ] } },
{ "type": "Feature", "properties": { "uipfonksiyon": "YERLEŞİK KONUT ALANI", "nizam": "A", "yanbahce": "4", "taks": "0.4", "kaks": "1.6", "onbahce": "5.5", "katadedi": "4", "yencok": null, "emsal": null, "aream2": 465.75, "facade_front": "2,3", "facade_side": "", "facade_back": "0,1,4", "facade_count": 2, "is_corner": true, "front_direction": "N" }, "geometry": { "type": "MultiPolygon", "coordinates": [ [ [ [ 585861.809922348940745, 4234147.963150543160737 ], [ 585877.561445927596651, 4234145.154324285686016 ], [ 585872.500939839985222, 4234116.775680095888674 ], [ 585867.114100808743387, 4234117.613449485972524 ], [ 585856.630745502072386, 4234118.919016540050507 ], [ 585861.809922348940745, 4234147.963150543160737 ] ] ] ] } },
{ "type": "Feature", "properties": { "uipfonksiyon": "YERLEŞİK KONUT ALANI", "nizam": "A", "yanbahce": "4", "taks": "0.4", "kaks": "1.6", "onbahce": "5.5", "katadedi": "4", "yencok": null, "emsal": null, "aream2": 488.44, "facade_front": "2", "facade_side": "1,3", "facade_back": "0", "facade_count": 1, "is_corner": false, "front_direction": "S" }, "geometry": { "type": "MultiPolygon", "coordinates": [ [ [ [ 585877.561445927596651, 4234145.154324285686016 ], [ 585861.809922348940745, 4234147.963150543160737 ], [ 585867.169030807330273, 4234178.016317062079906 ], [ 585882.920554386102594, 4234175.207490803673863 ], [ 585877.561445927596651, 4234145.154324285686016 ] ] ] ] } },
{ "type": "Feature", "properties": { "uipfonksiyon": "YERLEŞİK KONUT ALANI", "nizam": "A", "yanbahce": "4", "taks": "0.4", "kaks": "1.6", "onbahce": "5.5", "katadedi": "4", "yencok": null, "emsal": null, "aream2": 458.38, "facade_front": "2", "facade_side": "1,3", "facade_back": "0", "facade_count": 1, "is_corner": false, "front_direction": "N" }, "geometry": { "type": "MultiPolygon", "coordinates": [ [ [ [ 585877.561445927596651, 4234145.154324285686016 ], [ 585893.312969506601803, 4234142.345498028211296 ], [ 585888.314774920232594, 4234114.316288438625634 ], [ 585872.500939839985222, 4234116.775680095888674 ], [ 585877.561445927596651, 4234145.154324285686016 ] ] ] ] } },
{ "type": "Feature", "properties": { "uipfonksiyon": "YERLEŞİK KONUT ALANI", "nizam": "A", "yanbahce": "4", "taks": "0.4", "kaks": "1.6", "onbahce": "5.5", "katadedi": "4", "yencok": null, "emsal": null, "aream2": 488.44, "facade_front": "2", "facade_side": "1,3", "facade_back": "0", "facade_count": 1, "is_corner": false, "front_direction": "S" }, "geometry": { "type": "MultiPolygon", "coordinates": [ [ [ [ 585893.312969506601803, 4234142.345498028211296 ], [ 585877.561445927596651, 4234145.154324285686016 ], [ 585882.920554386102594, 4234175.207490803673863 ], [ 585898.672077964991331, 4234172.398664546199143 ], [ 585893.312969506601803, 4234142.345498028211296 ] ] ] ] } },
{ "type": "Feature", "properties": { "uipfonksiyon": "YERLEŞİK KONUT ALANI", "nizam": "A", "yanbahce": "4", "taks": "0.4", "kaks": "1.6", "onbahce": "5.5", "katadedi": "4", "yencok": null, "emsal": null, "aream2": 452.7, "facade_front": "1", "facade_side": "0,2", "facade_back": "3", "facade_count": 1, "is_corner": false, "front_direction": "N" }, "geometry": { "type": "MultiPolygon", "coordinates": [ [ [ [ 585909.064493085257709, 4234139.536671770736575 ], [ 585904.128610000247136, 4234111.856896782293916 ], [ 585888.314774920232594, 4234114.316288438625634 ], [ 585893.312969506601803, 4234142.345498028211296 ], [ 585909.064493085257709, 4234139.536671770736575 ] ] ] ] } },
{ "type": "Feature", "properties": { "uipfonksiyon": "YERLEŞİK KONUT ALANI", "nizam": "A", "yanbahce": "4", "taks": "0.4", "kaks": "1.6", "onbahce": "5.5", "katadedi": "4", "yencok": null, "emsal": null, "aream2": 447.02, "facade_front": "3", "facade_side": "0,2", "facade_back": "1", "facade_count": 1, "is_corner": false, "front_direction": "N" }, "geometry": { "type": "MultiPolygon", "coordinates": [ [ [ [ 585904.128610000247136, 4234111.856896782293916 ], [ 585909.064493085257709, 4234139.536671770736575 ], [ 585924.81601666403003, 4234136.727845512330532 ], [ 585919.942445080378093, 4234109.397505125030875 ], [ 585904.128610000247136, 4234111.856896782293916 ] ] ] ] } },
{ "type": "Feature", "properties": { "uipfonksiyon": "YERLEŞİK KONUT ALANI", "nizam": "A", "yanbahce": "4", "taks": "0.4", "kaks": "1.6", "onbahce": "5.5", "katadedi": "4", "yencok": null, "emsal": null, "aream2": 449.77, "facade_front": "2,3,4,5", "facade_side": "", "facade_back": "0,1", "facade_count": 4, "is_corner": true, "front_direction": "coklu" }, "geometry": { "type": "MultiPolygon", "coordinates": [ [ [ [ 585919.942445080378093, 4234109.397505125030875 ], [ 585924.81601666403003, 4234136.727845512330532 ], [ 585941.347920686821453, 4234133.779861091636121 ], [ 585936.710612131631933, 4234110.408729751594365 ], [ 585933.976170977461152, 4234107.892985330894589 ], [ 585929.873138493159786, 4234107.853068598546088 ], [ 585919.942445080378093, 4234109.397505125030875 ] ] ] ] } },
{ "type": "Feature", "properties": { "uipfonksiyon": "YERLEŞİK KONUT ALANI", "nizam": "A", "yanbahce": "4", "taks": "0.4", "kaks": "1.6", "onbahce": "5.5", "katadedi": "4", "yencok": null, "emsal": null, "aream2": 488.44, "facade_front": "3", "facade_side": "0,2", "facade_back": "1", "facade_count": 1, "is_corner": false, "front_direction": "S" }, "geometry": { "type": "MultiPolygon", "coordinates": [ [ [ [ 585914.423601543763652, 4234169.589838288724422 ], [ 585909.064493085257709, 4234139.536671770736575 ], [ 585893.312969506601803, 4234142.345498028211296 ], [ 585898.672077964991331, 4234172.398664546199143 ], [ 585914.423601543763652, 4234169.589838288724422 ] ] ] ] } },
{ "type": "Feature", "properties": { "uipfonksiyon": "YERLEŞİK KONUT ALANI", "nizam": "A", "yanbahce": "4", "taks": "0.4", "kaks": "1.6", "onbahce": "5.5", "katadedi": "4", "yencok": null, "emsal": null, "aream2": 488.44, "facade_front": "1", "facade_side": "0,2", "facade_back": "3", "facade_count": 1, "is_corner": false, "front_direction": "S" }, "geometry": { "type": "MultiPolygon", "coordinates": [ [ [ [ 585909.064493085257709, 4234139.536671770736575 ], [ 585914.423601543763652, 4234169.589838288724422 ], [ 585930.175125122652389, 4234166.781012031249702 ], [ 585924.81601666403003, 4234136.727845512330532 ], [ 585909.064493085257709, 4234139.536671770736575 ] ] ] ] } },
{ "type": "Feature", "properties": { "uipfonksiyon": "YERLEŞİK KONUT ALANI", "nizam": "A", "yanbahce": "4", "taks": "0.4", "kaks": "1.6", "onbahce": "5.5", "katadedi": "4", "yencok": null, "emsal": null, "aream2": 513.94, "facade_front": "1,2,3,4", "facade_side": "", "facade_back": "0,5", "facade_count": 4, "is_corner": true, "front_direction": "coklu" }, "geometry": { "type": "MultiPolygon", "coordinates": [ [ [ [ 585924.81601666403003, 4234136.727845512330532 ], [ 585930.175125122652389, 4234166.781012031249702 ], [ 585942.922491532634012, 4234164.507889859378338 ], [ 585945.860072276787832, 4234162.002131681889296 ], [ 585946.045803841319866, 4234157.456276605837047 ], [ 585941.347920686821453, 4234133.779861091636121 ], [ 585924.81601666403003, 4234136.727845512330532 ] ] ] ] } },
{ "type": "Feature", "properties": { "uipfonksiyon": "YERLEŞİK KONUT ALANI", "nizam": "A", "yanbahce": "4", "taks": "0.4", "kaks": "1.6", "onbahce": "5.5", "katadedi": "4", "yencok": null, "emsal": null, "aream2": 371.76, "facade_front": "1,2,3", "facade_side": "", "facade_back": "0,4,5", "facade_count": 3, "is_corner": true, "front_direction": "coklu" }, "geometry": { "type": "MultiPolygon", "coordinates": [ [ [ [ 585676.668952619540505, 4234177.19452778249979 ], [ 585672.568308549234644, 4234151.5931844888255 ], [ 585667.342050764826126, 4234152.953449789434671 ], [ 585659.131099243066274, 4234155.563356453552842 ], [ 585657.240592609974556, 4234159.011350778862834 ], [ 585663.548741271370091, 4234179.296031451784074 ], [ 585676.668952619540505, 4234177.19452778249979 ] ] ] ] } },
{ "type": "Feature", "properties": { "uipfonksiyon": "YERLEŞİK KONUT ALANI", "nizam": "A", "yanbahce": "4", "taks": "0.4", "kaks": "1.6", "onbahce": "5.5", "katadedi": "4", "yencok": null, "emsal": null, "aream2": 427.14, "facade_front": "3", "facade_side": "0,2", "facade_back": "1", "facade_count": 1, "is_corner": false, "front_direction": "N" }, "geometry": { "type": "MultiPolygon", "coordinates": [ [ [ [ 585672.568308549234644, 4234151.5931844888255 ], [ 585676.668952619540505, 4234177.19452778249979 ], [ 585692.467576104449108, 4234174.664014793932438 ], [ 585688.12375974690076, 4234147.544486285187304 ], [ 585672.568308549234644, 4234151.5931844888255 ] ] ] ] } },
{ "type": "Feature", "properties": { "uipfonksiyon": "YERLEŞİK KONUT ALANI", "nizam": "A", "yanbahce": "4", "taks": "0.4", "kaks": "1.6", "onbahce": "5.5", "katadedi": "4", "yencok": null, "emsal": null, "aream2": 451.74, "facade_front": "3", "facade_side": "0,2", "facade_back": "1", "facade_count": 1, "is_corner": false, "front_direction": "N" }, "geometry": { "type": "MultiPolygon", "coordinates": [ [ [ [ 585688.12375974690076, 4234147.544486285187304 ], [ 585692.467576104449108, 4234174.664014793932438 ], [ 585708.266199589241296, 4234172.133501806296408 ], [ 585703.679210944683291, 4234143.495788081549108 ], [ 585688.12375974690076, 4234147.544486285187304 ] ] ] ] } },
{ "type": "Feature", "properties": { "uipfonksiyon": "YERLEŞİK KONUT ALANI", "nizam": "A", "yanbahce": "4", "taks": "0.4", "kaks": "1.6", "onbahce": "5.5", "katadedi": "4", "yencok": null, "emsal": null, "aream2": 476.34, "facade_front": "3", "facade_side": "0,2", "facade_back": "1", "facade_count": 1, "is_corner": false, "front_direction": "N" }, "geometry": { "type": "MultiPolygon", "coordinates": [ [ [ [ 585703.679210944683291, 4234143.495788081549108 ], [ 585708.266199589241296, 4234172.133501806296408 ], [ 585724.064823074266315, 4234169.602988817729056 ], [ 585719.234662142582238, 4234139.447089877910912 ], [ 585703.679210944683291, 4234143.495788081549108 ] ] ] ] } },
{ "type": "Feature", "properties": { "uipfonksiyon": "YERLEŞİK KONUT ALANI", "nizam": "A", "yanbahce": "4", "taks": "0.4", "kaks": "1.6", "onbahce": "5.5", "katadedi": "4", "yencok": null, "emsal": null, "aream2": 497.84, "facade_front": "3,4", "facade_side": "", "facade_back": "0,1,2", "facade_count": 2, "is_corner": true, "front_direction": "N" }, "geometry": { "type": "MultiPolygon", "coordinates": [ [ [ [ 585719.234662142582238, 4234139.447089877910912 ], [ 585724.064823074266315, 4234169.602988817729056 ], [ 585739.863446559058502, 4234167.072475830093026 ], [ 585734.91870629589539, 4234136.201229557394981 ], [ 585727.368682968546636, 4234137.330005964264274 ], [ 585719.234662142582238, 4234139.447089877910912 ] ] ] ] } },
{ "type": "Feature", "properties": { "uipfonksiyon": "YERLEŞİK KONUT ALANI", "nizam": "A", "yanbahce": "4", "taks": "0.4", "kaks": "1.6", "onbahce": "5.5", "katadedi": "4", "yencok": null, "emsal": null, "aream2": 498.9, "facade_front": "3", "facade_side": "0,2", "facade_back": "1", "facade_count": 1, "is_corner": false, "front_direction": "N" }, "geometry": { "type": "MultiPolygon", "coordinates": [ [ [ [ 585734.91870629589539, 4234136.201229557394981 ], [ 585739.863446559058502, 4234167.072475830093026 ], [ 585755.662070043967105, 4234164.541962842456996 ], [ 585750.743690635543317, 4234133.835293957032263 ], [ 585734.91870629589539, 4234136.201229557394981 ] ] ] ] } },
{ "type": "Feature", "properties": { "uipfonksiyon": "YERLEŞİK KONUT ALANI", "nizam": "A", "yanbahce": "4", "taks": "0.4", "kaks": "1.6", "onbahce": "5.5", "katadedi": "4", "yencok": null, "emsal": null, "aream2": 342.42, "facade_front": "3,4", "facade_side": "", "facade_back": "0,1,2", "facade_count": 2, "is_corner": true, "front_direction": "coklu" }, "geometry": { "type": "MultiPolygon", "coordinates": [ [ [ [ 585681.626255658105947, 4234208.144206594675779 ], [ 585676.668952619540505, 4234177.19452778249979 ], [ 585663.548741271370091, 4234179.296031451784074 ], [ 585672.109190580551513, 4234206.823280723765492 ], [ 585675.41386259754654, 4234209.139353008009493 ], [ 585681.626255658105947, 4234208.144206594675779 ] ] ] ] } },
{ "type": "Feature", "properties": { "uipfonksiyon": "YERLEŞİK KONUT ALANI", "nizam": "A", "yanbahce": "4", "taks": "0.4", "kaks": "1.6", "onbahce": "5.5", "katadedi": "4", "yencok": null, "emsal": null, "aream2": 501.51, "facade_front": "1", "facade_side": "0,2", "facade_back": "3", "facade_count": 1, "is_corner": false, "front_direction": "S" }, "geometry": { "type": "MultiPolygon", "coordinates": [ [ [ [ 585676.668952619540505, 4234177.19452778249979 ], [ 585681.626255658105947, 4234208.144206594675779 ], [ 585697.424843895249069, 4234205.613473545759916 ], [ 585692.467576104449108, 4234174.664014793932438 ], [ 585676.668952619540505, 4234177.19452778249979 ] ] ] ] } },
{ "type": "Feature", "properties": { "uipfonksiyon": "YERLEŞİK KONUT ALANI", "nizam": "A", "yanbahce": "4", "taks": "0.4", "kaks": "1.6", "onbahce": "5.5", "katadedi": "4", "yencok": null, "emsal": null, "aream2": 501.5, "facade_front": "1", "facade_side": "0,2", "facade_back": "3", "facade_count": 1, "is_corner": false, "front_direction": "S" }, "geometry": { "type": "MultiPolygon", "coordinates": [ [ [ [ 585692.467576104449108, 4234174.664014793932438 ], [ 585697.424843895249069, 4234205.613473545759916 ], [ 585713.22343213239219, 4234203.082740497775376 ], [ 585708.266199589241296, 4234172.133501806296408 ], [ 585692.467576104449108, 4234174.664014793932438 ] ] ] ] } },
{ "type": "Feature", "properties": { "uipfonksiyon": "YERLEŞİK KONUT ALANI", "nizam": "A", "yanbahce": "4", "taks": "0.4", "kaks": "1.6", "onbahce": "5.5", "katadedi": "4", "yencok": null, "emsal": null, "aream2": 501.5, "facade_front": "1", "facade_side": "0,2", "facade_back": "3", "facade_count": 1, "is_corner": false, "front_direction": "S" }, "geometry": { "type": "MultiPolygon", "coordinates": [ [ [ [ 585708.266199589241296, 4234172.133501806296408 ], [ 585713.22343213239219, 4234203.082740497775376 ], [ 585729.022020369651727, 4234200.552007449790835 ], [ 585724.064823074266315, 4234169.602988817729056 ], [ 585708.266199589241296, 4234172.133501806296408 ] ] ] ] } },
{ "type": "Feature", "properties": { "uipfonksiyon": "YERLEŞİK KONUT ALANI", "nizam": "A", "yanbahce": "4", "taks": "0.4", "kaks": "1.6", "onbahce": "5.5", "katadedi": "4", "yencok": null, "emsal": null, "aream2": 501.49, "facade_front": "1", "facade_side": "0,2", "facade_back": "3", "facade_count": 1, "is_corner": false, "front_direction": "S" }, "geometry": { "type": "MultiPolygon", "coordinates": [ [ [ [ 585724.064823074266315, 4234169.602988817729056 ], [ 585729.022020369651727, 4234200.552007449790835 ], [ 585744.820608606794849, 4234198.021274401806295 ], [ 585739.863446559058502, 4234167.072475830093026 ], [ 585724.064823074266315, 4234169.602988817729056 ] ] ] ] } },
{ "type": "Feature", "properties": { "uipfonksiyon": "YERLEŞİK KONUT ALANI", "nizam": "A", "yanbahce": "4", "taks": "0.4", "kaks": "1.6", "onbahce": "5.5", "katadedi": "4", "yencok": null, "emsal": null, "aream2": 501.5, "facade_front": "1,2", "facade_side": "", "facade_back": "0,3,4", "facade_count": 2, "is_corner": true, "front_direction": "S" }, "geometry": { "type": "MultiPolygon", "coordinates": [ [ [ [ 585739.863446559058502, 4234167.072475830093026 ], [ 585744.820608606794849, 4234198.021274401806295 ], [ 585748.226994490949437, 4234197.475614675320685 ], [ 585760.619306325213984, 4234195.491224871948361 ], [ 585755.662070043967105, 4234164.541962842456996 ], [ 585739.863446559058502, 4234167.072475830093026 ] ] ] ] } },
{ "type": "Feature", "properties": { "uipfonksiyon": "YERLEŞİK KONUT ALANI", "nizam": "A", "yanbahce": "4", "taks": "0.4", "kaks": "1.6", "onbahce": "5.5", "katadedi": "4", "yencok": null, "emsal": null, "aream2": 496.17, "facade_front": "2,3", "facade_side": "", "facade_back": "0,1,4", "facade_count": 2, "is_corner": true, "front_direction": "N" }, "geometry": { "type": "MultiPolygon", "coordinates": [ [ [ [ 585755.662070043967105, 4234164.541962842456996 ], [ 585771.460693528875709, 4234162.011449853889644 ], [ 585766.573216974968091, 4234131.497715194709599 ], [ 585762.15283591253683, 4234132.129554324783385 ], [ 585750.743690635543317, 4234133.835293957032263 ], [ 585755.662070043967105, 4234164.541962842456996 ] ] ] ] } },
{ "type": "Feature", "properties": { "uipfonksiyon": "YERLEŞİK KONUT ALANI", "nizam": "A", "yanbahce": "4", "taks": "0.4", "kaks": "1.6", "onbahce": "5.5", "katadedi": "4", "yencok": null, "emsal": null, "aream2": 501.49, "facade_front": "2,3", "facade_side": "", "facade_back": "0,1,4", "facade_count": 2, "is_corner": true, "front_direction": "S" }, "geometry": { "type": "MultiPolygon", "coordinates": [ [ [ [ 585771.460693528875709, 4234162.011449853889644 ], [ 585755.662070043967105, 4234164.541962842456996 ], [ 585760.619306325213984, 4234195.491224871948361 ], [ 585772.827509149909019, 4234193.53631657641381 ], [ 585776.416988773038611, 4234192.954836754128337 ], [ 585771.460693528875709, 4234162.011449853889644 ] ] ] ] } },
{ "type": "Feature", "properties": { "uipfonksiyon": "YERLEŞİK KONUT ALANI", "nizam": "A", "yanbahce": "4", "taks": "0.4", "kaks": "1.6", "onbahce": "5.5", "katadedi": "4", "yencok": null, "emsal": null, "aream2": 492.29, "facade_front": "2", "facade_side": "1,3", "facade_back": "0", "facade_count": 1, "is_corner": false, "front_direction": "N" }, "geometry": { "type": "MultiPolygon", "coordinates": [ [ [ [ 585771.460693528875709, 4234162.011449853889644 ], [ 585787.259317013784312, 4234159.480936866253614 ], [ 585782.414478419232182, 4234129.23340161703527 ], [ 585766.573216974968091, 4234131.497715194709599 ], [ 585771.460693528875709, 4234162.011449853889644 ] ] ] ] } },
{ "type": "Feature", "properties": { "uipfonksiyon": "YERLEŞİK KONUT ALANI", "nizam": "A", "yanbahce": "4", "taks": "0.4", "kaks": "1.6", "onbahce": "5.5", "katadedi": "4", "yencok": null, "emsal": null, "aream2": 501.18, "facade_front": "2", "facade_side": "1,3", "facade_back": "0", "facade_count": 1, "is_corner": false, "front_direction": "S" }, "geometry": { "type": "MultiPolygon", "coordinates": [ [ [ [ 585787.259317013784312, 4234159.480936866253614 ], [ 585771.460693528875709, 4234162.011449853889644 ], [ 585776.416988773038611, 4234192.954836754128337 ], [ 585792.211116858292371, 4234190.396257866173983 ], [ 585787.259317013784312, 4234159.480936866253614 ] ] ] ] } },
{ "type": "Feature", "properties": { "uipfonksiyon": "YERLEŞİK KONUT ALANI", "nizam": "A", "yanbahce": "4", "taks": "0.4", "kaks": "1.6", "onbahce": "5.5", "katadedi": "4", "yencok": null, "emsal": null, "aream2": 487.97, "facade_front": "2", "facade_side": "1,3", "facade_back": "0", "facade_count": 1, "is_corner": false, "front_direction": "N" }, "geometry": { "type": "MultiPolygon", "coordinates": [ [ [ [ 585787.259317013784312, 4234159.480936866253614 ], [ 585803.0579404985765, 4234156.950423877686262 ], [ 585798.255739863496274, 4234126.969088040292263 ], [ 585782.414478419232182, 4234129.23340161703527 ], [ 585787.259317013784312, 4234159.480936866253614 ] ] ] ] } },
{ "type": "Feature", "properties": { "uipfonksiyon": "YERLEŞİK KONUT ALANI", "nizam": "A", "yanbahce": "4", "taks": "0.4", "kaks": "1.6", "onbahce": "5.5", "katadedi": "4", "yencok": null, "emsal": null, "aream2": 500.72, "facade_front": "2", "facade_side": "1,3", "facade_back": "0", "facade_count": 1, "is_corner": false, "front_direction": "S" }, "geometry": { "type": "MultiPolygon", "coordinates": [ [ [ [ 585803.0579404985765, 4234156.950423877686262 ], [ 585787.259317013784312, 4234159.480936866253614 ], [ 585792.211116858292371, 4234190.396257866173983 ], [ 585808.005244943546131, 4234187.837678977288306 ], [ 585803.0579404985765, 4234156.950423877686262 ] ] ] ] } },
{ "type": "Feature", "properties": { "uipfonksiyon": "YERLEŞİK KONUT ALANI", "nizam": "A", "yanbahce": "4", "taks": "0.4", "kaks": "1.6", "onbahce": "5.5", "katadedi": "4", "yencok": null, "emsal": null, "aream2": 483.66, "facade_front": "1,2,3,4", "facade_side": "", "facade_back": "0,5", "facade_count": 4, "is_corner": true, "front_direction": "coklu" }, "geometry": { "type": "MultiPolygon", "coordinates": [ [ [ [ 585803.0579404985765, 4234156.950423877686262 ], [ 585819.100296850083396, 4234154.380871464498341 ], [ 585814.957468806765974, 4234128.874344078823924 ], [ 585813.123591607320122, 4234126.282442027702928 ], [ 585809.454994422732852, 4234125.368292280472815 ], [ 585798.255739863496274, 4234126.969088040292263 ], [ 585803.0579404985765, 4234156.950423877686262 ] ] ] ] } },
{ "type": "Feature", "properties": { "uipfonksiyon": "YERLEŞİK KONUT ALANI", "nizam": "A", "yanbahce": "4", "taks": "0.4", "kaks": "1.6", "onbahce": "5.5", "katadedi": "4", "yencok": null, "emsal": null, "aream2": 504.17, "facade_front": "2,3,4", "facade_side": "", "facade_back": "0,1", "facade_count": 3, "is_corner": true, "front_direction": "coklu" }, "geometry": { "type": "MultiPolygon", "coordinates": [ [ [ [ 585819.100296850083396, 4234154.380871464498341 ], [ 585803.0579404985765, 4234156.950423877686262 ], [ 585808.005244943546131, 4234187.837678977288306 ], [ 585821.223499019281007, 4234185.696380284614861 ], [ 585823.575709599885158, 4234181.935053456574678 ], [ 585819.100296850083396, 4234154.380871464498341 ] ] ] ] } },
{ "type": "Feature", "properties": { "uipfonksiyon": "YERLEŞİK KONUT ALANI", "nizam": "A", "yanbahce": "4", "taks": "0.4", "kaks": "1.6", "onbahce": "5.5", "katadedi": "4", "yencok": null, "emsal": null, "aream2": 570.17, "facade_front": "1,2,3,4", "facade_side": "", "facade_back": "0,5", "facade_count": 4, "is_corner": true, "front_direction": "coklu" }, "geometry": { "type": "MultiPolygon", "coordinates": [ [ [ [ 585811.566205556620844, 4234229.184257633052766 ], [ 585816.255650048027746, 4234258.219918296672404 ], [ 585831.445963900187053, 4234255.656977099366486 ], [ 585834.384090968407691, 4234253.230246759951115 ], [ 585834.905641397228464, 4234250.072391282767057 ], [ 585830.896242083632387, 4234226.062333377078176 ], [ 585811.566205556620844, 4234229.184257633052766 ] ] ] ] } },
{ "type": "Feature", "properties": { "uipfonksiyon": "YERLEŞİK KONUT ALANI", "nizam": "A", "yanbahce": "4", "taks": "0.4", "kaks": "1.6", "onbahce": "5.5", "katadedi": "4", "yencok": null, "emsal": null, "aream2": 471.49, "facade_front": "3", "facade_side": "0,2", "facade_back": "1", "facade_count": 1, "is_corner": false, "front_direction": "S" }, "geometry": { "type": "MultiPolygon", "coordinates": [ [ [ [ 585816.255650048027746, 4234258.219918296672404 ], [ 585811.566205556620844, 4234229.184257633052766 ], [ 585795.770884458092041, 4234231.73530279006809 ], [ 585800.478248202358373, 4234260.881914195604622 ], [ 585816.255650048027746, 4234258.219918296672404 ] ] ] ] } },
{ "type": "Feature", "properties": { "uipfonksiyon": "YERLEŞİK KONUT ALANI", "nizam": "A", "yanbahce": "4", "taks": "0.4", "kaks": "1.6", "onbahce": "5.5", "katadedi": "4", "yencok": null, "emsal": null, "aream2": 473.29, "facade_front": "3,4", "facade_side": "", "facade_back": "0,1,2", "facade_count": 2, "is_corner": true, "front_direction": "S" }, "geometry": { "type": "MultiPolygon", "coordinates": [ [ [ [ 585800.478248202358373, 4234260.881914195604622 ], [ 585795.770884458092041, 4234231.73530279006809 ], [ 585779.975563359563239, 4234234.286347947083414 ], [ 585784.702091875835322, 4234263.551621982827783 ], [ 585786.347882923437282, 4234263.266018675640225 ], [ 585800.478248202358373, 4234260.881914195604622 ] ] ] ] } },
{ "type": "Feature", "properties": { "uipfonksiyon": "YERLEŞİK KONUT ALANI", "nizam": "A", "yanbahce": "4", "taks": "0.4", "kaks": "1.6", "onbahce": "5.5", "katadedi": "4", "yencok": null, "emsal": null, "aream2": 475.81, "facade_front": "3", "facade_side": "0,2", "facade_back": "1", "facade_count": 1, "is_corner": false, "front_direction": "S" }, "geometry": { "type": "MultiPolygon", "coordinates": [ [ [ [ 585784.702091875835322, 4234263.551621982827783 ], [ 585779.975563359563239, 4234234.286347947083414 ], [ 585764.180242260918021, 4234236.837393104098737 ], [ 585768.936621190048754, 4234266.287492114119232 ], [ 585784.702091875835322, 4234263.551621982827783 ] ] ] ] } },
{ "type": "Feature", "properties": { "uipfonksiyon": "YERLEŞİK KONUT ALANI", "nizam": "A", "yanbahce": "4", "taks": "0.4", "kaks": "1.6", "onbahce": "5.5", "katadedi": "4", "yencok": null, "emsal": null, "aream2": 478.5, "facade_front": "3,4,5", "facade_side": "", "facade_back": "0,1,2", "facade_count": 3, "is_corner": true, "front_direction": "S" }, "geometry": { "type": "MultiPolygon", "coordinates": [ [ [ [ 585768.936621190048754, 4234266.287492114119232 ], [ 585764.180242260918021, 4234236.837393104098737 ], [ 585748.384921162389219, 4234239.388438261114061 ], [ 585753.148849393473938, 4234268.885280327871442 ], [ 585757.433549063163809, 4234268.283684430643916 ], [ 585761.748024987522513, 4234267.534969340078533 ], [ 585768.936621190048754, 4234266.287492114119232 ] ] ] ] } },
{ "type": "Feature", "properties": { "uipfonksiyon": "YERLEŞİK KONUT ALANI", "nizam": "A", "yanbahce": "4", "taks": "0.4", "kaks": "1.6", "onbahce": "5.5", "katadedi": "4", "yencok": null, "emsal": null, "aream2": 475.42, "facade_front": "3", "facade_side": "0,2", "facade_back": "1", "facade_count": 1, "is_corner": false, "front_direction": "S" }, "geometry": { "type": "MultiPolygon", "coordinates": [ [ [ [ 585753.148849393473938, 4234268.885280327871442 ], [ 585748.384921162389219, 4234239.388438261114061 ], [ 585732.589600063744001, 4234241.939483418129385 ], [ 585737.300892871571705, 4234271.11042242962867 ], [ 585753.148849393473938, 4234268.885280327871442 ] ] ] ] } },
{ "type": "Feature", "properties": { "uipfonksiyon": "YERLEŞİK KONUT ALANI", "nizam": "A", "yanbahce": "4", "taks": "0.4", "kaks": "1.6", "onbahce": "5.5", "katadedi": "4", "yencok": null, "emsal": null, "aream2": 579.11, "facade_front": "2,3,4,5", "facade_side": "", "facade_back": "0,1", "facade_count": 4, "is_corner": true, "front_direction": "coklu" }, "geometry": { "type": "MultiPolygon", "coordinates": [ [ [ [ 585806.788046659203246, 4234199.599303466267884 ], [ 585811.566205556620844, 4234229.184257633052766 ], [ 585830.896242083632387, 4234226.062333377078176 ], [ 585826.562272453913465, 4234200.108604744076729 ], [ 585824.929774072836153, 4234198.108095870353281 ], [ 585821.864906906150281, 4234197.164294322021306 ], [ 585806.788046659203246, 4234199.599303466267884 ] ] ] ] } },
{ "type": "Feature", "properties": { "uipfonksiyon": "YERLEŞİK KONUT ALANI", "nizam": "A", "yanbahce": "4", "taks": "0.4", "kaks": "1.6", "onbahce": "5.5", "katadedi": "4", "yencok": null, "emsal": null, "aream2": 479.49, "facade_front": "1", "facade_side": "0,2", "facade_back": "3", "facade_count": 1, "is_corner": false, "front_direction": "N" }, "geometry": { "type": "MultiPolygon", "coordinates": [ [ [ [ 585811.566205556620844, 4234229.184257633052766 ], [ 585806.788046659203246, 4234199.599303466267884 ], [ 585790.992725560674444, 4234202.150348623283207 ], [ 585795.770884458092041, 4234231.73530279006809 ], [ 585811.566205556620844, 4234229.184257633052766 ] ] ] ] } },
{ "type": "Feature", "properties": { "uipfonksiyon": "YERLEŞİK KONUT ALANI", "nizam": "A", "yanbahce": "4", "taks": "0.4", "kaks": "1.6", "onbahce": "5.5", "katadedi": "4", "yencok": null, "emsal": null, "aream2": 479.49, "facade_front": "1", "facade_side": "0,2", "facade_back": "3", "facade_count": 1, "is_corner": false, "front_direction": "N" }, "geometry": { "type": "MultiPolygon", "coordinates": [ [ [ [ 585795.770884458092041, 4234231.73530279006809 ], [ 585790.992725560674444, 4234202.150348623283207 ], [ 585775.197404462029226, 4234204.701393780298531 ], [ 585779.975563359563239, 4234234.286347947083414 ], [ 585795.770884458092041, 4234231.73530279006809 ] ] ] ] } },
{ "type": "Feature", "properties": { "uipfonksiyon": "YERLEŞİK KONUT ALANI", "nizam": "A", "yanbahce": "4", "taks": "0.4", "kaks": "1.6", "onbahce": "5.5", "katadedi": "4", "yencok": null, "emsal": null, "aream2": 479.49, "facade_front": "1", "facade_side": "0,2", "facade_back": "3", "facade_count": 1, "is_corner": false, "front_direction": "N" }, "geometry": { "type": "MultiPolygon", "coordinates": [ [ [ [ 585779.975563359563239, 4234234.286347947083414 ], [ 585775.197404462029226, 4234204.701393780298531 ], [ 585759.402083363384008, 4234207.252438937313855 ], [ 585764.180242260918021, 4234236.837393104098737 ], [ 585779.975563359563239, 4234234.286347947083414 ] ] ] ] } },
{ "type": "Feature", "properties": { "uipfonksiyon": "YERLEŞİK KONUT ALANI", "nizam": "A", "yanbahce": "4", "taks": "0.4", "kaks": "1.6", "onbahce": "5.5", "katadedi": "4", "yencok": null, "emsal": null, "aream2": 479.49, "facade_front": "1", "facade_side": "0,2", "facade_back": "3", "facade_count": 1, "is_corner": false, "front_direction": "N" }, "geometry": { "type": "MultiPolygon", "coordinates": [ [ [ [ 585764.180242260918021, 4234236.837393104098737 ], [ 585759.402083363384008, 4234207.252438937313855 ], [ 585743.606762264855206, 4234209.803484094329178 ], [ 585748.384921162389219, 4234239.388438261114061 ], [ 585764.180242260918021, 4234236.837393104098737 ] ] ] ] } },
{ "type": "Feature", "properties": { "uipfonksiyon": "YERLEŞİK KONUT ALANI", "nizam": "A", "yanbahce": "4", "taks": "0.4", "kaks": "1.6", "onbahce": "5.5", "katadedi": "4", "yencok": null, "emsal": null, "aream2": 479.49, "facade_front": "1", "facade_side": "0,2", "facade_back": "3", "facade_count": 1, "is_corner": false, "front_direction": "N" }, "geometry": { "type": "MultiPolygon", "coordinates": [ [ [ [ 585748.384921162389219, 4234239.388438261114061 ], [ 585743.606762264855206, 4234209.803484094329178 ], [ 585727.811441166209988, 4234212.354529251344502 ], [ 585732.589600063744001, 4234241.939483418129385 ], [ 585748.384921162389219, 4234239.388438261114061 ] ] ] ] } },
{ "type": "Feature", "properties": { "uipfonksiyon": "YERLEŞİK KONUT ALANI", "nizam": "A", "yanbahce": "4", "taks": "0.4", "kaks": "1.6", "onbahce": "5.5", "katadedi": "4", "yencok": null, "emsal": null, "aream2": 470.14, "facade_front": "2", "facade_side": "1,3", "facade_back": "0", "facade_count": 1, "is_corner": false, "front_direction": "S" }, "geometry": { "type": "MultiPolygon", "coordinates": [ [ [ [ 585732.589600063744001, 4234241.939483418129385 ], [ 585716.794278965215199, 4234244.490528575144708 ], [ 585721.452936349785887, 4234273.335564530454576 ], [ 585737.300892871571705, 4234271.11042242962867 ], [ 585732.589600063744001, 4234241.939483418129385 ] ] ] ] } },
{ "type": "Feature", "properties": { "uipfonksiyon": "YERLEŞİK KONUT ALANI", "nizam": "A", "yanbahce": "4", "taks": "0.4", "kaks": "1.6", "onbahce": "5.5", "katadedi": "4", "yencok": null, "emsal": null, "aream2": 479.49, "facade_front": "2", "facade_side": "1,3", "facade_back": "0", "facade_count": 1, "is_corner": false, "front_direction": "N" }, "geometry": { "type": "MultiPolygon", "coordinates": [ [ [ [ 585716.794278965215199, 4234244.490528575144708 ], [ 585732.589600063744001, 4234241.939483418129385 ], [ 585727.811441166209988, 4234212.354529251344502 ], [ 585712.016120067681186, 4234214.905574408359826 ], [ 585716.794278965215199, 4234244.490528575144708 ] ] ] ] } },
{ "type": "Feature", "properties": { "uipfonksiyon": "YERLEŞİK KONUT ALANI", "nizam": "A", "yanbahce": "4", "taks": "0.4", "kaks": "1.6", "onbahce": "5.5", "katadedi": "4", "yencok": null, "emsal": null, "aream2": 464.86, "facade_front": "2", "facade_side": "1,3", "facade_back": "0", "facade_count": 1, "is_corner": false, "front_direction": "S" }, "geometry": { "type": "MultiPolygon", "coordinates": [ [ [ [ 585716.794278965215199, 4234244.490528575144708 ], [ 585700.998957866686396, 4234247.041573732160032 ], [ 585705.604979828000069, 4234275.560706632211804 ], [ 585721.452936349785887, 4234273.335564530454576 ], [ 585716.794278965215199, 4234244.490528575144708 ] ] ] ] } },
{ "type": "Feature", "properties": { "uipfonksiyon": "YERLEŞİK KONUT ALANI", "nizam": "A", "yanbahce": "4", "taks": "0.4", "kaks": "1.6", "onbahce": "5.5", "katadedi": "4", "yencok": null, "emsal": null, "aream2": 479.49, "facade_front": "2", "facade_side": "1,3", "facade_back": "0", "facade_count": 1, "is_corner": false, "front_direction": "N" }, "geometry": { "type": "MultiPolygon", "coordinates": [ [ [ [ 585700.998957866686396, 4234247.041573732160032 ], [ 585716.794278965215199, 4234244.490528575144708 ], [ 585712.016120067681186, 4234214.905574408359826 ], [ 585696.220798969152384, 4234217.456619565375149 ], [ 585700.998957866686396, 4234247.041573732160032 ] ] ] ] } },
{ "type": "Feature", "properties": { "uipfonksiyon": "YERLEŞİK KONUT ALANI", "nizam": "A", "yanbahce": "4", "taks": "0.4", "kaks": "1.6", "onbahce": "5.5", "katadedi": "4", "yencok": null, "emsal": null, "aream2": 484.88, "facade_front": "2", "facade_side": "1,3", "facade_back": "0", "facade_count": 1, "is_corner": false, "front_direction": "S" }, "geometry": { "type": "MultiPolygon", "coordinates": [ [ [ [ 585700.998957866686396, 4234247.041573732160032 ], [ 585683.761852764408104, 4234249.825476206839085 ], [ 585689.448428069474176, 4234277.829177238047123 ], [ 585705.604979828000069, 4234275.560706632211804 ], [ 585700.998957866686396, 4234247.041573732160032 ] ] ] ] } },
{ "type": "Feature", "properties": { "uipfonksiyon": "YERLEŞİK KONUT ALANI", "nizam": "A", "yanbahce": "4", "taks": "0.4", "kaks": "1.6", "onbahce": "5.5", "katadedi": "4", "yencok": null, "emsal": null, "aream2": 547.26, "facade_front": "2,3", "facade_side": "", "facade_back": "0,1,4", "facade_count": 2, "is_corner": true, "front_direction": "coklu" }, "geometry": { "type": "MultiPolygon", "coordinates": [ [ [ [ 585683.761852764408104, 4234249.825476206839085 ], [ 585700.998957866686396, 4234247.041573732160032 ], [ 585696.220798969152384, 4234217.456619565375149 ], [ 585676.76248668867629, 4234220.599261173978448 ], [ 585680.057093199458905, 4234231.581282876431942 ], [ 585683.761852764408104, 4234249.825476206839085 ] ] ] ] } },
{ "type": "Feature", "properties": { "uipfonksiyon": "YERLEŞİK KONUT ALANI", "nizam": "A", "yanbahce": "4", "taks": "0.4", "kaks": "1.6", "onbahce": "5.5", "katadedi": "4", "yencok": null, "emsal": null, "aream2": 688.94, "facade_front": "1,2,3,4", "facade_side": "", "facade_back": "0,5", "facade_count": 4, "is_corner": true, "front_direction": "coklu" }, "geometry": { "type": "MultiPolygon", "coordinates": [ [ [ [ 585819.073304729070514, 4234298.140874792821705 ], [ 585823.667734772432595, 4234327.542468096129596 ], [ 585843.28408014785964, 4234324.283767715096474 ], [ 585845.63599924382288, 4234322.090088598430157 ], [ 585846.228420117055066, 4234319.569122469983995 ], [ 585842.071917380904779, 4234294.547004357911646 ], [ 585819.073304729070514, 4234298.140874792821705 ] ] ] ] } },
{ "type": "Feature", "properties": { "uipfonksiyon": "YERLEŞİK KONUT ALANI", "nizam": "A", "yanbahce": "4", "taks": "0.4", "kaks": "1.6", "onbahce": "5.5", "katadedi": "4", "yencok": null, "emsal": null, "aream2": 477.36, "facade_front": "3", "facade_side": "0,2", "facade_back": "1", "facade_count": 1, "is_corner": false, "front_direction": "S" }, "geometry": { "type": "MultiPolygon", "coordinates": [ [ [ [ 585823.667734772432595, 4234327.542468096129596 ], [ 585819.073304729070514, 4234298.140874792821705 ], [ 585803.265147543279454, 4234300.611131134442985 ], [ 585807.883310873061419, 4234330.164603218436241 ], [ 585823.667734772432595, 4234327.542468096129596 ] ] ] ] } },
{ "type": "Feature", "properties": { "uipfonksiyon": "YERLEŞİK KONUT ALANI", "nizam": "A", "yanbahce": "4", "taks": "0.4", "kaks": "1.6", "onbahce": "5.5", "katadedi": "4", "yencok": null, "emsal": null, "aream2": 479.62, "facade_front": "3,4", "facade_side": "", "facade_back": "0,1,2", "facade_count": 2, "is_corner": true, "front_direction": "S" }, "geometry": { "type": "MultiPolygon", "coordinates": [ [ [ [ 585807.883310873061419, 4234330.164603218436241 ], [ 585803.265147543279454, 4234300.611131134442985 ], [ 585787.456990357604809, 4234303.081387475132942 ], [ 585792.087847896036692, 4234332.716094871982932 ], [ 585797.651509328861721, 4234331.864327348768711 ], [ 585807.883310873061419, 4234330.164603218436241 ] ] ] ] } },
{ "type": "Feature", "properties": { "uipfonksiyon": "YERLEŞİK KONUT ALANI", "nizam": "A", "yanbahce": "4", "taks": "0.4", "kaks": "1.6", "onbahce": "5.5", "katadedi": "4", "yencok": null, "emsal": null, "aream2": 479.51, "facade_front": "3", "facade_side": "0,2", "facade_back": "1", "facade_count": 1, "is_corner": false, "front_direction": "S" }, "geometry": { "type": "MultiPolygon", "coordinates": [ [ [ [ 585792.087847896036692, 4234332.716094871982932 ], [ 585787.456990357604809, 4234303.081387475132942 ], [ 585771.648833171930164, 4234305.551643816754222 ], [ 585776.272043241653591, 4234335.137412006035447 ], [ 585792.087847896036692, 4234332.716094871982932 ] ] ] ] } },
{ "type": "Feature", "properties": { "uipfonksiyon": "YERLEŞİK KONUT ALANI", "nizam": "A", "yanbahce": "4", "taks": "0.4", "kaks": "1.6", "onbahce": "5.5", "katadedi": "4", "yencok": null, "emsal": null, "aream2": 477.27, "facade_front": "3,4,5", "facade_side": "", "facade_back": "0,1,2", "facade_count": 3, "is_corner": true, "front_direction": "S" }, "geometry": { "type": "MultiPolygon", "coordinates": [ [ [ [ 585776.272043241653591, 4234335.137412006035447 ], [ 585771.648833171930164, 4234305.551643816754222 ], [ 585755.840675986255519, 4234308.021900158375502 ], [ 585760.420762991416268, 4234337.331706630066037 ], [ 585768.513352624257095, 4234336.242978999391198 ], [ 585772.944609782309271, 4234335.646824699826539 ], [ 585776.272043241653591, 4234335.137412006035447 ] ] ] ] } },
{ "type": "Feature", "properties": { "uipfonksiyon": "YERLEŞİK KONUT ALANI", "nizam": "A", "yanbahce": "4", "taks": "0.4", "kaks": "1.6", "onbahce": "5.5", "katadedi": "4", "yencok": null, "emsal": null, "aream2": 471.92, "facade_front": "3", "facade_side": "0,2", "facade_back": "1", "facade_count": 1, "is_corner": false, "front_direction": "S" }, "geometry": { "type": "MultiPolygon", "coordinates": [ [ [ [ 585760.420762991416268, 4234337.331706630066037 ], [ 585755.840675986255519, 4234308.021900158375502 ], [ 585740.032518800580874, 4234310.492156499996781 ], [ 585744.560030532884412, 4234339.465512797236443 ], [ 585760.420762991416268, 4234337.331706630066037 ] ] ] ] } },
{ "type": "Feature", "properties": { "uipfonksiyon": "YERLEŞİK KONUT ALANI", "nizam": "A", "yanbahce": "4", "taks": "0.4", "kaks": "1.6", "onbahce": "5.5", "katadedi": "4", "yencok": null, "emsal": null, "aream2": 466.48, "facade_front": "3", "facade_side": "0,2", "facade_back": "1", "facade_count": 1, "is_corner": false, "front_direction": "S" }, "geometry": { "type": "MultiPolygon", "coordinates": [ [ [ [ 585744.560030532884412, 4234339.465512797236443 ], [ 585740.032518800580874, 4234310.492156499996781 ], [ 585724.224361614906229, 4234312.962412841618061 ], [ 585728.69929807446897, 4234341.599318964406848 ], [ 585744.560030532884412, 4234339.465512797236443 ] ] ] ] } },
{ "type": "Feature", "properties": { "uipfonksiyon": "YERLEŞİK KONUT ALANI", "nizam": "A", "yanbahce": "4", "taks": "0.4", "kaks": "1.6", "onbahce": "5.5", "katadedi": "4", "yencok": null, "emsal": null, "aream2": 686.48, "facade_front": "2,3,4,5", "facade_side": "", "facade_back": "0,1", "facade_count": 4, "is_corner": true, "front_direction": "coklu" }, "geometry": { "type": "MultiPolygon", "coordinates": [ [ [ [ 585814.475368562620133, 4234268.716844407841563 ], [ 585819.073304729070514, 4234298.140874792821705 ], [ 585842.071917380904779, 4234294.547004357911646 ], [ 585837.754421995952725, 4234268.555711598135531 ], [ 585835.545083926874213, 4234266.202042112126946 ], [ 585832.357970860088244, 4234265.688967993482947 ], [ 585814.475368562620133, 4234268.716844407841563 ] ] ] ] } },
{ "type": "Feature", "properties": { "uipfonksiyon": "YERLEŞİK KONUT ALANI", "nizam": "A", "yanbahce": "4", "taks": "0.4", "kaks": "1.6", "onbahce": "5.5", "katadedi": "4", "yencok": null, "emsal": null, "aream2": 474.87, "facade_front": "1", "facade_side": "0,2", "facade_back": "3", "facade_count": 1, "is_corner": false, "front_direction": "N" }, "geometry": { "type": "MultiPolygon", "coordinates": [ [ [ [ 585819.073304729070514, 4234298.140874792821705 ], [ 585814.475368562620133, 4234268.716844407841563 ], [ 585798.698629328398965, 4234271.388156771659851 ], [ 585803.265147543279454, 4234300.611131134442985 ], [ 585819.073304729070514, 4234298.140874792821705 ] ] ] ] } },
{ "type": "Feature", "properties": { "uipfonksiyon": "YERLEŞİK KONUT ALANI", "nizam": "A", "yanbahce": "4", "taks": "0.4", "kaks": "1.6", "onbahce": "5.5", "katadedi": "4", "yencok": null, "emsal": null, "aream2": 471.53, "facade_front": "1,2", "facade_side": "", "facade_back": "0,3,4", "facade_count": 2, "is_corner": true, "front_direction": "N" }, "geometry": { "type": "MultiPolygon", "coordinates": [ [ [ [ 585803.265147543279454, 4234300.611131134442985 ], [ 585798.698629328398965, 4234271.388156771659851 ], [ 585787.941370489541441, 4234273.209572345018387 ], [ 585782.927267393213697, 4234274.093880620785058 ], [ 585787.456990357604809, 4234303.081387475132942 ], [ 585803.265147543279454, 4234300.611131134442985 ] ] ] ] } },
{ "type": "Feature", "properties": { "uipfonksiyon": "YERLEŞİK KONUT ALANI", "nizam": "A", "yanbahce": "4", "taks": "0.4", "kaks": "1.6", "onbahce": "5.5", "katadedi": "4", "yencok": null, "emsal": null, "aream2": 466.92, "facade_front": "1", "facade_side": "0,2", "facade_back": "3", "facade_count": 1, "is_corner": false, "front_direction": "N" }, "geometry": { "type": "MultiPolygon", "coordinates": [ [ [ [ 585787.456990357604809, 4234303.081387475132942 ], [ 585782.927267393213697, 4234274.093880620785058 ], [ 585767.167429558932781, 4234276.873351795598865 ], [ 585771.648833171930164, 4234305.551643816754222 ], [ 585787.456990357604809, 4234303.081387475132942 ] ] ] ] } },
{ "type": "Feature", "properties": { "uipfonksiyon": "YERLEŞİK KONUT ALANI", "nizam": "A", "yanbahce": "4", "taks": "0.4", "kaks": "1.6", "onbahce": "5.5", "katadedi": "4", "yencok": null, "emsal": null, "aream2": 463.38, "facade_front": "1,2,3", "facade_side": "", "facade_back": "0,4,5", "facade_count": 3, "is_corner": true, "front_direction": "N" }, "geometry": { "type": "MultiPolygon", "coordinates": [ [ [ [ 585771.648833171930164, 4234305.551643816754222 ], [ 585767.167429558932781, 4234276.873351795598865 ], [ 585763.346370118204504, 4234277.547249882481992 ], [ 585756.568787814001553, 4234278.631994042545557 ], [ 585751.360464753699489, 4234279.351238655857742 ], [ 585755.840675986255519, 4234308.021900158375502 ], [ 585771.648833171930164, 4234305.551643816754222 ] ] ] ] } },
{ "type": "Feature", "properties": { "uipfonksiyon": "YERLEŞİK KONUT ALANI", "nizam": "A", "yanbahce": "4", "taks": "0.4", "kaks": "1.6", "onbahce": "5.5", "katadedi": "4", "yencok": null, "emsal": null, "aream2": 466.57, "facade_front": "1", "facade_side": "0,2", "facade_back": "3", "facade_count": 1, "is_corner": false, "front_direction": "N" }, "geometry": { "type": "MultiPolygon", "coordinates": [ [ [ [ 585755.840675986255519, 4234308.021900158375502 ], [ 585751.360464753699489, 4234279.351238655857742 ], [ 585735.508372525218874, 4234281.540337106212974 ], [ 585740.032518800580874, 4234310.492156499996781 ], [ 585755.840675986255519, 4234308.021900158375502 ] ] ] ] } },
{ "type": "Feature", "properties": { "uipfonksiyon": "YERLEŞİK KONUT ALANI", "nizam": "A", "yanbahce": "4", "taks": "0.4", "kaks": "1.6", "onbahce": "5.5", "katadedi": "4", "yencok": null, "emsal": null, "aream2": 471.13, "facade_front": "1", "facade_side": "0,2", "facade_back": "3", "facade_count": 1, "is_corner": false, "front_direction": "N" }, "geometry": { "type": "MultiPolygon", "coordinates": [ [ [ [ 585740.032518800580874, 4234310.492156499996781 ], [ 585735.508372525218874, 4234281.540337106212974 ], [ 585719.656280296621844, 4234283.729435556568205 ], [ 585724.224361614906229, 4234312.962412841618061 ], [ 585740.032518800580874, 4234310.492156499996781 ] ] ] ] } },
{ "type": "Feature", "properties": { "uipfonksiyon": "YERLEŞİK KONUT ALANI", "nizam": "A", "yanbahce": "4", "taks": "0.4", "kaks": "1.6", "onbahce": "5.5", "katadedi": "4", "yencok": null, "emsal": null, "aream2": 454.79, "facade_front": "2,3", "facade_side": "", "facade_back": "0,1,4", "facade_count": 2, "is_corner": true, "front_direction": "S" }, "geometry": { "type": "MultiPolygon", "coordinates": [ [ [ [ 585724.224361614906229, 4234312.962412841618061 ], [ 585708.416204429231584, 4234315.432669183239341 ], [ 585712.679817382129841, 4234342.71723176445812 ], [ 585724.863741745124571, 4234342.115331309847534 ], [ 585728.69929807446897, 4234341.599318964406848 ], [ 585724.224361614906229, 4234312.962412841618061 ] ] ] ] } },
{ "type": "Feature", "properties": { "uipfonksiyon": "YERLEŞİK KONUT ALANI", "nizam": "A", "yanbahce": "4", "taks": "0.4", "kaks": "1.6", "onbahce": "5.5", "katadedi": "4", "yencok": null, "emsal": null, "aream2": 475.68, "facade_front": "2", "facade_side": "1,3", "facade_back": "0", "facade_count": 1, "is_corner": false, "front_direction": "N" }, "geometry": { "type": "MultiPolygon", "coordinates": [ [ [ [ 585708.416204429231584, 4234315.432669183239341 ], [ 585724.224361614906229, 4234312.962412841618061 ], [ 585719.656280296621844, 4234283.729435556568205 ], [ 585703.804188068141229, 4234285.918534006923437 ], [ 585708.416204429231584, 4234315.432669183239341 ] ] ] ] } },
{ "type": "Feature", "properties": { "uipfonksiyon": "YERLEŞİK KONUT ALANI", "nizam": "A", "yanbahce": "4", "taks": "0.4", "kaks": "1.6", "onbahce": "5.5", "katadedi": "4", "yencok": null, "emsal": null, "aream2": 569.96, "facade_front": "2,3,4,5", "facade_side": "", "facade_back": "0,1,6", "facade_count": 4, "is_corner": true, "front_direction": "coklu" }, "geometry": { "type": "MultiPolygon", "coordinates": [ [ [ [ 585708.416204429231584, 4234315.432669183239341 ], [ 585689.740307902917266, 4234318.351051843725145 ], [ 585688.344946104916744, 4234339.336852832697332 ], [ 585689.767794320243411, 4234342.469445922411978 ], [ 585693.579515212099068, 4234343.955460716970265 ], [ 585705.815601450623944, 4234343.056332251988351 ], [ 585712.679817382129841, 4234342.71723176445812 ], [ 585708.416204429231584, 4234315.432669183239341 ] ] ] ] } },
{ "type": "Feature", "properties": { "uipfonksiyon": "YERLEŞİK KONUT ALANI", "nizam": "A", "yanbahce": "4", "taks": "0.4", "kaks": "1.6", "onbahce": "5.5", "katadedi": "4", "yencok": null, "emsal": null, "aream2": 465.12, "facade_front": "2,3,4", "facade_side": "", "facade_back": "0,1,5", "facade_count": 3, "is_corner": true, "front_direction": "coklu" }, "geometry": { "type": "MultiPolygon", "coordinates": [ [ [ [ 585689.740307902917266, 4234318.351051843725145 ], [ 585708.416204429231584, 4234315.432669183239341 ], [ 585703.804188068141229, 4234285.918534006923437 ], [ 585696.035500383120961, 4234286.991352782584727 ], [ 585691.493839345057495, 4234287.901862953789532 ], [ 585691.698036203975789, 4234288.907436164095998 ], [ 585689.740307902917266, 4234318.351051843725145 ] ] ] ] } },
{ "type": "Feature", "properties": { "uipfonksiyon": "YERLEŞİK KONUT ALANI", "nizam": "A", "yanbahce": "4", "taks": "0.4", "kaks": "1.6", "onbahce": "5.5", "katadedi": "4", "yencok": null, "emsal": null, "aream2": 526.17, "facade_front": "1,2,3,4", "facade_side": "", "facade_back": "0,5", "facade_count": 4, "is_corner": true, "front_direction": "coklu" }, "geometry": { "type": "MultiPolygon", "coordinates": [ [ [ [ 585870.008326613809913, 4234289.432757211849093 ], [ 585865.202293768059462, 4234260.109327103942633 ], [ 585859.566251310054213, 4234261.064746084623039 ], [ 585850.264092644210905, 4234263.024862154386938 ], [ 585848.047187653253786, 4234266.127676919102669 ], [ 585852.230084493407048, 4234292.346564199775457 ], [ 585870.008326613809913, 4234289.432757211849093 ] ] ] ] } },
{ "type": "Feature", "properties": { "uipfonksiyon": "YERLEŞİK KONUT ALANI", "nizam": "A", "yanbahce": "4", "taks": "0.4", "kaks": "1.6", "onbahce": "5.5", "katadedi": "4", "yencok": null, "emsal": null, "aream2": 476.13, "facade_front": "3", "facade_side": "0,2", "facade_back": "1", "facade_count": 1, "is_corner": false, "front_direction": "N" }, "geometry": { "type": "MultiPolygon", "coordinates": [ [ [ [ 585865.202293768059462, 4234260.109327103942633 ], [ 585870.008326613809913, 4234289.432757211849093 ], [ 585885.797662671655416, 4234286.844926680438221 ], [ 585880.977474041981623, 4234257.435126764699817 ], [ 585865.202293768059462, 4234260.109327103942633 ] ] ] ] } },
{ "type": "Feature", "properties": { "uipfonksiyon": "YERLEŞİK KONUT ALANI", "nizam": "A", "yanbahce": "4", "taks": "0.4", "kaks": "1.6", "onbahce": "5.5", "katadedi": "4", "yencok": null, "emsal": null, "aream2": 477.54, "facade_front": "3", "facade_side": "0,2", "facade_back": "1", "facade_count": 1, "is_corner": false, "front_direction": "N" }, "geometry": { "type": "MultiPolygon", "coordinates": [ [ [ [ 585880.977474041981623, 4234257.435126764699817 ], [ 585885.797662671655416, 4234286.844926680438221 ], [ 585901.586998729268089, 4234284.25709614995867 ], [ 585896.752654315903783, 4234254.760926425457001 ], [ 585880.977474041981623, 4234257.435126764699817 ] ] ] ] } },
{ "type": "Feature", "properties": { "uipfonksiyon": "YERLEŞİK KONUT ALANI", "nizam": "A", "yanbahce": "4", "taks": "0.4", "kaks": "1.6", "onbahce": "5.5", "katadedi": "4", "yencok": null, "emsal": null, "aream2": 478.94, "facade_front": "3", "facade_side": "0,2", "facade_back": "1", "facade_count": 1, "is_corner": false, "front_direction": "N" }, "geometry": { "type": "MultiPolygon", "coordinates": [ [ [ [ 585896.752654315903783, 4234254.760926425457001 ], [ 585901.586998729268089, 4234284.25709614995867 ], [ 585917.376334787113592, 4234281.669265618547797 ], [ 585912.527834589825943, 4234252.086726085282862 ], [ 585896.752654315903783, 4234254.760926425457001 ] ] ] ] } },
{ "type": "Feature", "properties": { "uipfonksiyon": "YERLEŞİK KONUT ALANI", "nizam": "A", "yanbahce": "4", "taks": "0.4", "kaks": "1.6", "onbahce": "5.5", "katadedi": "4", "yencok": null, "emsal": null, "aream2": 541.0, "facade_front": "2,3,4,5", "facade_side": "", "facade_back": "0,1", "facade_count": 4, "is_corner": true, "front_direction": "coklu" }, "geometry": { "type": "MultiPolygon", "coordinates": [ [ [ [ 585874.896088398178108, 4234319.254846585914493 ], [ 585870.008326613809913, 4234289.432757211849093 ], [ 585852.230084493407048, 4234292.346564199775457 ], [ 585856.4137752027018, 4234318.570427546277642 ], [ 585858.051164247444831, 4234320.572972910478711 ], [ 585861.123438831767999, 4234321.512147520668805 ], [ 585874.896088398178108, 4234319.254846585914493 ] ] ] ] } },
{ "type": "Feature", "properties": { "uipfonksiyon": "YERLEŞİK KONUT ALANI", "nizam": "A", "yanbahce": "4", "taks": "0.4", "kaks": "1.6", "onbahce": "5.5", "katadedi": "4", "yencok": null, "emsal": null, "aream2": 483.52, "facade_front": "1", "facade_side": "0,2", "facade_back": "3", "facade_count": 1, "is_corner": false, "front_direction": "S" }, "geometry": { "type": "MultiPolygon", "coordinates": [ [ [ [ 585870.008326613809913, 4234289.432757211849093 ], [ 585874.896088398178108, 4234319.254846585914493 ], [ 585890.685424456023611, 4234316.66701605450362 ], [ 585885.797662671655416, 4234286.844926680438221 ], [ 585870.008326613809913, 4234289.432757211849093 ] ] ] ] } },
{ "type": "Feature", "properties": { "uipfonksiyon": "YERLEŞİK KONUT ALANI", "nizam": "A", "yanbahce": "4", "taks": "0.4", "kaks": "1.6", "onbahce": "5.5", "katadedi": "4", "yencok": null, "emsal": null, "aream2": 483.52, "facade_front": "1", "facade_side": "0,2", "facade_back": "3", "facade_count": 1, "is_corner": false, "front_direction": "S" }, "geometry": { "type": "MultiPolygon", "coordinates": [ [ [ [ 585885.797662671655416, 4234286.844926680438221 ], [ 585890.685424456023611, 4234316.66701605450362 ], [ 585906.474760513636284, 4234314.079185524024069 ], [ 585901.586998729268089, 4234284.25709614995867 ], [ 585885.797662671655416, 4234286.844926680438221 ] ] ] ] } },
{ "type": "Feature", "properties": { "uipfonksiyon": "YERLEŞİK KONUT ALANI", "nizam": "A", "yanbahce": "4", "taks": "0.4", "kaks": "1.6", "onbahce": "5.5", "katadedi": "4", "yencok": null, "emsal": null, "aream2": 483.52, "facade_front": "1", "facade_side": "0,2", "facade_back": "3", "facade_count": 1, "is_corner": false, "front_direction": "S" }, "geometry": { "type": "MultiPolygon", "coordinates": [ [ [ [ 585901.586998729268089, 4234284.25709614995867 ], [ 585906.474760513636284, 4234314.079185524024069 ], [ 585922.264096571365371, 4234311.491354992613196 ], [ 585917.376334787113592, 4234281.669265618547797 ], [ 585901.586998729268089, 4234284.25709614995867 ] ] ] ] } },
{ "type": "Feature", "properties": { "uipfonksiyon": "YERLEŞİK KONUT ALANI", "nizam": "A", "yanbahce": "4", "taks": "0.4", "kaks": "1.6", "onbahce": "5.5", "katadedi": "4", "yencok": null, "emsal": null, "aream2": 480.34, "facade_front": "2", "facade_side": "1,3", "facade_back": "0", "facade_count": 1, "is_corner": false, "front_direction": "N" }, "geometry": { "type": "MultiPolygon", "coordinates": [ [ [ [ 585917.376334787113592, 4234281.669265618547797 ], [ 585933.165670844726264, 4234279.081435088068247 ], [ 585928.303014863631688, 4234249.412525746040046 ], [ 585912.527834589825943, 4234252.086726085282862 ], [ 585917.376334787113592, 4234281.669265618547797 ] ] ] ] } },
{ "type": "Feature", "properties": { "uipfonksiyon": "YERLEŞİK KONUT ALANI", "nizam": "A", "yanbahce": "4", "taks": "0.4", "kaks": "1.6", "onbahce": "5.5", "katadedi": "4", "yencok": null, "emsal": null, "aream2": 483.52, "facade_front": "2", "facade_side": "1,3", "facade_back": "0", "facade_count": 1, "is_corner": false, "front_direction": "S" }, "geometry": { "type": "MultiPolygon", "coordinates": [ [ [ [ 585933.165670844726264, 4234279.081435088068247 ], [ 585917.376334787113592, 4234281.669265618547797 ], [ 585922.264096571365371, 4234311.491354992613196 ], [ 585938.053432628978044, 4234308.903524461202323 ], [ 585933.165670844726264, 4234279.081435088068247 ] ] ] ] } },
{ "type": "Feature", "properties": { "uipfonksiyon": "YERLEŞİK KONUT ALANI", "nizam": "A", "yanbahce": "4", "taks": "0.4", "kaks": "1.6", "onbahce": "5.5", "katadedi": "4", "yencok": null, "emsal": null, "aream2": 481.74, "facade_front": "2", "facade_side": "1,3", "facade_back": "0", "facade_count": 1, "is_corner": false, "front_direction": "N" }, "geometry": { "type": "MultiPolygon", "coordinates": [ [ [ [ 585933.165670844726264, 4234279.081435088068247 ], [ 585948.955006902455352, 4234276.493604556657374 ], [ 585944.078195137670264, 4234246.73832540679723 ], [ 585928.303014863631688, 4234249.412525746040046 ], [ 585933.165670844726264, 4234279.081435088068247 ] ] ] ] } },
{ "type": "Feature", "properties": { "uipfonksiyon": "YERLEŞİK KONUT ALANI", "nizam": "A", "yanbahce": "4", "taks": "0.4", "kaks": "1.6", "onbahce": "5.5", "katadedi": "4", "yencok": null, "emsal": null, "aream2": 483.52, "facade_front": "2", "facade_side": "1,3", "facade_back": "0", "facade_count": 1, "is_corner": false, "front_direction": "S" }, "geometry": { "type": "MultiPolygon", "coordinates": [ [ [ [ 585948.955006902455352, 4234276.493604556657374 ], [ 585933.165670844726264, 4234279.081435088068247 ], [ 585938.053432628978044, 4234308.903524461202323 ], [ 585953.842768686707132, 4234306.315693930722773 ], [ 585948.955006902455352, 4234276.493604556657374 ] ] ] ] } },
{ "type": "Feature", "properties": { "uipfonksiyon": "YERLEŞİK KONUT ALANI", "nizam": "A", "yanbahce": "4", "taks": "0.4", "kaks": "1.6", "onbahce": "5.5", "katadedi": "4", "yencok": null, "emsal": null, "aream2": 516.68, "facade_front": "1,2,3,4", "facade_side": "", "facade_back": "0,5", "facade_count": 4, "is_corner": true, "front_direction": "coklu" }, "geometry": { "type": "MultiPolygon", "coordinates": [ [ [ [ 585948.955006902455352, 4234276.493604556657374 ], [ 585966.307342661195435, 4234273.649602497927845 ], [ 585961.351911279372871, 4234246.942010315135121 ], [ 585959.455240216106176, 4234245.18006607145071 ], [ 585956.280877469107509, 4234244.669733056798577 ], [ 585944.078195137670264, 4234246.73832540679723 ], [ 585948.955006902455352, 4234276.493604556657374 ] ] ] ] } },
{ "type": "Feature", "properties": { "uipfonksiyon": "YERLEŞİK KONUT ALANI", "nizam": "A", "yanbahce": "4", "taks": "0.4", "kaks": "1.6", "onbahce": "5.5", "katadedi": "4", "yencok": null, "emsal": null, "aream2": 535.34, "facade_front": "2,3,4,5", "facade_side": "", "facade_back": "0,1", "facade_count": 4, "is_corner": true, "front_direction": "coklu" }, "geometry": { "type": "MultiPolygon", "coordinates": [ [ [ [ 585966.307342661195435, 4234273.649602497927845 ], [ 585948.955006902455352, 4234276.493604556657374 ], [ 585953.842768686707132, 4234306.315693930722773 ], [ 585968.120330734876916, 4234303.975639171898365 ], [ 585970.145970216603018, 4234302.286692664958537 ], [ 585971.036066352506168, 4234299.135340098291636 ], [ 585966.307342661195435, 4234273.649602497927845 ] ] ] ] } },
{ "type": "Feature", "properties": { "uipfonksiyon": "YERLEŞİK KONUT ALANI", "nizam": "A", "yanbahce": "4", "taks": "0.4", "kaks": "1.6", "onbahce": "5.5", "katadedi": "4", "yencok": null, "emsal": null, "aream2": 508.06, "facade_front": "1,2,3,4,5", "facade_side": "", "facade_back": "0,6", "facade_count": 5, "is_corner": true, "front_direction": "coklu" }, "geometry": { "type": "MultiPolygon", "coordinates": [ [ [ [ 585858.108166837482713, 4234221.134167558513582 ], [ 585852.995775436866097, 4234191.924188535660505 ], [ 585845.386346579063684, 4234193.243425070308149 ], [ 585839.064878516364843, 4234194.757777629420161 ], [ 585837.326966220396571, 4234196.641718002036214 ], [ 585836.813807576312684, 4234199.783752510324121 ], [ 585840.88378776947502, 4234224.148814277723432 ], [ 585858.108166837482713, 4234221.134167558513582 ] ] ] ] } },
{ "type": "Feature", "properties": { "uipfonksiyon": "YERLEŞİK KONUT ALANI", "nizam": "A", "yanbahce": "4", "taks": "0.4", "kaks": "1.6", "onbahce": "5.5", "katadedi": "4", "yencok": null, "emsal": null, "aream2": 474.26, "facade_front": "3", "facade_side": "0,2", "facade_back": "1", "facade_count": 1, "is_corner": false, "front_direction": "N" }, "geometry": { "type": "MultiPolygon", "coordinates": [ [ [ [ 585852.995775436866097, 4234191.924188535660505 ], [ 585858.108166837482713, 4234221.134167558513582 ], [ 585873.868595209089108, 4234218.375744541175663 ], [ 585868.760630317730829, 4234189.191056665033102 ], [ 585852.995775436866097, 4234191.924188535660505 ] ] ] ] } },
{ "type": "Feature", "properties": { "uipfonksiyon": "YERLEŞİK KONUT ALANI", "nizam": "A", "yanbahce": "4", "taks": "0.4", "kaks": "1.6", "onbahce": "5.5", "katadedi": "4", "yencok": null, "emsal": null, "aream2": 473.85, "facade_front": "1", "facade_side": "0,2", "facade_back": "3", "facade_count": 1, "is_corner": false, "front_direction": "N" }, "geometry": { "type": "MultiPolygon", "coordinates": [ [ [ [ 585889.629023580695502, 4234215.617321523837745 ], [ 585884.525485198595561, 4234186.457924794405699 ], [ 585868.760630317730829, 4234189.191056665033102 ], [ 585873.868595209089108, 4234218.375744541175663 ], [ 585889.629023580695502, 4234215.617321523837745 ] ] ] ] } },
{ "type": "Feature", "properties": { "uipfonksiyon": "YERLEŞİK KONUT ALANI", "nizam": "A", "yanbahce": "4", "taks": "0.4", "kaks": "1.6", "onbahce": "5.5", "katadedi": "4", "yencok": null, "emsal": null, "aream2": 473.44, "facade_front": "3,4", "facade_side": "", "facade_back": "0,1,2", "facade_count": 2, "is_corner": true, "front_direction": "N" }, "geometry": { "type": "MultiPolygon", "coordinates": [ [ [ [ 585884.525485198595561, 4234186.457924794405699 ], [ 585889.629023580695502, 4234215.617321523837745 ], [ 585905.389451952185482, 4234212.858898506499827 ], [ 585900.288666858104989, 4234183.7152328658849 ], [ 585899.513455467647873, 4234183.859480373561382 ], [ 585884.525485198595561, 4234186.457924794405699 ] ] ] ] } },
{ "type": "Feature", "properties": { "uipfonksiyon": "YERLEŞİK KONUT ALANI", "nizam": "A", "yanbahce": "4", "taks": "0.4", "kaks": "1.6", "onbahce": "5.5", "katadedi": "4", "yencok": null, "emsal": null, "aream2": 474.76, "facade_front": "3", "facade_side": "0,2", "facade_back": "1", "facade_count": 1, "is_corner": false, "front_direction": "N" }, "geometry": { "type": "MultiPolygon", "coordinates": [ [ [ [ 585900.288666858104989, 4234183.7152328658849 ], [ 585905.389451952185482, 4234212.858898506499827 ], [ 585921.149880324024707, 4234210.100475489161909 ], [ 585916.019568057847209, 4234180.788104441016912 ], [ 585900.288666858104989, 4234183.7152328658849 ] ] ] ] } },
{ "type": "Feature", "properties": { "uipfonksiyon": "YERLEŞİK KONUT ALANI", "nizam": "A", "yanbahce": "4", "taks": "0.4", "kaks": "1.6", "onbahce": "5.5", "katadedi": "4", "yencok": null, "emsal": null, "aream2": 477.5, "facade_front": "3", "facade_side": "0,2", "facade_back": "1", "facade_count": 1, "is_corner": false, "front_direction": "N" }, "geometry": { "type": "MultiPolygon", "coordinates": [ [ [ [ 585916.019568057847209, 4234180.788104441016912 ], [ 585921.149880324024707, 4234210.100475489161909 ], [ 585936.910308695514686, 4234207.34205247182399 ], [ 585931.750469257473014, 4234177.860976017080247 ], [ 585916.019568057847209, 4234180.788104441016912 ] ] ] ] } },
{ "type": "Feature", "properties": { "uipfonksiyon": "YERLEŞİK KONUT ALANI", "nizam": "A", "yanbahce": "4", "taks": "0.4", "kaks": "1.6", "onbahce": "5.5", "katadedi": "4", "yencok": null, "emsal": null, "aream2": 511.85, "facade_front": "2,3,4,5", "facade_side": "", "facade_back": "0,1", "facade_count": 4, "is_corner": true, "front_direction": "coklu" }, "geometry": { "type": "MultiPolygon", "coordinates": [ [ [ [ 585931.750469257473014, 4234177.860976017080247 ], [ 585936.910308695514686, 4234207.34205247182399 ], [ 585954.025659018196166, 4234204.346488190814853 ], [ 585949.038022582884878, 4234177.740500842221081 ], [ 585947.125614741467871, 4234176.013825012370944 ], [ 585944.607387344003655, 4234175.468624180182815 ], [ 585931.750469257473014, 4234177.860976017080247 ] ] ] ] } },
{ "type": "Feature", "properties": { "uipfonksiyon": "YERLEŞİK KONUT ALANI", "nizam": "A", "yanbahce": "4", "taks": "0.4", "kaks": "1.6", "onbahce": "5.5", "katadedi": "4", "yencok": null, "emsal": null, "aream2": 513.7, "facade_front": "2,3,4,5", "facade_side": "", "facade_back": "0,1", "facade_count": 4, "is_corner": true, "front_direction": "coklu" }, "geometry": { "type": "MultiPolygon", "coordinates": [ [ [ [ 585863.207627010298893, 4234250.270263174548745 ], [ 585858.108166837482713, 4234221.134167558513582 ], [ 585840.88378776947502, 4234224.148814277723432 ], [ 585845.132909064297564, 4234249.586309767328203 ], [ 585846.781626602984034, 4234251.593533386476338 ], [ 585849.214834720361978, 4234252.50277176965028 ], [ 585863.207627010298893, 4234250.270263174548745 ] ] ] ] } },
{ "type": "Feature", "properties": { "uipfonksiyon": "YERLEŞİK KONUT ALANI", "nizam": "A", "yanbahce": "4", "taks": "0.4", "kaks": "1.6", "onbahce": "5.5", "katadedi": "4", "yencok": null, "emsal": null, "aream2": 475.19, "facade_front": "1", "facade_side": "0,2", "facade_back": "3", "facade_count": 1, "is_corner": false, "front_direction": "S" }, "geometry": { "type": "MultiPolygon", "coordinates": [ [ [ [ 585858.108166837482713, 4234221.134167558513582 ], [ 585863.207627010298893, 4234250.270263174548745 ], [ 585879.009582485072315, 4234247.749107948504388 ], [ 585873.868595209089108, 4234218.375744541175663 ], [ 585858.108166837482713, 4234221.134167558513582 ] ] ] ] } },
{ "type": "Feature", "properties": { "uipfonksiyon": "YERLEŞİK KONUT ALANI", "nizam": "A", "yanbahce": "4", "taks": "0.4", "kaks": "1.6", "onbahce": "5.5", "katadedi": "4", "yencok": null, "emsal": null, "aream2": 479.04, "facade_front": "3", "facade_side": "0,2", "facade_back": "1", "facade_count": 1, "is_corner": false, "front_direction": "S" }, "geometry": { "type": "MultiPolygon", "coordinates": [ [ [ [ 585894.811537959962152, 4234245.227952722460032 ], [ 585889.629023580695502, 4234215.617321523837745 ], [ 585873.868595209089108, 4234218.375744541175663 ], [ 585879.009582485072315, 4234247.749107948504388 ], [ 585894.811537959962152, 4234245.227952722460032 ] ] ] ] } },
{ "type": "Feature", "properties": { "uipfonksiyon": "YERLEŞİK KONUT ALANI", "nizam": "A", "yanbahce": "4", "taks": "0.4", "kaks": "1.6", "onbahce": "5.5", "katadedi": "4", "yencok": null, "emsal": null, "aream2": 481.1, "facade_front": "1,2", "facade_side": "", "facade_back": "0,3,4", "facade_count": 2, "is_corner": true, "front_direction": "S" }, "geometry": { "type": "MultiPolygon", "coordinates": [ [ [ [ 585889.629023580695502, 4234215.617321523837745 ], [ 585894.811537959962152, 4234245.227952722460032 ], [ 585895.366229768842459, 4234245.13945328630507 ], [ 585910.573424046277069, 4234242.477858453057706 ], [ 585905.389451952185482, 4234212.858898506499827 ], [ 585889.629023580695502, 4234215.617321523837745 ] ] ] ] } },
{ "type": "Feature", "properties": { "uipfonksiyon": "YERLEŞİK KONUT ALANI", "nizam": "A", "yanbahce": "4", "taks": "0.4", "kaks": "1.6", "onbahce": "5.5", "katadedi": "4", "yencok": null, "emsal": null, "aream2": 481.11, "facade_front": "1", "facade_side": "0,2", "facade_back": "3", "facade_count": 1, "is_corner": false, "front_direction": "S" }, "geometry": { "type": "MultiPolygon", "coordinates": [ [ [ [ 585905.389451952185482, 4234212.858898506499827 ], [ 585910.573424046277069, 4234242.477858453057706 ], [ 585926.333852417883463, 4234239.719435434788465 ], [ 585921.149880324024707, 4234210.100475489161909 ], [ 585905.389451952185482, 4234212.858898506499827 ] ] ] ] } },
{ "type": "Feature", "properties": { "uipfonksiyon": "YERLEŞİK KONUT ALANI", "nizam": "A", "yanbahce": "4", "taks": "0.4", "kaks": "1.6", "onbahce": "5.5", "katadedi": "4", "yencok": null, "emsal": null, "aream2": 481.11, "facade_front": "1", "facade_side": "0,2", "facade_back": "3", "facade_count": 1, "is_corner": false, "front_direction": "S" }, "geometry": { "type": "MultiPolygon", "coordinates": [ [ [ [ 585921.149880324024707, 4234210.100475489161909 ], [ 585926.333852417883463, 4234239.719435434788465 ], [ 585942.094280789489858, 4234236.961012417450547 ], [ 585936.910308695514686, 4234207.34205247182399 ], [ 585921.149880324024707, 4234210.100475489161909 ] ] ] ] } },
{ "type": "Feature", "properties": { "uipfonksiyon": "YERLEŞİK KONUT ALANI", "nizam": "A", "yanbahce": "4", "taks": "0.4", "kaks": "1.6", "onbahce": "5.5", "katadedi": "4", "yencok": null, "emsal": null, "aream2": 521.69, "facade_front": "1,2,3,4", "facade_side": "", "facade_back": "0,5", "facade_count": 4, "is_corner": true, "front_direction": "coklu" }, "geometry": { "type": "MultiPolygon", "coordinates": [ [ [ [ 585936.910308695514686, 4234207.34205247182399 ], [ 585942.094280789489858, 4234236.961012417450547 ], [ 585955.252966398256831, 4234234.65795184019953 ], [ 585957.857316540321335, 4234232.775132521986961 ], [ 585958.777772594825365, 4234229.696105256676674 ], [ 585954.025659018196166, 4234204.346488190814853 ], [ 585936.910308695514686, 4234207.34205247182399 ] ] ] ] } },
{ "type": "Feature", "properties": { "uipfonksiyon": "TİCARET - KONUT ALANI", "nizam": "A", "yanbahce": "4", "taks": "0.4", "kaks": "1.6", "onbahce": "5.5", "katadedi": "4", "yencok": null, "emsal": null, "aream2": 452.96, "facade_front": "2,3,4,5,6", "facade_side": "", "facade_back": "0,1,7,8,9,10,11,12", "facade_count": 5, "is_corner": true, "front_direction": "coklu" }, "geometry": { "type": "MultiPolygon", "coordinates": [ [ [ [ 586244.884421470109373, 4233976.042385913431644 ], [ 586242.952740470296703, 4233976.363803400658071 ], [ 586245.059337067301385, 4233989.024199263192713 ], [ 586247.306531297392212, 4233988.621661639772356 ], [ 586257.506879934691824, 4233986.794483534060419 ], [ 586258.802295497851446, 4233987.089443466626108 ], [ 586261.00606819416862, 4233985.683934137225151 ], [ 586262.294043540139683, 4233982.704617355018854 ], [ 586260.774299544515088, 4233973.398427269421518 ], [ 586258.649805965716951, 4233960.389038097113371 ], [ 586258.461234814021736, 4233959.509059623815119 ], [ 586242.300134751480073, 4233962.620841265656054 ], [ 586242.391304459539242, 4233963.094332964159548 ], [ 586244.884421470109373, 4233976.042385913431644 ] ] ] ] } },
{ "type": "Feature", "properties": { "uipfonksiyon": "TİCARET - KONUT ALANI", "nizam": "A", "yanbahce": "4", "taks": "0.4", "kaks": "1.6", "onbahce": "5.5", "katadedi": "4", "yencok": null, "emsal": null, "aream2": 489.15, "facade_front": "3,4,5,6", "facade_side": "", "facade_back": "0,1,2,7,8,9,10,11", "facade_count": 4, "is_corner": true, "front_direction": "coklu" }, "geometry": { "type": "MultiPolygon", "coordinates": [ [ [ [ 586226.588731142459437, 4233965.646034918725491 ], [ 586223.616840256843716, 4233966.218265488743782 ], [ 586222.932020505308174, 4233966.350125914439559 ], [ 586225.550125174224377, 4233979.259470373392105 ], [ 586228.144955797703005, 4233992.054055224172771 ], [ 586231.555887108668685, 4233991.443058557808399 ], [ 586245.059337067301385, 4233989.024199263192713 ], [ 586242.952740470296703, 4233976.363803400658071 ], [ 586244.884421470109373, 4233976.042385913431644 ], [ 586242.391304459539242, 4233963.094332964159548 ], [ 586242.300134751480073, 4233962.620841265656054 ], [ 586240.716742352116853, 4233962.925719732418656 ], [ 586226.588731142459437, 4233965.646034918725491 ] ] ] ] } },
{ "type": "Feature", "properties": { "uipfonksiyon": "TİCARET - KONUT ALANI", "nizam": "A", "yanbahce": "4", "taks": "0.4", "kaks": "1.6", "onbahce": "5.5", "katadedi": "4", "yencok": null, "emsal": null, "aream2": 419.22, "facade_front": "", "facade_side": "", "facade_back": "0,1,2,3,4,5", "facade_count": 0, "is_corner": false, "front_direction": "belirsiz" }, "geometry": { "type": "MultiPolygon", "coordinates": [ [ [ [ 586237.34147665463388, 4233936.867951480671763 ], [ 586242.300134751480073, 4233962.620841266587377 ], [ 586258.461234814021736, 4233959.509059623815119 ], [ 586253.735055370139889, 4233937.454062677919865 ], [ 586251.467352566192858, 4233935.155919253826141 ], [ 586248.919543147902004, 4233934.638622126542032 ], [ 586237.34147665463388, 4233936.867951480671763 ] ] ] ] } },
{ "type": "Feature", "properties": { "uipfonksiyon": "TİCARET - KONUT ALANI", "nizam": "A", "yanbahce": "4", "taks": "0.4", "kaks": "1.6", "onbahce": "5.5", "katadedi": "4", "yencok": null, "emsal": null, "aream2": 419.61, "facade_front": "", "facade_side": "", "facade_back": "0,1,2,3", "facade_count": 0, "is_corner": false, "front_direction": "belirsiz" }, "geometry": { "type": "MultiPolygon", "coordinates": [ [ [ [ 586242.300134751480073, 4233962.620841266587377 ], [ 586237.34147665463388, 4233936.867951480671763 ], [ 586221.630073045729659, 4233939.8931451337412 ], [ 586226.588731142459437, 4233965.646034918725491 ], [ 586242.300134751480073, 4233962.620841266587377 ] ] ] ] } },
{ "type": "Feature", "properties": { "uipfonksiyon": "TİCARET - KONUT ALANI", "nizam": "A", "yanbahce": "4", "taks": "0.4", "kaks": "1.6", "onbahce": "5.5", "katadedi": "4", "yencok": null, "emsal": null, "aream2": 418.27, "facade_front": "", "facade_side": "", "facade_back": "0,1,2,3,4,5,6,7", "facade_count": 0, "is_corner": false, "front_direction": "belirsiz" }, "geometry": { "type": "MultiPolygon", "coordinates": [ [ [ [ 586226.588731142459437, 4233965.646034918725491 ], [ 586221.630073045729659, 4233939.8931451337412 ], [ 586220.072102005011402, 4233940.19312877766788 ], [ 586205.953738611075096, 4233943.100471242330968 ], [ 586210.877327533671632, 4233968.671228570863605 ], [ 586222.932020505308174, 4233966.350125914439559 ], [ 586222.928506517549977, 4233966.332799151539803 ], [ 586223.616840256843716, 4233966.218265488743782 ], [ 586226.588731142459437, 4233965.646034918725491 ] ] ] ] } },
{ "type": "Feature", "properties": { "uipfonksiyon": "TİCARET - KONUT ALANI", "nizam": "A", "yanbahce": "4", "taks": "0.4", "kaks": "1.6", "onbahce": "5.5", "katadedi": "4", "yencok": null, "emsal": null, "aream2": 402.49, "facade_front": "2,3,4,5", "facade_side": "", "facade_back": "0,1,6", "facade_count": 4, "is_corner": true, "front_direction": "coklu" }, "geometry": { "type": "MultiPolygon", "coordinates": [ [ [ [ 586210.877327533671632, 4233968.671228570863605 ], [ 586205.953738611075096, 4233943.100471242330968 ], [ 586194.419219127506949, 4233945.475732266902924 ], [ 586192.901370700448751, 4233946.600238339975476 ], [ 586191.722144097439013, 4233948.812451382167637 ], [ 586191.958296961616725, 4233952.935158696956933 ], [ 586195.161526743439026, 4233971.697268890216947 ], [ 586210.877327533671632, 4233968.671228570863605 ] ] ] ] } },
{ "type": "Feature", "properties": { "uipfonksiyon": "TİCARET - KONUT ALANI", "nizam": "A", "yanbahce": "4", "taks": "0.4", "kaks": "1.6", "onbahce": "5.5", "katadedi": "4", "yencok": null, "emsal": null, "aream2": 324.46, "facade_front": "1", "facade_side": "0,2", "facade_back": "3", "facade_count": 1, "is_corner": false, "front_direction": "S" }, "geometry": { "type": "MultiPolygon", "coordinates": [ [ [ [ 586210.877327533671632, 4233968.671228570863605 ], [ 586215.809183741919696, 4233994.284922213293612 ], [ 586228.144955797703005, 4233992.054055224172771 ], [ 586222.932020505308174, 4233966.350125914439559 ], [ 586210.877327533671632, 4233968.671228570863605 ] ] ] ] } },
{ "type": "Feature", "properties": { "uipfonksiyon": "TİCARET - KONUT ALANI", "nizam": "A", "yanbahce": "4", "taks": "0.4", "kaks": "1.6", "onbahce": "5.5", "katadedi": "4", "yencok": null, "emsal": null, "aream2": 418.49, "facade_front": "2,3,4,5", "facade_side": "", "facade_back": "0,1", "facade_count": 4, "is_corner": true, "front_direction": "coklu" }, "geometry": { "type": "MultiPolygon", "coordinates": [ [ [ [ 586215.809183741919696, 4233994.284922213293612 ], [ 586210.877327533671632, 4233968.671228570863605 ], [ 586195.161526743439026, 4233971.697268890216947 ], [ 586198.924789099488407, 4233993.739628576673567 ], [ 586200.583190025994554, 4233995.714622831903398 ], [ 586203.005211192648858, 4233996.600461083464324 ], [ 586215.809183741919696, 4233994.284922213293612 ] ] ] ] } },
{ "type": "Feature", "properties": { "uipfonksiyon": "TİCARET - KONUT ALANI", "nizam": "A", "yanbahce": "4", "taks": "0.4", "kaks": "1.6", "onbahce": "5.5", "katadedi": "4", "yencok": null, "emsal": null, "aream2": 578.97, "facade_front": "4,5,6", "facade_side": "", "facade_back": "0,1,2,3,7", "facade_count": 3, "is_corner": true, "front_direction": "coklu" }, "geometry": { "type": "MultiPolygon", "coordinates": [ [ [ [ 586251.210103203775361, 4234015.76301924046129 ], [ 586254.661752698128112, 4234031.386274848133326 ], [ 586272.286398735712282, 4234027.49245769996196 ], [ 586268.76811567961704, 4234011.88392346072942 ], [ 586266.145831026602536, 4234000.250402468256652 ], [ 586263.680517203756608, 4233997.439343072474003 ], [ 586259.227967772283591, 4233997.065350798889995 ], [ 586247.563278162269853, 4233999.256337472237647 ], [ 586251.210103203775361, 4234015.76301924046129 ] ] ] ] } },
{ "type": "Feature", "properties": { "uipfonksiyon": "TİCARET - KONUT ALANI", "nizam": "A", "yanbahce": "4", "taks": "0.4", "kaks": "1.6", "onbahce": "5.5", "katadedi": "4", "yencok": null, "emsal": null, "aream2": 496.34, "facade_front": "0", "facade_side": "1,2,4,5", "facade_back": "3", "facade_count": 1, "is_corner": false, "front_direction": "N" }, "geometry": { "type": "MultiPolygon", "coordinates": [ [ [ [ 586247.563278162269853, 4233999.256337472237647 ], [ 586233.601792333531193, 4234001.878732958808541 ], [ 586236.555646627093665, 4234019.000631740316749 ], [ 586239.278725606156513, 4234034.784850601106882 ], [ 586254.661752698128112, 4234031.386274848133326 ], [ 586251.210103203775361, 4234015.76301924046129 ], [ 586247.563278162269853, 4233999.256337472237647 ] ] ] ] } },
{ "type": "Feature", "properties": { "uipfonksiyon": "TİCARET - KONUT ALANI", "nizam": "A", "yanbahce": "4", "taks": "0.4", "kaks": "1.6", "onbahce": "5.5", "katadedi": "4", "yencok": null, "emsal": null, "aream2": 579.77, "facade_front": "", "facade_side": "", "facade_back": "0,1,2,3,4,5", "facade_count": 0, "is_corner": false, "front_direction": "belirsiz" }, "geometry": { "type": "MultiPolygon", "coordinates": [ [ [ [ 586258.113402192248031, 4234047.009530454874039 ], [ 586261.565051686833613, 4234062.632786062546074 ], [ 586279.322964847786352, 4234058.709526178427041 ], [ 586275.80468179169111, 4234043.100991938263178 ], [ 586272.286398735712282, 4234027.49245769996196 ], [ 586254.661752698128112, 4234031.386274848133326 ], [ 586258.113402192248031, 4234047.009530454874039 ] ] ] ] } },
{ "type": "Feature", "properties": { "uipfonksiyon": "TİCARET - KONUT ALANI", "nizam": "A", "yanbahce": "4", "taks": "0.4", "kaks": "1.6", "onbahce": "5.5", "katadedi": "4", "yencok": null, "emsal": null, "aream2": 528.0, "facade_front": "", "facade_side": "", "facade_back": "0,1,2,3,4,5", "facade_count": 0, "is_corner": false, "front_direction": "belirsiz" }, "geometry": { "type": "MultiPolygon", "coordinates": [ [ [ [ 586254.661752698128112, 4234031.386274848133326 ], [ 586239.278725606156513, 4234034.784850601106882 ], [ 586242.00180458498653, 4234050.569069460965693 ], [ 586244.724883564165793, 4234066.353288322687149 ], [ 586261.565051686833613, 4234062.632786062546074 ], [ 586258.113402192248031, 4234047.009530454874039 ], [ 586254.661752698128112, 4234031.386274848133326 ] ] ] ] } },
{ "type": "Feature", "properties": { "uipfonksiyon": "TİCARET - KONUT ALANI", "nizam": "A", "yanbahce": "4", "taks": "0.4", "kaks": "1.6", "onbahce": "5.5", "katadedi": "4", "yencok": null, "emsal": null, "aream2": 584.14, "facade_front": "", "facade_side": "", "facade_back": "0,1,2,3,4,5", "facade_count": 0, "is_corner": false, "front_direction": "belirsiz" }, "geometry": { "type": "MultiPolygon", "coordinates": [ [ [ [ 586265.016701180953532, 4234078.256041669286788 ], [ 586268.468350675422698, 4234093.879297276958823 ], [ 586286.359530959860422, 4234089.926594655960798 ], [ 586282.841247903765179, 4234074.318060416728258 ], [ 586279.322964847786352, 4234058.709526178427041 ], [ 586261.565051686833613, 4234062.632786062546074 ], [ 586265.016701180953532, 4234078.256041669286788 ] ] ] ] } },
{ "type": "Feature", "properties": { "uipfonksiyon": "TİCARET - KONUT ALANI", "nizam": "A", "yanbahce": "4", "taks": "0.4", "kaks": "1.6", "onbahce": "5.5", "katadedi": "4", "yencok": null, "emsal": null, "aream2": 574.5, "facade_front": "", "facade_side": "", "facade_back": "0,1,2,3,4,5,6,7", "facade_count": 0, "is_corner": false, "front_direction": "belirsiz" }, "geometry": { "type": "MultiPolygon", "coordinates": [ [ [ [ 586261.565051686833613, 4234062.632786062546074 ], [ 586244.724883564165793, 4234066.353288322687149 ], [ 586247.447962543112226, 4234082.13750718254596 ], [ 586248.923262304975651, 4234090.689023501239717 ], [ 586250.261333025759086, 4234096.745554132387042 ], [ 586250.504889770643786, 4234097.847968872636557 ], [ 586268.468350675422698, 4234093.879297276958823 ], [ 586265.016701180953532, 4234078.256041669286788 ], [ 586261.565051686833613, 4234062.632786062546074 ] ] ] ] } },
{ "type": "Feature", "properties": { "uipfonksiyon": "TİCARET - KONUT ALANI", "nizam": "A", "yanbahce": "4", "taks": "0.4", "kaks": "1.6", "onbahce": "5.5", "katadedi": "4", "yencok": null, "emsal": null, "aream2": 314.95, "facade_front": "1", "facade_side": "0,2", "facade_back": "3", "facade_count": 1, "is_corner": false, "front_direction": "S" }, "geometry": { "type": "MultiPolygon", "coordinates": [ [ [ [ 586268.468350675422698, 4234093.879297276958823 ], [ 586272.125798136228696, 4234110.43405946996063 ], [ 586290.175981232314371, 4234106.857919907197356 ], [ 586286.359530959860422, 4234089.926594655960798 ], [ 586268.468350675422698, 4234093.879297276958823 ] ] ] ] } },
{ "type": "Feature", "properties": { "uipfonksiyon": "TİCARET - KONUT ALANI", "nizam": "A", "yanbahce": "4", "taks": "0.4", "kaks": "1.6", "onbahce": "5.5", "katadedi": "4", "yencok": null, "emsal": null, "aream2": 308.2, "facade_front": "3", "facade_side": "0,2", "facade_back": "1", "facade_count": 1, "is_corner": false, "front_direction": "S" }, "geometry": { "type": "MultiPolygon", "coordinates": [ [ [ [ 586272.125798136228696, 4234110.43405946996063 ], [ 586268.468350675422698, 4234093.879297276958823 ], [ 586250.504889770643786, 4234097.847968872636557 ], [ 586254.075615038629621, 4234114.010199032723904 ], [ 586272.125798136228696, 4234110.43405946996063 ] ] ] ] } },
{ "type": "Feature", "properties": { "uipfonksiyon": "YERLEŞİK KONUT ALANI", "nizam": "A", "yanbahce": "4", "taks": "0.4", "kaks": "1.6", "onbahce": "5.5", "katadedi": "4", "yencok": null, "emsal": null, "aream2": 515.78, "facade_front": "0,1,2,3,4", "facade_side": "", "facade_back": "5,6,7", "facade_count": 5, "is_corner": true, "front_direction": "coklu" }, "geometry": { "type": "MultiPolygon", "coordinates": [ [ [ [ 586219.913347934605554, 4234102.717030541040003 ], [ 586222.317183932871558, 4234115.189832082018256 ], [ 586224.497267023543827, 4234117.433445677161217 ], [ 586226.950658423476852, 4234118.000239658169448 ], [ 586237.988708647200838, 4234116.376558948308229 ], [ 586254.075615038629621, 4234114.010199032723904 ], [ 586250.352714945096523, 4234097.159177556633949 ], [ 586234.991952844429761, 4234099.963863260112703 ], [ 586219.913347934605554, 4234102.717030541040003 ] ] ] ] } },
{ "type": "Feature", "properties": { "uipfonksiyon": "YERLEŞİK KONUT ALANI", "nizam": "A", "yanbahce": "4", "taks": "0.4", "kaks": "1.6", "onbahce": "5.5", "katadedi": "4", "yencok": null, "emsal": null, "aream2": 496.58, "facade_front": "0", "facade_side": "1,2,4,5,6", "facade_back": "3", "facade_count": 1, "is_corner": false, "front_direction": "E" }, "geometry": { "type": "MultiPolygon", "coordinates": [ [ [ [ 586216.885303602437489, 4234087.00539462082088 ], [ 586219.913347934605554, 4234102.717030541040003 ], [ 586234.991952844429761, 4234099.963863260112703 ], [ 586250.352714945096523, 4234097.159177556633949 ], [ 586250.261333025759086, 4234096.745554132387042 ], [ 586247.524903638870455, 4234081.410981556400657 ], [ 586232.118062677676789, 4234084.224080691114068 ], [ 586216.885303602437489, 4234087.00539462082088 ] ] ] ] } },
{ "type": "Feature", "properties": { "uipfonksiyon": "YERLEŞİK KONUT ALANI", "nizam": "A", "yanbahce": "4", "taks": "0.4", "kaks": "1.6", "onbahce": "5.5", "katadedi": "4", "yencok": null, "emsal": null, "aream2": 500.11, "facade_front": "0", "facade_side": "1,2,4,5", "facade_back": "3", "facade_count": 1, "is_corner": false, "front_direction": "E" }, "geometry": { "type": "MultiPolygon", "coordinates": [ [ [ [ 586213.857259270153008, 4234071.293758701533079 ], [ 586216.885303602437489, 4234087.00539462082088 ], [ 586232.118062677676789, 4234084.224080691114068 ], [ 586247.524903638870455, 4234081.410981556400657 ], [ 586244.714109371532686, 4234065.659678453579545 ], [ 586229.244172510923818, 4234068.484298122115433 ], [ 586213.857259270153008, 4234071.293758701533079 ] ] ] ] } },
{ "type": "Feature", "properties": { "uipfonksiyon": "YERLEŞİK KONUT ALANI", "nizam": "A", "yanbahce": "4", "taks": "0.4", "kaks": "1.6", "onbahce": "5.5", "katadedi": "4", "yencok": null, "emsal": null, "aream2": 503.64, "facade_front": "0", "facade_side": "1,2,4,5", "facade_back": "3", "facade_count": 1, "is_corner": false, "front_direction": "E" }, "geometry": { "type": "MultiPolygon", "coordinates": [ [ [ [ 586210.829214938101359, 4234055.582122782245278 ], [ 586213.857259270153008, 4234071.293758701533079 ], [ 586229.244172510923818, 4234068.484298122115433 ], [ 586244.714109371532686, 4234065.659678453579545 ], [ 586241.903315104311332, 4234049.908375352621078 ], [ 586226.370282344287261, 4234052.744515554048121 ], [ 586210.829214938101359, 4234055.582122782245278 ] ] ] ] } },
{ "type": "Feature", "properties": { "uipfonksiyon": "YERLEŞİK KONUT ALANI", "nizam": "A", "yanbahce": "4", "taks": "0.4", "kaks": "1.6", "onbahce": "5.5", "katadedi": "4", "yencok": null, "emsal": null, "aream2": 507.68, "facade_front": "0", "facade_side": "1,2,4,5,6", "facade_back": "3", "facade_count": 1, "is_corner": false, "front_direction": "E" }, "geometry": { "type": "MultiPolygon", "coordinates": [ [ [ [ 586207.801170605933294, 4234039.870486862957478 ], [ 586210.829214938101359, 4234055.582122782245278 ], [ 586226.370282344287261, 4234052.744515554048121 ], [ 586241.903315104311332, 4234049.908375352621078 ], [ 586241.437039968790486, 4234047.295433852821589 ], [ 586239.168042925419286, 4234034.143282849341631 ], [ 586223.49639217753429, 4234037.004732985049486 ], [ 586207.801170605933294, 4234039.870486862957478 ] ] ] ] } },
{ "type": "Feature", "properties": { "uipfonksiyon": "YERLEŞİK KONUT ALANI", "nizam": "A", "yanbahce": "4", "taks": "0.4", "kaks": "1.6", "onbahce": "5.5", "katadedi": "4", "yencok": null, "emsal": null, "aream2": 529.77, "facade_front": "2,3,4,5,6", "facade_side": "", "facade_back": "0,1,7", "facade_count": 5, "is_corner": true, "front_direction": "coklu" }, "geometry": { "type": "MultiPolygon", "coordinates": [ [ [ [ 586223.49639217753429, 4234037.004732985049486 ], [ 586220.622502010781318, 4234021.264950416050851 ], [ 586217.562714544939809, 4234004.507041580043733 ], [ 586206.12015094270464, 4234006.382123736664653 ], [ 586203.288527099764906, 4234007.927203926257789 ], [ 586202.088866652338766, 4234010.231013284064829 ], [ 586204.773126273648813, 4234024.158850942738354 ], [ 586207.801170605933294, 4234039.870486862957478 ], [ 586223.49639217753429, 4234037.004732985049486 ] ] ] ] } },
{ "type": "Feature", "properties": { "uipfonksiyon": "YERLEŞİK KONUT ALANI", "nizam": "A", "yanbahce": "4", "taks": "0.4", "kaks": "1.6", "onbahce": "5.5", "katadedi": "4", "yencok": null, "emsal": null, "aream2": 529.2, "facade_front": "2", "facade_side": "0,1,3,4", "facade_back": "5", "facade_count": 1, "is_corner": false, "front_direction": "N" }, "geometry": { "type": "MultiPolygon", "coordinates": [ [ [ [ 586239.168042925419286, 4234034.143282849341631 ], [ 586236.44779048813507, 4234018.375447925180197 ], [ 586233.601792333531193, 4234001.878732958808541 ], [ 586217.562714544939809, 4234004.507041580043733 ], [ 586220.622502010781318, 4234021.264950416050851 ], [ 586223.49639217753429, 4234037.004732985049486 ], [ 586239.168042925419286, 4234034.143282849341631 ] ] ] ] } },
{ "type": "Feature", "properties": { "uipfonksiyon": "PARK", "nizam": null, "yanbahce": "3", "taks": null, "kaks": null, "onbahce": null, "katadedi": null, "yencok": null, "emsal": null, "aream2": 344.06, "facade_front": "3,4,5", "facade_side": "", "facade_back": "0,1,2,6,7,8", "facade_count": 3, "is_corner": true, "front_direction": "S" }, "geometry": { "type": "MultiPolygon", "coordinates": [ [ [ [ 586196.43611172423698, 4234166.986747861839831 ], [ 586199.605079095577821, 4234189.482624921016395 ], [ 586200.133863635361195, 4234190.710868977941573 ], [ 586202.051562673295848, 4234192.540434701368213 ], [ 586203.490056714974344, 4234192.870249099098146 ], [ 586204.634978663409129, 4234193.132754004560411 ], [ 586213.070490770158358, 4234191.624717907980084 ], [ 586209.215388124692254, 4234165.127481432631612 ], [ 586198.90482945390977, 4234166.627572283148766 ], [ 586196.43611172423698, 4234166.986747861839831 ] ] ] ] } },
{ "type": "Feature", "properties": { "uipfonksiyon": "PARK", "nizam": null, "yanbahce": "3", "taks": null, "kaks": null, "onbahce": null, "katadedi": null, "yencok": null, "emsal": null, "aream2": 321.14, "facade_front": "1,2,3,4,5", "facade_side": "", "facade_back": "0,6", "facade_count": 5, "is_corner": true, "front_direction": "coklu" }, "geometry": { "type": "MultiPolygon", "coordinates": [ [ [ [ 586209.215388124692254, 4234165.127481432631612 ], [ 586213.070490770158358, 4234191.624717907980084 ], [ 586221.791050708852708, 4234190.065723149105906 ], [ 586224.389152718591504, 4234188.138817240484059 ], [ 586225.264006090932526, 4234185.024699064902961 ], [ 586221.363902735407464, 4234166.166452505625784 ], [ 586217.674300691694953, 4234163.896787950769067 ], [ 586209.215388124692254, 4234165.127481432631612 ] ] ] ] } },
{ "type": "Feature", "properties": { "uipfonksiyon": "YERLEŞİK KONUT ALANI", "nizam": "A", "yanbahce": "4", "taks": "0.4", "kaks": "1.6", "onbahce": "5.5", "katadedi": "4", "yencok": null, "emsal": null, "aream2": 640.88, "facade_front": "2,3,4,5,6", "facade_side": "", "facade_back": "0,1", "facade_count": 5, "is_corner": true, "front_direction": "coklu" }, "geometry": { "type": "MultiPolygon", "coordinates": [ [ [ [ 586098.338681126595475, 4234180.774150055833161 ], [ 586119.518043205491267, 4234177.073605746030807 ], [ 586114.28098430566024, 4234147.10029442422092 ], [ 586096.818476921413094, 4234150.337862738408148 ], [ 586094.842487779445946, 4234151.993091949261725 ], [ 586093.953567357966676, 4234154.412624407559633 ], [ 586096.289576970622875, 4234167.190372979268432 ], [ 586098.338681126595475, 4234180.774150055833161 ] ] ] ] } },
{ "type": "Feature", "properties": { "uipfonksiyon": "YERLEŞİK KONUT ALANI", "nizam": "A", "yanbahce": "4", "taks": "0.4", "kaks": "1.6", "onbahce": "5.5", "katadedi": "4", "yencok": null, "emsal": null, "aream2": 660.61, "facade_front": "1,2,3,4,5,6", "facade_side": "", "facade_back": "0,7", "facade_count": 6, "is_corner": true, "front_direction": "coklu" }, "geometry": { "type": "MultiPolygon", "coordinates": [ [ [ [ 586119.518043205491267, 4234177.073605746030807 ], [ 586098.338681126595475, 4234180.774150055833161 ], [ 586100.767711624852382, 4234196.876508106477559 ], [ 586102.379590724012814, 4234206.947472390718758 ], [ 586103.757541331928223, 4234209.181206356734037 ], [ 586106.077066858881153, 4234210.409260363318026 ], [ 586118.39215783867985, 4234208.174555592238903 ], [ 586124.756176166236401, 4234207.053064250387251 ], [ 586119.518043205491267, 4234177.073605746030807 ] ] ] ] } },
{ "type": "Feature", "properties": { "uipfonksiyon": "YERLEŞİK KONUT ALANI", "nizam": "A", "yanbahce": "4", "taks": "0.4", "kaks": "1.6", "onbahce": "5.5", "katadedi": "4", "yencok": null, "emsal": null, "aream2": 487.49, "facade_front": "2,3", "facade_side": "", "facade_back": "0,1,4", "facade_count": 2, "is_corner": true, "front_direction": "N" }, "geometry": { "type": "MultiPolygon", "coordinates": [ [ [ [ 586119.518043205491267, 4234177.073605746030807 ], [ 586135.279268577927724, 4234174.319740324281156 ], [ 586130.048749520094134, 4234144.383858545683324 ], [ 586123.538319883286022, 4234145.38397409953177 ], [ 586114.28098430566024, 4234147.10029442422092 ], [ 586119.518043205491267, 4234177.073605746030807 ] ] ] ] } },
{ "type": "Feature", "properties": { "uipfonksiyon": "YERLEŞİK KONUT ALANI", "nizam": "A", "yanbahce": "4", "taks": "0.4", "kaks": "1.6", "onbahce": "5.5", "katadedi": "4", "yencok": null, "emsal": null, "aream2": 486.75, "facade_front": "2", "facade_side": "1,3", "facade_back": "0", "facade_count": 1, "is_corner": false, "front_direction": "S" }, "geometry": { "type": "MultiPolygon", "coordinates": [ [ [ [ 586135.279268577927724, 4234174.319740324281156 ], [ 586119.518043205491267, 4234177.073605746030807 ], [ 586124.756176166236401, 4234207.053064250387251 ], [ 586140.513394911540672, 4234204.276267660781741 ], [ 586135.279268577927724, 4234174.319740324281156 ] ] ] ] } },
{ "type": "Feature", "properties": { "uipfonksiyon": "YERLEŞİK KONUT ALANI", "nizam": "A", "yanbahce": "4", "taks": "0.4", "kaks": "1.6", "onbahce": "5.5", "katadedi": "4", "yencok": null, "emsal": null, "aream2": 483.6, "facade_front": "2", "facade_side": "1,3", "facade_back": "0", "facade_count": 1, "is_corner": false, "front_direction": "N" }, "geometry": { "type": "MultiPolygon", "coordinates": [ [ [ [ 586135.279268577927724, 4234174.319740324281156 ], [ 586151.040493950480595, 4234171.565874903462827 ], [ 586145.866580370115116, 4234141.953963817097247 ], [ 586130.048749520094134, 4234144.383858545683324 ], [ 586135.279268577927724, 4234174.319740324281156 ] ] ] ] } },
{ "type": "Feature", "properties": { "uipfonksiyon": "YERLEŞİK KONUT ALANI", "nizam": "A", "yanbahce": "4", "taks": "0.4", "kaks": "1.6", "onbahce": "5.5", "katadedi": "4", "yencok": null, "emsal": null, "aream2": 486.65, "facade_front": "2,3", "facade_side": "", "facade_back": "0,1,4", "facade_count": 2, "is_corner": true, "front_direction": "S" }, "geometry": { "type": "MultiPolygon", "coordinates": [ [ [ [ 586151.040493950480595, 4234171.565874903462827 ], [ 586135.279268577927724, 4234174.319740324281156 ], [ 586140.513394911540672, 4234204.276267660781741 ], [ 586144.863423032220453, 4234203.509689278900623 ], [ 586156.278536868863739, 4234201.544818068854511 ], [ 586151.040493950480595, 4234171.565874903462827 ] ] ] ] } },
{ "type": "Feature", "properties": { "uipfonksiyon": "YERLEŞİK KONUT ALANI", "nizam": "A", "yanbahce": "4", "taks": "0.4", "kaks": "1.6", "onbahce": "5.5", "katadedi": "4", "yencok": null, "emsal": null, "aream2": 478.34, "facade_front": "2,3", "facade_side": "", "facade_back": "0,1,4", "facade_count": 2, "is_corner": true, "front_direction": "N" }, "geometry": { "type": "MultiPolygon", "coordinates": [ [ [ [ 586151.040493950480595, 4234171.565874903462827 ], [ 586166.801719322917052, 4234168.812009482644498 ], [ 586161.683756635175087, 4234139.520322696305811 ], [ 586160.894273142563179, 4234139.645448079332709 ], [ 586145.866580370115116, 4234141.953963817097247 ], [ 586151.040493950480595, 4234171.565874903462827 ] ] ] ] } },
{ "type": "Feature", "properties": { "uipfonksiyon": "YERLEŞİK KONUT ALANI", "nizam": "A", "yanbahce": "4", "taks": "0.4", "kaks": "1.6", "onbahce": "5.5", "katadedi": "4", "yencok": null, "emsal": null, "aream2": 487.25, "facade_front": "2", "facade_side": "1,3", "facade_back": "0", "facade_count": 1, "is_corner": false, "front_direction": "S" }, "geometry": { "type": "MultiPolygon", "coordinates": [ [ [ [ 586166.801719322917052, 4234168.812009482644498 ], [ 586151.040493950480595, 4234171.565874903462827 ], [ 586156.278536868863739, 4234201.544818068854511 ], [ 586172.046700270730071, 4234198.830661139450967 ], [ 586166.801719322917052, 4234168.812009482644498 ] ] ] ] } },
{ "type": "Feature", "properties": { "uipfonksiyon": "YERLEŞİK KONUT ALANI", "nizam": "A", "yanbahce": "4", "taks": "0.4", "kaks": "1.6", "onbahce": "5.5", "katadedi": "4", "yencok": null, "emsal": null, "aream2": 473.75, "facade_front": "1", "facade_side": "0,2", "facade_back": "3", "facade_count": 1, "is_corner": false, "front_direction": "N" }, "geometry": { "type": "MultiPolygon", "coordinates": [ [ [ [ 586182.562944695469923, 4234166.058144060894847 ], [ 586177.488483304274268, 4234137.015428679063916 ], [ 586161.683756635175087, 4234139.520322696305811 ], [ 586166.801719322917052, 4234168.812009482644498 ], [ 586182.562944695469923, 4234166.058144060894847 ] ] ] ] } },
{ "type": "Feature", "properties": { "uipfonksiyon": "YERLEŞİK KONUT ALANI", "nizam": "A", "yanbahce": "4", "taks": "0.4", "kaks": "1.6", "onbahce": "5.5", "katadedi": "4", "yencok": null, "emsal": null, "aream2": 466.64, "facade_front": "5", "facade_side": "0,2,3,4", "facade_back": "1", "facade_count": 1, "is_corner": false, "front_direction": "N" }, "geometry": { "type": "MultiPolygon", "coordinates": [ [ [ [ 586177.488483304274268, 4234137.015428679063916 ], [ 586182.562944695469923, 4234166.058144060894847 ], [ 586192.631442826590501, 4234164.298935104161501 ], [ 586193.146574498852715, 4234163.60703500919044 ], [ 586198.234335251851007, 4234162.790126143023372 ], [ 586193.293209973257035, 4234134.510534661822021 ], [ 586177.488483304274268, 4234137.015428679063916 ] ] ] ] } },
{ "type": "Feature", "properties": { "uipfonksiyon": "YERLEŞİK KONUT ALANI", "nizam": "A", "yanbahce": "4", "taks": "0.4", "kaks": "1.6", "onbahce": "5.5", "katadedi": "4", "yencok": null, "emsal": null, "aream2": 487.9, "facade_front": "3", "facade_side": "0,2", "facade_back": "1", "facade_count": 1, "is_corner": false, "front_direction": "S" }, "geometry": { "type": "MultiPolygon", "coordinates": [ [ [ [ 586187.814863672596402, 4234196.116504210978746 ], [ 586182.562944695469923, 4234166.058144060894847 ], [ 586166.801719322917052, 4234168.812009482644498 ], [ 586172.046700270730071, 4234198.830661139450967 ], [ 586187.814863672596402, 4234196.116504210978746 ] ] ] ] } },
{ "type": "Feature", "properties": { "uipfonksiyon": "YERLEŞİK KONUT ALANI", "nizam": "A", "yanbahce": "4", "taks": "0.4", "kaks": "1.6", "onbahce": "5.5", "katadedi": "4", "yencok": null, "emsal": null, "aream2": 271.48, "facade_front": "1,2", "facade_side": "", "facade_back": "0,3,4,5,6", "facade_count": 2, "is_corner": true, "front_direction": "coklu" }, "geometry": { "type": "MultiPolygon", "coordinates": [ [ [ [ 586182.562944695469923, 4234166.058144060894847 ], [ 586187.814863672596402, 4234196.116504210978746 ], [ 586192.128968973876908, 4234195.373921927064657 ], [ 586193.802857947186567, 4234194.467759809456766 ], [ 586195.594868474174291, 4234191.188159293495119 ], [ 586192.240319527336396, 4234164.824273115023971 ], [ 586192.631442826590501, 4234164.298935104161501 ], [ 586182.562944695469923, 4234166.058144060894847 ] ] ] ] } },
{ "type": "Feature", "properties": { "uipfonksiyon": "YERLEŞİK KONUT ALANI", "nizam": "A", "yanbahce": "4", "taks": "0.4", "kaks": "1.6", "onbahce": "5.5", "katadedi": "4", "yencok": null, "emsal": null, "aream2": 620.5, "facade_front": "2,3,4,5,6,7", "facade_side": "", "facade_back": "0,1", "facade_count": 6, "is_corner": true, "front_direction": "coklu" }, "geometry": { "type": "MultiPolygon", "coordinates": [ [ [ [ 586193.293209973257035, 4234134.510534661822021 ], [ 586198.234335251851007, 4234162.790126143023372 ], [ 586215.309513923595659, 4234160.048475046642125 ], [ 586217.723635657341219, 4234158.970013862475753 ], [ 586219.435585027444176, 4234156.168907669372857 ], [ 586215.580237136106007, 4234134.5670568915084 ], [ 586213.400577473570593, 4234132.292674900963902 ], [ 586210.931418125866912, 4234131.715051828883588 ], [ 586193.293209973257035, 4234134.510534661822021 ] ] ] ] } },
{ "type": "Feature", "properties": { "uipfonksiyon": "TİCARET - KONUT ALANI", "nizam": "A", "yanbahce": "4", "taks": "0.4", "kaks": "1.6", "onbahce": "5.5", "katadedi": "4", "yencok": null, "emsal": null, "aream2": 367.91, "facade_front": "3", "facade_side": "0,2", "facade_back": "1", "facade_count": 1, "is_corner": false, "front_direction": "N" }, "geometry": { "type": "MultiPolygon", "coordinates": [ [ [ [ 586275.649770824005827, 4234121.101856193505228 ], [ 586279.88885057088919, 4234142.629832341335714 ], [ 586296.446262552635744, 4234139.369507761672139 ], [ 586292.325030397740193, 4234118.172253929078579 ], [ 586275.649770824005827, 4234121.101856193505228 ] ] ] ] } },
{ "type": "Feature", "properties": { "uipfonksiyon": "TİCARET - KONUT ALANI", "nizam": "A", "yanbahce": "4", "taks": "0.4", "kaks": "1.6", "onbahce": "5.5", "katadedi": "4", "yencok": null, "emsal": null, "aream2": 368.38, "facade_front": "1", "facade_side": "0,2", "facade_back": "3", "facade_count": 1, "is_corner": false, "front_direction": "N" }, "geometry": { "type": "MultiPolygon", "coordinates": [ [ [ [ 586279.88885057088919, 4234142.629832341335714 ], [ 586275.649770824005827, 4234121.101856193505228 ], [ 586258.974511249340139, 4234124.031458457931876 ], [ 586263.805921962950379, 4234145.796726268716156 ], [ 586279.88885057088919, 4234142.629832341335714 ] ] ] ] } },
{ "type": "Feature", "properties": { "uipfonksiyon": "TİCARET - KONUT ALANI", "nizam": "A", "yanbahce": "4", "taks": "0.4", "kaks": "1.6", "onbahce": "5.5", "katadedi": "4", "yencok": null, "emsal": null, "aream2": 538.78, "facade_front": "", "facade_side": "", "facade_back": "0,1,2,3,4,5", "facade_count": 0, "is_corner": false, "front_direction": "belirsiz" }, "geometry": { "type": "MultiPolygon", "coordinates": [ [ [ [ 586282.980056245694868, 4234158.328381557017565 ], [ 586286.071261920500547, 4234174.026930772699416 ], [ 586302.553457918344066, 4234170.781416993588209 ], [ 586299.499860235489905, 4234155.075462377630174 ], [ 586296.446262552635744, 4234139.369507761672139 ], [ 586279.88885057088919, 4234142.629832341335714 ], [ 586282.980056245694868, 4234158.328381557017565 ] ] ] ] } },
{ "type": "Feature", "properties": { "uipfonksiyon": "TİCARET - KONUT ALANI", "nizam": "A", "yanbahce": "4", "taks": "0.4", "kaks": "1.6", "onbahce": "5.5", "katadedi": "4", "yencok": null, "emsal": null, "aream2": 512.24, "facade_front": "", "facade_side": "", "facade_back": "0,1,2,3,4,5", "facade_count": 0, "is_corner": false, "front_direction": "belirsiz" }, "geometry": { "type": "MultiPolygon", "coordinates": [ [ [ [ 586279.88885057088919, 4234142.629832341335714 ], [ 586263.805921962950379, 4234145.796726268716156 ], [ 586267.27417398779653, 4234161.42103118263185 ], [ 586270.742426012759097, 4234177.045336097478867 ], [ 586286.071261920500547, 4234174.026930772699416 ], [ 586282.980056245694868, 4234158.328381557017565 ], [ 586279.88885057088919, 4234142.629832341335714 ] ] ] ] } },
{ "type": "Feature", "properties": { "uipfonksiyon": "TİCARET - KONUT ALANI", "nizam": "A", "yanbahce": "4", "taks": "0.4", "kaks": "1.6", "onbahce": "5.5", "katadedi": "4", "yencok": null, "emsal": null, "aream2": 536.33, "facade_front": "", "facade_side": "", "facade_back": "0,1,2,3,4,5", "facade_count": 0, "is_corner": false, "front_direction": "belirsiz" }, "geometry": { "type": "MultiPolygon", "coordinates": [ [ [ [ 586289.162467595306225, 4234189.725479988381267 ], [ 586292.253673270111904, 4234205.424029204063118 ], [ 586308.660653283935972, 4234202.193326224572957 ], [ 586305.607055601081811, 4234186.487371609546244 ], [ 586302.553457918344066, 4234170.781416993588209 ], [ 586286.071261920500547, 4234174.026930772699416 ], [ 586289.162467595306225, 4234189.725479988381267 ] ] ] ] } },
{ "type": "Feature", "properties": { "uipfonksiyon": "TİCARET - KONUT ALANI", "nizam": "A", "yanbahce": "4", "taks": "0.4", "kaks": "1.6", "onbahce": "5.5", "katadedi": "4", "yencok": null, "emsal": null, "aream2": 487.64, "facade_front": "", "facade_side": "", "facade_back": "0,1,2,3,4,5", "facade_count": 0, "is_corner": false, "front_direction": "belirsiz" }, "geometry": { "type": "MultiPolygon", "coordinates": [ [ [ [ 586286.071261920500547, 4234174.026930772699416 ], [ 586270.742426012759097, 4234177.045336097478867 ], [ 586274.210678037605248, 4234192.66964101139456 ], [ 586277.678930062567815, 4234208.293945926241577 ], [ 586292.253673270111904, 4234205.424029204063118 ], [ 586289.162467595306225, 4234189.725479988381267 ], [ 586286.071261920500547, 4234174.026930772699416 ] ] ] ] } },
{ "type": "Feature", "properties": { "uipfonksiyon": "TİCARET - KONUT ALANI", "nizam": "A", "yanbahce": "4", "taks": "0.4", "kaks": "1.6", "onbahce": "5.5", "katadedi": "4", "yencok": null, "emsal": null, "aream2": 635.41, "facade_front": "1,2,3", "facade_side": "", "facade_back": "0,4,5,6,7,8", "facade_count": 3, "is_corner": true, "front_direction": "coklu" }, "geometry": { "type": "MultiPolygon", "coordinates": [ [ [ [ 586295.344878945033997, 4234221.122578419744968 ], [ 586299.556436822749674, 4234242.510785991325974 ], [ 586310.947472904343158, 4234240.495415048673749 ], [ 586314.180781317874789, 4234240.130217897705734 ], [ 586315.802169190603308, 4234237.399849095381796 ], [ 586311.764094994170591, 4234217.889466039836407 ], [ 586310.910450155846775, 4234213.764990613795817 ], [ 586308.660653283935972, 4234202.193326224572957 ], [ 586292.253673270111904, 4234205.424029204063118 ], [ 586295.344878945033997, 4234221.122578419744968 ] ] ] ] } },
{ "type": "Feature", "properties": { "uipfonksiyon": "TİCARET - KONUT ALANI", "nizam": "A", "yanbahce": "4", "taks": "0.4", "kaks": "1.6", "onbahce": "5.5", "katadedi": "4", "yencok": null, "emsal": null, "aream2": 542.45, "facade_front": "3", "facade_side": "1,2,4,5", "facade_back": "0", "facade_count": 1, "is_corner": false, "front_direction": "S" }, "geometry": { "type": "MultiPolygon", "coordinates": [ [ [ [ 586292.253673270111904, 4234205.424029204063118 ], [ 586277.678930062567815, 4234208.293945926241577 ], [ 586281.147182087530382, 4234223.918250841088593 ], [ 586285.814030926092528, 4234244.942175491712987 ], [ 586299.556436822749674, 4234242.510785991325974 ], [ 586295.344878945033997, 4234221.122578419744968 ], [ 586292.253673270111904, 4234205.424029204063118 ] ] ] ] } },
{ "type": "Feature", "properties": { "uipfonksiyon": "YERLEŞİK KONUT ALANI", "nizam": "A", "yanbahce": "4", "taks": "0.4", "kaks": "1.6", "onbahce": "5.5", "katadedi": "4", "yencok": null, "emsal": null, "aream2": 413.48, "facade_front": "1,2,3,4", "facade_side": "", "facade_back": "0,5", "facade_count": 4, "is_corner": true, "front_direction": "coklu" }, "geometry": { "type": "MultiPolygon", "coordinates": [ [ [ [ 586262.992248250171542, 4234226.650961722247303 ], [ 586244.379027169081382, 4234230.232373840175569 ], [ 586247.959013311425224, 4234248.838183880783617 ], [ 586250.456530626164749, 4234250.817078961990774 ], [ 586255.452865648316219, 4234250.611437214538455 ], [ 586267.181156145525165, 4234248.42144391965121 ], [ 586262.992248250171542, 4234226.650961722247303 ] ] ] ] } },
{ "type": "Feature", "properties": { "uipfonksiyon": "YERLEŞİK KONUT ALANI", "nizam": "A", "yanbahce": "4", "taks": "0.4", "kaks": "1.6", "onbahce": "5.5", "katadedi": "4", "yencok": null, "emsal": null, "aream2": 303.27, "facade_front": "3", "facade_side": "0,2", "facade_back": "1", "facade_count": 1, "is_corner": false, "front_direction": "E" }, "geometry": { "type": "MultiPolygon", "coordinates": [ [ [ [ 586244.379027169081382, 4234230.232373840175569 ], [ 586262.992248250171542, 4234226.650961722247303 ], [ 586259.969105464406312, 4234210.93916336260736 ], [ 586241.355884383316152, 4234214.520575480535626 ], [ 586244.379027169081382, 4234230.232373840175569 ] ] ] ] } },
{ "type": "Feature", "properties": { "uipfonksiyon": "YERLEŞİK KONUT ALANI", "nizam": "A", "yanbahce": "4", "taks": "0.4", "kaks": "1.6", "onbahce": "5.5", "katadedi": "4", "yencok": null, "emsal": null, "aream2": 303.27, "facade_front": "3", "facade_side": "0,2", "facade_back": "1", "facade_count": 1, "is_corner": false, "front_direction": "E" }, "geometry": { "type": "MultiPolygon", "coordinates": [ [ [ [ 586241.355884383316152, 4234214.520575480535626 ], [ 586259.969105464406312, 4234210.93916336260736 ], [ 586256.945962678524666, 4234195.227365002967417 ], [ 586238.332741597434506, 4234198.808777120895684 ], [ 586241.355884383316152, 4234214.520575480535626 ] ] ] ] } },
{ "type": "Feature", "properties": { "uipfonksiyon": "YERLEŞİK KONUT ALANI", "nizam": "A", "yanbahce": "4", "taks": "0.4", "kaks": "1.6", "onbahce": "5.5", "katadedi": "4", "yencok": null, "emsal": null, "aream2": 303.27, "facade_front": "3", "facade_side": "0,2", "facade_back": "1", "facade_count": 1, "is_corner": false, "front_direction": "E" }, "geometry": { "type": "MultiPolygon", "coordinates": [ [ [ [ 586238.332741597434506, 4234198.808777120895684 ], [ 586256.945962678524666, 4234195.227365002967417 ], [ 586253.922819892759435, 4234179.515566643327475 ], [ 586235.309598811669275, 4234183.096978761255741 ], [ 586238.332741597434506, 4234198.808777120895684 ] ] ] ] } },
{ "type": "Feature", "properties": { "uipfonksiyon": "YERLEŞİK KONUT ALANI", "nizam": "A", "yanbahce": "4", "taks": "0.4", "kaks": "1.6", "onbahce": "5.5", "katadedi": "4", "yencok": null, "emsal": null, "aream2": 303.27, "facade_front": "3", "facade_side": "0,2", "facade_back": "1", "facade_count": 1, "is_corner": false, "front_direction": "E" }, "geometry": { "type": "MultiPolygon", "coordinates": [ [ [ [ 586235.309598811669275, 4234183.096978761255741 ], [ 586253.922819892759435, 4234179.515566643327475 ], [ 586250.899677106994204, 4234163.803768283687532 ], [ 586232.286456025787629, 4234167.385180401615798 ], [ 586235.309598811669275, 4234183.096978761255741 ] ] ] ] } },
{ "type": "Feature", "properties": { "uipfonksiyon": "YERLEŞİK KONUT ALANI", "nizam": "A", "yanbahce": "4", "taks": "0.4", "kaks": "1.6", "onbahce": "5.5", "katadedi": "4", "yencok": null, "emsal": null, "aream2": 303.27, "facade_front": "3", "facade_side": "0,2", "facade_back": "1", "facade_count": 1, "is_corner": false, "front_direction": "E" }, "geometry": { "type": "MultiPolygon", "coordinates": [ [ [ [ 586232.286456025787629, 4234167.385180401615798 ], [ 586250.899677106994204, 4234163.803768283687532 ], [ 586247.876534321228974, 4234148.091969924047589 ], [ 586229.263313240022399, 4234151.673382041975856 ], [ 586232.286456025787629, 4234167.385180401615798 ] ] ] ] } },
{ "type": "Feature", "properties": { "uipfonksiyon": "YERLEŞİK KONUT ALANI", "nizam": "A", "yanbahce": "4", "taks": "0.4", "kaks": "1.6", "onbahce": "5.5", "katadedi": "4", "yencok": null, "emsal": null, "aream2": 413.33, "facade_front": "2,3,4,5", "facade_side": "", "facade_back": "0,1", "facade_count": 4, "is_corner": true, "front_direction": "coklu" }, "geometry": { "type": "MultiPolygon", "coordinates": [ [ [ [ 586229.263313240022399, 4234151.673382041975856 ], [ 586247.876534321228974, 4234148.091969924047589 ], [ 586243.722180234384723, 4234126.501069873571396 ], [ 586234.141813759226352, 4234128.052293905988336 ], [ 586227.656067240284756, 4234129.76983532961458 ], [ 586225.842881674412638, 4234133.896804860793054 ], [ 586229.263313240022399, 4234151.673382041975856 ] ] ] ] } },
{ "type": "Feature", "properties": { "uipfonksiyon": "YERLEŞİK KONUT ALANI", "nizam": "A", "yanbahce": "4", "taks": "0.4", "kaks": "1.6", "onbahce": "5.5", "katadedi": "4", "yencok": null, "emsal": null, "aream2": 414.17, "facade_front": "2", "facade_side": "1,3", "facade_back": "0", "facade_count": 1, "is_corner": false, "front_direction": "S" }, "geometry": { "type": "MultiPolygon", "coordinates": [ [ [ [ 586280.985278243315406, 4234223.188881979323924 ], [ 586262.992248250171542, 4234226.650961722247303 ], [ 586267.181156145525165, 4234248.42144391965121 ], [ 586285.814030926092528, 4234244.942175491712987 ], [ 586280.985278243315406, 4234223.188881979323924 ] ] ] ] } },
{ "type": "Feature", "properties": { "uipfonksiyon": "YERLEŞİK KONUT ALANI", "nizam": "A", "yanbahce": "4", "taks": "0.4", "kaks": "1.6", "onbahce": "5.5", "katadedi": "4", "yencok": null, "emsal": null, "aream2": 571.82, "facade_front": "", "facade_side": "", "facade_back": "0,1,2,3,4,5", "facade_count": 0, "is_corner": false, "front_direction": "belirsiz" }, "geometry": { "type": "MultiPolygon", "coordinates": [ [ [ [ 586280.985278243315406, 4234223.188881979323924 ], [ 586277.516632600454614, 4234207.562803835608065 ], [ 586274.047986957710236, 4234191.936725691892207 ], [ 586256.945962678524666, 4234195.227365002967417 ], [ 586259.969105464406312, 4234210.93916336260736 ], [ 586262.992248250171542, 4234226.650961722247303 ], [ 586280.985278243315406, 4234223.188881979323924 ] ] ] ] } },
{ "type": "Feature", "properties": { "uipfonksiyon": "YERLEŞİK KONUT ALANI", "nizam": "A", "yanbahce": "4", "taks": "0.4", "kaks": "1.6", "onbahce": "5.5", "katadedi": "4", "yencok": null, "emsal": null, "aream2": 542.79, "facade_front": "", "facade_side": "", "facade_back": "0,1,2,3,4,5", "facade_count": 0, "is_corner": false, "front_direction": "belirsiz" }, "geometry": { "type": "MultiPolygon", "coordinates": [ [ [ [ 586274.047986957710236, 4234191.936725691892207 ], [ 586270.579341314965859, 4234176.310647548176348 ], [ 586267.110695672105066, 4234160.68456940446049 ], [ 586250.899677106994204, 4234163.803768283687532 ], [ 586253.922819892759435, 4234179.515566643327475 ], [ 586256.945962678524666, 4234195.227365002967417 ], [ 586274.047986957710236, 4234191.936725691892207 ] ] ] ] } },
{ "type": "Feature", "properties": { "uipfonksiyon": "YERLEŞİK KONUT ALANI", "nizam": "A", "yanbahce": "4", "taks": "0.4", "kaks": "1.6", "onbahce": "5.5", "katadedi": "4", "yencok": null, "emsal": null, "aream2": 603.12, "facade_front": "2", "facade_side": "0,1,3,4", "facade_back": "5", "facade_count": 1, "is_corner": false, "front_direction": "N" }, "geometry": { "type": "MultiPolygon", "coordinates": [ [ [ [ 586267.110695672105066, 4234160.68456940446049 ], [ 586263.642050029244274, 4234145.058491260744631 ], [ 586258.974511249340139, 4234124.031458457931876 ], [ 586243.722180234384723, 4234126.501069873571396 ], [ 586247.876534321228974, 4234148.091969924047589 ], [ 586250.899677106994204, 4234163.803768283687532 ], [ 586267.110695672105066, 4234160.68456940446049 ] ] ] ] } },
{ "type": "Feature", "properties": { "uipfonksiyon": "YERLEŞİK KONUT ALANI", "nizam": "A", "yanbahce": "4", "taks": "0.4", "kaks": "1.6", "onbahce": "5.5", "katadedi": "4", "yencok": null, "emsal": null, "aream2": 629.21, "facade_front": "2,3,4,5,6", "facade_side": "", "facade_back": "0,1", "facade_count": 5, "is_corner": true, "front_direction": "coklu" }, "geometry": { "type": "MultiPolygon", "coordinates": [ [ [ [ 586109.428401675773785, 4234248.610969575121999 ], [ 586131.964901317376643, 4234244.522572280839086 ], [ 586127.012421272927895, 4234217.222983540035784 ], [ 586122.465283011901192, 4234218.034383448772132 ], [ 586109.370822590542957, 4234220.376527775079012 ], [ 586105.841137620038353, 4234222.942242519930005 ], [ 586105.310650236788206, 4234226.06730514857918 ], [ 586109.428401675773785, 4234248.610969575121999 ] ] ] ] } },
{ "type": "Feature", "properties": { "uipfonksiyon": "YERLEŞİK KONUT ALANI", "nizam": "A", "yanbahce": "4", "taks": "0.4", "kaks": "1.6", "onbahce": "5.5", "katadedi": "4", "yencok": null, "emsal": null, "aream2": 630.76, "facade_front": "1,2,3,4", "facade_side": "", "facade_back": "0,5", "facade_count": 4, "is_corner": true, "front_direction": "coklu" }, "geometry": { "type": "MultiPolygon", "coordinates": [ [ [ [ 586131.964901317376643, 4234244.522572280839086 ], [ 586109.428401675773785, 4234248.610969575121999 ], [ 586113.873034729156643, 4234272.944229496642947 ], [ 586116.421118805999868, 4234274.949108281172812 ], [ 586120.806133380508982, 4234274.791796926409006 ], [ 586136.925611136481166, 4234271.86752606369555 ], [ 586131.964901317376643, 4234244.522572280839086 ] ] ] ] } },
{ "type": "Feature", "properties": { "uipfonksiyon": "YERLEŞİK KONUT ALANI", "nizam": "A", "yanbahce": "4", "taks": "0.4", "kaks": "1.6", "onbahce": "5.5", "katadedi": "4", "yencok": null, "emsal": null, "aream2": 443.55, "facade_front": "2", "facade_side": "1,3", "facade_back": "0", "facade_count": 1, "is_corner": false, "front_direction": "N" }, "geometry": { "type": "MultiPolygon", "coordinates": [ [ [ [ 586131.964901317376643, 4234244.522572280839086 ], [ 586147.707943386631086, 4234241.66659146733582 ], [ 586142.763680672040209, 4234214.412299168296158 ], [ 586127.012421272927895, 4234217.222983540035784 ], [ 586131.964901317376643, 4234244.522572280839086 ] ] ] ] } },
{ "type": "Feature", "properties": { "uipfonksiyon": "YERLEŞİK KONUT ALANI", "nizam": "A", "yanbahce": "4", "taks": "0.4", "kaks": "1.6", "onbahce": "5.5", "katadedi": "4", "yencok": null, "emsal": null, "aream2": 444.66, "facade_front": "2", "facade_side": "1,3", "facade_back": "0", "facade_count": 1, "is_corner": false, "front_direction": "S" }, "geometry": { "type": "MultiPolygon", "coordinates": [ [ [ [ 586147.707943386631086, 4234241.66659146733582 ], [ 586131.964901317376643, 4234244.522572280839086 ], [ 586136.925611136481166, 4234271.86752606369555 ], [ 586152.668653205619194, 4234269.011545249260962 ], [ 586147.707943386631086, 4234241.66659146733582 ] ] ] ] } },
{ "type": "Feature", "properties": { "uipfonksiyon": "YERLEŞİK KONUT ALANI", "nizam": "A", "yanbahce": "4", "taks": "0.4", "kaks": "1.6", "onbahce": "5.5", "katadedi": "4", "yencok": null, "emsal": null, "aream2": 442.82, "facade_front": "1", "facade_side": "0,2", "facade_back": "3", "facade_count": 1, "is_corner": false, "front_direction": "N" }, "geometry": { "type": "MultiPolygon", "coordinates": [ [ [ [ 586163.450985455769114, 4234238.810610652901232 ], [ 586158.514940071152523, 4234211.601614796556532 ], [ 586142.763680672040209, 4234214.412299168296158 ], [ 586147.707943386631086, 4234241.66659146733582 ], [ 586163.450985455769114, 4234238.810610652901232 ] ] ] ] } },
{ "type": "Feature", "properties": { "uipfonksiyon": "YERLEŞİK KONUT ALANI", "nizam": "A", "yanbahce": "4", "taks": "0.4", "kaks": "1.6", "onbahce": "5.5", "katadedi": "4", "yencok": null, "emsal": null, "aream2": 442.08, "facade_front": "3", "facade_side": "0,2", "facade_back": "1", "facade_count": 1, "is_corner": false, "front_direction": "N" }, "geometry": { "type": "MultiPolygon", "coordinates": [ [ [ [ 586158.514940071152523, 4234211.601614796556532 ], [ 586163.450985455769114, 4234238.810610652901232 ], [ 586179.194027524790727, 4234235.954629839397967 ], [ 586174.266199470148422, 4234208.790930424816906 ], [ 586158.514940071152523, 4234211.601614796556532 ] ] ] ] } },
{ "type": "Feature", "properties": { "uipfonksiyon": "YERLEŞİK KONUT ALANI", "nizam": "A", "yanbahce": "4", "taks": "0.4", "kaks": "1.6", "onbahce": "5.5", "katadedi": "4", "yencok": null, "emsal": null, "aream2": 441.34, "facade_front": "3", "facade_side": "0,2", "facade_back": "1", "facade_count": 1, "is_corner": false, "front_direction": "N" }, "geometry": { "type": "MultiPolygon", "coordinates": [ [ [ [ 586174.266199470148422, 4234208.790930424816906 ], [ 586179.194027524790727, 4234235.954629839397967 ], [ 586194.937069593812339, 4234233.098649024963379 ], [ 586190.01745886914432, 4234205.980246054008603 ], [ 586174.266199470148422, 4234208.790930424816906 ] ] ] ] } },
{ "type": "Feature", "properties": { "uipfonksiyon": "YERLEŞİK KONUT ALANI", "nizam": "A", "yanbahce": "4", "taks": "0.4", "kaks": "1.6", "onbahce": "5.5", "katadedi": "4", "yencok": null, "emsal": null, "aream2": 440.61, "facade_front": "3", "facade_side": "0,2", "facade_back": "1", "facade_count": 1, "is_corner": false, "front_direction": "N" }, "geometry": { "type": "MultiPolygon", "coordinates": [ [ [ [ 586190.01745886914432, 4234205.980246054008603 ], [ 586194.937069593812339, 4234233.098649024963379 ], [ 586210.680111662950367, 4234230.242668210528791 ], [ 586205.76871826837305, 4234203.169561682268977 ], [ 586190.01745886914432, 4234205.980246054008603 ] ] ] ] } },
{ "type": "Feature", "properties": { "uipfonksiyon": "YERLEŞİK KONUT ALANI", "nizam": "A", "yanbahce": "4", "taks": "0.4", "kaks": "1.6", "onbahce": "5.5", "katadedi": "4", "yencok": null, "emsal": null, "aream2": 444.66, "facade_front": "3", "facade_side": "0,2", "facade_back": "1", "facade_count": 1, "is_corner": false, "front_direction": "S" }, "geometry": { "type": "MultiPolygon", "coordinates": [ [ [ [ 586168.411695274640806, 4234266.155564435757697 ], [ 586163.450985455769114, 4234238.810610652901232 ], [ 586147.707943386631086, 4234241.66659146733582 ], [ 586152.668653205619194, 4234269.011545249260962 ], [ 586168.411695274640806, 4234266.155564435757697 ] ] ] ] } },
{ "type": "Feature", "properties": { "uipfonksiyon": "YERLEŞİK KONUT ALANI", "nizam": "A", "yanbahce": "4", "taks": "0.4", "kaks": "1.6", "onbahce": "5.5", "katadedi": "4", "yencok": null, "emsal": null, "aream2": 444.66, "facade_front": "1", "facade_side": "0,2", "facade_back": "3", "facade_count": 1, "is_corner": false, "front_direction": "S" }, "geometry": { "type": "MultiPolygon", "coordinates": [ [ [ [ 586163.450985455769114, 4234238.810610652901232 ], [ 586168.411695274640806, 4234266.155564435757697 ], [ 586184.154737343662418, 4234263.299583621323109 ], [ 586179.194027524790727, 4234235.954629839397967 ], [ 586163.450985455769114, 4234238.810610652901232 ] ] ] ] } },
{ "type": "Feature", "properties": { "uipfonksiyon": "YERLEŞİK KONUT ALANI", "nizam": "A", "yanbahce": "4", "taks": "0.4", "kaks": "1.6", "onbahce": "5.5", "katadedi": "4", "yencok": null, "emsal": null, "aream2": 444.66, "facade_front": "1", "facade_side": "0,2", "facade_back": "3", "facade_count": 1, "is_corner": false, "front_direction": "S" }, "geometry": { "type": "MultiPolygon", "coordinates": [ [ [ [ 586179.194027524790727, 4234235.954629839397967 ], [ 586184.154737343662418, 4234263.299583621323109 ], [ 586199.897779412684031, 4234260.443602806888521 ], [ 586194.937069593812339, 4234233.098649024963379 ], [ 586179.194027524790727, 4234235.954629839397967 ] ] ] ] } },
{ "type": "Feature", "properties": { "uipfonksiyon": "YERLEŞİK KONUT ALANI", "nizam": "A", "yanbahce": "4", "taks": "0.4", "kaks": "1.6", "onbahce": "5.5", "katadedi": "4", "yencok": null, "emsal": null, "aream2": 444.66, "facade_front": "1", "facade_side": "0,2", "facade_back": "3", "facade_count": 1, "is_corner": false, "front_direction": "S" }, "geometry": { "type": "MultiPolygon", "coordinates": [ [ [ [ 586194.937069593812339, 4234233.098649024963379 ], [ 586199.897779412684031, 4234260.443602806888521 ], [ 586215.640821481938474, 4234257.587621992453933 ], [ 586210.680111662950367, 4234230.242668210528791 ], [ 586194.937069593812339, 4234233.098649024963379 ] ] ] ] } },
{ "type": "Feature", "properties": { "uipfonksiyon": "YERLEŞİK KONUT ALANI", "nizam": "A", "yanbahce": "4", "taks": "0.4", "kaks": "1.6", "onbahce": "5.5", "katadedi": "4", "yencok": null, "emsal": null, "aream2": 610.92, "facade_front": "1,2,3,4", "facade_side": "", "facade_back": "0,5", "facade_count": 4, "is_corner": true, "front_direction": "coklu" }, "geometry": { "type": "MultiPolygon", "coordinates": [ [ [ [ 586210.680111662950367, 4234230.242668210528791 ], [ 586232.902740257559344, 4234226.211210971698165 ], [ 586228.18497845553793, 4234202.224238632246852 ], [ 586226.274343503406271, 4234200.502967674285173 ], [ 586223.760899229324423, 4234199.959003049880266 ], [ 586205.76871826837305, 4234203.169561682268977 ], [ 586210.680111662950367, 4234230.242668210528791 ] ] ] ] } },
{ "type": "Feature", "properties": { "uipfonksiyon": "YERLEŞİK KONUT ALANI", "nizam": "A", "yanbahce": "4", "taks": "0.4", "kaks": "1.6", "onbahce": "5.5", "katadedi": "4", "yencok": null, "emsal": null, "aream2": 625.54, "facade_front": "2,3,4,5,6", "facade_side": "", "facade_back": "0,1", "facade_count": 5, "is_corner": true, "front_direction": "coklu" }, "geometry": { "type": "MultiPolygon", "coordinates": [ [ [ [ 586232.902740257559344, 4234226.211210971698165 ], [ 586210.680111662950367, 4234230.242668210528791 ], [ 586215.640821481938474, 4234257.587621992453933 ], [ 586217.757352725486271, 4234257.203657279722393 ], [ 586235.143568621249869, 4234253.769865323789418 ], [ 586236.898841903777793, 4234251.836963842622936 ], [ 586237.440464930725284, 4234249.282803134061396 ], [ 586232.902740257559344, 4234226.211210971698165 ] ] ] ] } },
{ "type": "Feature", "properties": { "uipfonksiyon": "YERLEŞİK KONUT ALANI", "nizam": "A", "yanbahce": "4", "taks": "0.4", "kaks": "1.6", "onbahce": "5.5", "katadedi": "4", "yencok": null, "emsal": null, "aream2": 667.0, "facade_front": "2,3,4,5,6", "facade_side": "", "facade_back": "0,1", "facade_count": 5, "is_corner": true, "front_direction": "coklu" }, "geometry": { "type": "MultiPolygon", "coordinates": [ [ [ [ 585965.232638871413656, 4234203.076199005357921 ], [ 585987.035571713349782, 4234199.448122957721353 ], [ 585982.09929613803979, 4234169.783561510033906 ], [ 585976.791769732139073, 4234170.684258250519633 ], [ 585964.923317677457817, 4234172.344864713028073 ], [ 585961.985657905461267, 4234173.85868305247277 ], [ 585960.622450233902782, 4234177.547410083003342 ], [ 585965.232638871413656, 4234203.076199005357921 ] ] ] ] } },
{ "type": "Feature", "properties": { "uipfonksiyon": "YERLEŞİK KONUT ALANI", "nizam": "A", "yanbahce": "4", "taks": "0.4", "kaks": "1.6", "onbahce": "5.5", "katadedi": "4", "yencok": null, "emsal": null, "aream2": 642.92, "facade_front": "1,2,3,4", "facade_side": "", "facade_back": "0,5", "facade_count": 4, "is_corner": true, "front_direction": "coklu" }, "geometry": { "type": "MultiPolygon", "coordinates": [ [ [ [ 585987.035571713349782, 4234199.448122957721353 ], [ 585965.232638871413656, 4234203.076199005357921 ], [ 585969.727558541111648, 4234227.966689285822213 ], [ 585971.586365726077929, 4234230.558991967700422 ], [ 585974.634317869436927, 4234231.499834716320038 ], [ 585991.910981578053907, 4234228.746911752969027 ], [ 585987.035571713349782, 4234199.448122957721353 ] ] ] ] } },
{ "type": "Feature", "properties": { "uipfonksiyon": "YERLEŞİK KONUT ALANI", "nizam": "A", "yanbahce": "4", "taks": "0.4", "kaks": "1.6", "onbahce": "5.5", "katadedi": "4", "yencok": null, "emsal": null, "aream2": 481.57, "facade_front": "1", "facade_side": "0,2", "facade_back": "3", "facade_count": 1, "is_corner": false, "front_direction": "N" }, "geometry": { "type": "MultiPolygon", "coordinates": [ [ [ [ 586002.818548497743905, 4234196.821786380372941 ], [ 585997.873847426846623, 4234167.106591893360019 ], [ 585982.09929613803979, 4234169.783561510033906 ], [ 585987.035571713349782, 4234199.448122957721353 ], [ 586002.818548497743905, 4234196.821786380372941 ] ] ] ] } },
{ "type": "Feature", "properties": { "uipfonksiyon": "YERLEŞİK KONUT ALANI", "nizam": "A", "yanbahce": "4", "taks": "0.4", "kaks": "1.6", "onbahce": "5.5", "katadedi": "4", "yencok": null, "emsal": null, "aream2": 482.39, "facade_front": "3", "facade_side": "0,2", "facade_back": "1", "facade_count": 1, "is_corner": false, "front_direction": "N" }, "geometry": { "type": "MultiPolygon", "coordinates": [ [ [ [ 585997.873847426846623, 4234167.106591893360019 ], [ 586002.818548497743905, 4234196.821786380372941 ], [ 586018.601525282370858, 4234194.195449802093208 ], [ 586013.648398715886287, 4234164.429622276686132 ], [ 585997.873847426846623, 4234167.106591893360019 ] ] ] ] } },
{ "type": "Feature", "properties": { "uipfonksiyon": "YERLEŞİK KONUT ALANI", "nizam": "A", "yanbahce": "4", "taks": "0.4", "kaks": "1.6", "onbahce": "5.5", "katadedi": "4", "yencok": null, "emsal": null, "aream2": 483.21, "facade_front": "3", "facade_side": "0,2", "facade_back": "1", "facade_count": 1, "is_corner": false, "front_direction": "N" }, "geometry": { "type": "MultiPolygon", "coordinates": [ [ [ [ 586013.648398715886287, 4234164.429622276686132 ], [ 586018.601525282370858, 4234194.195449802093208 ], [ 586034.38450206653215, 4234191.569113223813474 ], [ 586029.422950004576705, 4234161.752652660012245 ], [ 586013.648398715886287, 4234164.429622276686132 ] ] ] ] } },
{ "type": "Feature", "properties": { "uipfonksiyon": "YERLEŞİK KONUT ALANI", "nizam": "A", "yanbahce": "4", "taks": "0.4", "kaks": "1.6", "onbahce": "5.5", "katadedi": "4", "yencok": null, "emsal": null, "aream2": 476.11, "facade_front": "3", "facade_side": "0,2", "facade_back": "1", "facade_count": 1, "is_corner": false, "front_direction": "S" }, "geometry": { "type": "MultiPolygon", "coordinates": [ [ [ [ 586007.712020544451661, 4234226.229119906201959 ], [ 586002.818548497743905, 4234196.821786380372941 ], [ 585987.035571713349782, 4234199.448122957721353 ], [ 585991.910981578053907, 4234228.746911752969027 ], [ 586007.712020544451661, 4234226.229119906201959 ] ] ] ] } },
{ "type": "Feature", "properties": { "uipfonksiyon": "YERLEŞİK KONUT ALANI", "nizam": "A", "yanbahce": "4", "taks": "0.4", "kaks": "1.6", "onbahce": "5.5", "katadedi": "4", "yencok": null, "emsal": null, "aream2": 477.87, "facade_front": "1", "facade_side": "0,2", "facade_back": "3", "facade_count": 1, "is_corner": false, "front_direction": "S" }, "geometry": { "type": "MultiPolygon", "coordinates": [ [ [ [ 586002.818548497743905, 4234196.821786380372941 ], [ 586007.712020544451661, 4234226.229119906201959 ], [ 586023.513059510965832, 4234223.711328059434891 ], [ 586018.601525282370858, 4234194.195449802093208 ], [ 586002.818548497743905, 4234196.821786380372941 ] ] ] ] } },
{ "type": "Feature", "properties": { "uipfonksiyon": "YERLEŞİK KONUT ALANI", "nizam": "A", "yanbahce": "4", "taks": "0.4", "kaks": "1.6", "onbahce": "5.5", "katadedi": "4", "yencok": null, "emsal": null, "aream2": 479.63, "facade_front": "1", "facade_side": "0,2", "facade_back": "3", "facade_count": 1, "is_corner": false, "front_direction": "S" }, "geometry": { "type": "MultiPolygon", "coordinates": [ [ [ [ 586018.601525282370858, 4234194.195449802093208 ], [ 586023.513059510965832, 4234223.711328059434891 ], [ 586039.314098477247171, 4234221.193536213599145 ], [ 586034.38450206653215, 4234191.569113223813474 ], [ 586018.601525282370858, 4234194.195449802093208 ] ] ] ] } },
{ "type": "Feature", "properties": { "uipfonksiyon": "YERLEŞİK KONUT ALANI", "nizam": "A", "yanbahce": "4", "taks": "0.4", "kaks": "1.6", "onbahce": "5.5", "katadedi": "4", "yencok": null, "emsal": null, "aream2": 484.03, "facade_front": "1", "facade_side": "0,2", "facade_back": "3", "facade_count": 1, "is_corner": false, "front_direction": "N" }, "geometry": { "type": "MultiPolygon", "coordinates": [ [ [ [ 586050.167478851159103, 4234188.942776645533741 ], [ 586045.197501293499954, 4234159.075683043338358 ], [ 586029.422950004576705, 4234161.752652660012245 ], [ 586034.38450206653215, 4234191.569113223813474 ], [ 586050.167478851159103, 4234188.942776645533741 ] ] ] ] } },
{ "type": "Feature", "properties": { "uipfonksiyon": "YERLEŞİK KONUT ALANI", "nizam": "A", "yanbahce": "4", "taks": "0.4", "kaks": "1.6", "onbahce": "5.5", "katadedi": "4", "yencok": null, "emsal": null, "aream2": 484.86, "facade_front": "3", "facade_side": "0,2", "facade_back": "1", "facade_count": 1, "is_corner": false, "front_direction": "N" }, "geometry": { "type": "MultiPolygon", "coordinates": [ [ [ [ 586045.197501293499954, 4234159.075683043338358 ], [ 586050.167478851159103, 4234188.942776645533741 ], [ 586065.950455635553226, 4234186.316440067254007 ], [ 586060.972052582306787, 4234156.398713426664472 ], [ 586045.197501293499954, 4234159.075683043338358 ] ] ] ] } },
{ "type": "Feature", "properties": { "uipfonksiyon": "YERLEŞİK KONUT ALANI", "nizam": "A", "yanbahce": "4", "taks": "0.4", "kaks": "1.6", "onbahce": "5.5", "katadedi": "4", "yencok": null, "emsal": null, "aream2": 675.28, "facade_front": "2,3,4,5", "facade_side": "", "facade_back": "0,1", "facade_count": 4, "is_corner": true, "front_direction": "coklu" }, "geometry": { "type": "MultiPolygon", "coordinates": [ [ [ [ 586060.972052582306787, 4234156.398713426664472 ], [ 586065.950455635553226, 4234186.316440067254007 ], [ 586088.10575010010507, 4234182.629729946143925 ], [ 586083.82172594347503, 4234156.884875166229904 ], [ 586081.916608987608925, 4234154.299350015819073 ], [ 586078.182276348932646, 4234153.478107618167996 ], [ 586060.972052582306787, 4234156.398713426664472 ] ] ] ] } },
{ "type": "Feature", "properties": { "uipfonksiyon": "YERLEŞİK KONUT ALANI", "nizam": "A", "yanbahce": "4", "taks": "0.4", "kaks": "1.6", "onbahce": "5.5", "katadedi": "4", "yencok": null, "emsal": null, "aream2": 481.39, "facade_front": "3", "facade_side": "0,2", "facade_back": "1", "facade_count": 1, "is_corner": false, "front_direction": "S" }, "geometry": { "type": "MultiPolygon", "coordinates": [ [ [ [ 586055.115137443761341, 4234218.675744366832078 ], [ 586050.167478851159103, 4234188.942776645533741 ], [ 586034.38450206653215, 4234191.569113223813474 ], [ 586039.314098477247171, 4234221.193536213599145 ], [ 586055.115137443761341, 4234218.675744366832078 ] ] ] ] } },
{ "type": "Feature", "properties": { "uipfonksiyon": "YERLEŞİK KONUT ALANI", "nizam": "A", "yanbahce": "4", "taks": "0.4", "kaks": "1.6", "onbahce": "5.5", "katadedi": "4", "yencok": null, "emsal": null, "aream2": 483.15, "facade_front": "1", "facade_side": "0,2", "facade_back": "3", "facade_count": 1, "is_corner": false, "front_direction": "S" }, "geometry": { "type": "MultiPolygon", "coordinates": [ [ [ [ 586050.167478851159103, 4234188.942776645533741 ], [ 586055.115137443761341, 4234218.675744366832078 ], [ 586070.916176410159096, 4234216.15795252006501 ], [ 586065.950455635553226, 4234186.316440067254007 ], [ 586050.167478851159103, 4234188.942776645533741 ] ] ] ] } },
{ "type": "Feature", "properties": { "uipfonksiyon": "YERLEŞİK KONUT ALANI", "nizam": "A", "yanbahce": "4", "taks": "0.4", "kaks": "1.6", "onbahce": "5.5", "katadedi": "4", "yencok": null, "emsal": null, "aream2": 676.77, "facade_front": "1,2,3,4", "facade_side": "", "facade_back": "0,5", "facade_count": 4, "is_corner": true, "front_direction": "coklu" }, "geometry": { "type": "MultiPolygon", "coordinates": [ [ [ [ 586065.950455635553226, 4234186.316440067254007 ], [ 586070.916176410159096, 4234216.15795252006501 ], [ 586090.052364962757565, 4234213.108726478181779 ], [ 586091.837388701620512, 4234211.236207108013332 ], [ 586092.447617613710463, 4234208.722194536589086 ], [ 586088.10575010010507, 4234182.629729946143925 ], [ 586065.950455635553226, 4234186.316440067254007 ] ] ] ] } },
{ "type": "Feature", "properties": { "uipfonksiyon": "YERLEŞİK KONUT ALANI", "nizam": "A", "yanbahce": "4", "taks": "0.4", "kaks": "1.6", "onbahce": "5.5", "katadedi": "4", "yencok": null, "emsal": null, "aream2": 649.9, "facade_front": "2,3,4,5", "facade_side": "", "facade_back": "0,1", "facade_count": 4, "is_corner": true, "front_direction": "coklu" }, "geometry": { "type": "MultiPolygon", "coordinates": [ [ [ [ 585977.400946181500331, 4234271.835850292816758 ], [ 585998.932087141089141, 4234268.092575220391154 ], [ 585993.815881937509403, 4234238.664405156858265 ], [ 585979.297407428617589, 4234240.934775767847896 ], [ 585974.688625664683059, 4234242.344025575555861 ], [ 585972.866889430675656, 4234245.742023144848645 ], [ 585977.400946181500331, 4234271.835850292816758 ] ] ] ] } },
{ "type": "Feature", "properties": { "uipfonksiyon": "YERLEŞİK KONUT ALANI", "nizam": "A", "yanbahce": "4", "taks": "0.4", "kaks": "1.6", "onbahce": "5.5", "katadedi": "4", "yencok": null, "emsal": null, "aream2": 646.1, "facade_front": "1,2,3,4,5", "facade_side": "", "facade_back": "0,6", "facade_count": 5, "is_corner": true, "front_direction": "coklu" }, "geometry": { "type": "MultiPolygon", "coordinates": [ [ [ [ 585998.932087141089141, 4234268.092575220391154 ], [ 585977.400946181500331, 4234271.835850292816758 ], [ 585978.483191171777435, 4234278.064249110408127 ], [ 585982.227129998849705, 4234297.934150298126042 ], [ 585983.92485847894568, 4234299.88786044716835 ], [ 585987.026058978633955, 4234300.733853039331734 ], [ 586004.03261886164546, 4234297.430592153221369 ], [ 585998.932087141089141, 4234268.092575220391154 ] ] ] ] } },
{ "type": "Feature", "properties": { "uipfonksiyon": "YERLEŞİK KONUT ALANI", "nizam": "A", "yanbahce": "4", "taks": "0.4", "kaks": "1.6", "onbahce": "5.5", "katadedi": "4", "yencok": null, "emsal": null, "aream2": 475.74, "facade_front": "2", "facade_side": "1,3", "facade_back": "0", "facade_count": 1, "is_corner": false, "front_direction": "N" }, "geometry": { "type": "MultiPolygon", "coordinates": [ [ [ [ 585998.932087141089141, 4234268.092575220391154 ], [ 586014.695632295566611, 4234265.352019774727523 ], [ 586009.626053311978467, 4234236.192041519097984 ], [ 585993.815881937509403, 4234238.664405156858265 ], [ 585998.932087141089141, 4234268.092575220391154 ] ] ] ] } },
{ "type": "Feature", "properties": { "uipfonksiyon": "YERLEŞİK KONUT ALANI", "nizam": "A", "yanbahce": "4", "taks": "0.4", "kaks": "1.6", "onbahce": "5.5", "katadedi": "4", "yencok": null, "emsal": null, "aream2": 473.93, "facade_front": "2", "facade_side": "1,3", "facade_back": "0", "facade_count": 1, "is_corner": false, "front_direction": "S" }, "geometry": { "type": "MultiPolygon", "coordinates": [ [ [ [ 586014.695632295566611, 4234265.352019774727523 ], [ 585998.932087141089141, 4234268.092575220391154 ], [ 586004.03261886164546, 4234297.430592153221369 ], [ 586019.742134590400383, 4234294.379262008704245 ], [ 586014.695632295566611, 4234265.352019774727523 ] ] ] ] } },
{ "type": "Feature", "properties": { "uipfonksiyon": "YERLEŞİK KONUT ALANI", "nizam": "A", "yanbahce": "4", "taks": "0.4", "kaks": "1.6", "onbahce": "5.5", "katadedi": "4", "yencok": null, "emsal": null, "aream2": 471.38, "facade_front": "1", "facade_side": "0,2", "facade_back": "3", "facade_count": 1, "is_corner": false, "front_direction": "N" }, "geometry": { "type": "MultiPolygon", "coordinates": [ [ [ [ 586030.459177450393327, 4234262.61146432813257 ], [ 586025.436224686680362, 4234233.719677881337702 ], [ 586009.626053311978467, 4234236.192041519097984 ], [ 586014.695632295566611, 4234265.352019774727523 ], [ 586030.459177450393327, 4234262.61146432813257 ] ] ] ] } },
{ "type": "Feature", "properties": { "uipfonksiyon": "YERLEŞİK KONUT ALANI", "nizam": "A", "yanbahce": "4", "taks": "0.4", "kaks": "1.6", "onbahce": "5.5", "katadedi": "4", "yencok": null, "emsal": null, "aream2": 467.02, "facade_front": "3", "facade_side": "0,2", "facade_back": "1", "facade_count": 1, "is_corner": false, "front_direction": "N" }, "geometry": { "type": "MultiPolygon", "coordinates": [ [ [ [ 586025.436224686680362, 4234233.719677881337702 ], [ 586030.459177450393327, 4234262.61146432813257 ], [ 586046.222722605220042, 4234259.870908881537616 ], [ 586041.246396061382256, 4234231.247314244508743 ], [ 586025.436224686680362, 4234233.719677881337702 ] ] ] ] } },
{ "type": "Feature", "properties": { "uipfonksiyon": "YERLEŞİK KONUT ALANI", "nizam": "A", "yanbahce": "4", "taks": "0.4", "kaks": "1.6", "onbahce": "5.5", "katadedi": "4", "yencok": null, "emsal": null, "aream2": 462.67, "facade_front": "3", "facade_side": "0,2", "facade_back": "1", "facade_count": 1, "is_corner": false, "front_direction": "N" }, "geometry": { "type": "MultiPolygon", "coordinates": [ [ [ [ 586041.246396061382256, 4234231.247314244508743 ], [ 586046.222722605220042, 4234259.870908881537616 ], [ 586061.986267759930342, 4234257.130353434942663 ], [ 586057.056567435967736, 4234228.774950606748462 ], [ 586041.246396061382256, 4234231.247314244508743 ] ] ] ] } },
{ "type": "Feature", "properties": { "uipfonksiyon": "YERLEŞİK KONUT ALANI", "nizam": "A", "yanbahce": "4", "taks": "0.4", "kaks": "1.6", "onbahce": "5.5", "katadedi": "4", "yencok": null, "emsal": null, "aream2": 458.31, "facade_front": "3", "facade_side": "0,2", "facade_back": "1", "facade_count": 1, "is_corner": false, "front_direction": "N" }, "geometry": { "type": "MultiPolygon", "coordinates": [ [ [ [ 586057.056567435967736, 4234228.774950606748462 ], [ 586061.986267759930342, 4234257.130353434942663 ], [ 586077.749812914640643, 4234254.389797988347709 ], [ 586072.866738810553215, 4234226.30258696898818 ], [ 586057.056567435967736, 4234228.774950606748462 ] ] ] ] } },
{ "type": "Feature", "properties": { "uipfonksiyon": "YERLEŞİK KONUT ALANI", "nizam": "A", "yanbahce": "4", "taks": "0.4", "kaks": "1.6", "onbahce": "5.5", "katadedi": "4", "yencok": null, "emsal": null, "aream2": 613.29, "facade_front": "2,3,4,5", "facade_side": "", "facade_back": "0,1", "facade_count": 4, "is_corner": true, "front_direction": "coklu" }, "geometry": { "type": "MultiPolygon", "coordinates": [ [ [ [ 586072.866738810553215, 4234226.30258696898818 ], [ 586077.749812914640643, 4234254.389797988347709 ], [ 586099.28152373211924, 4234250.646423844620585 ], [ 586095.097498047281988, 4234226.580106231383979 ], [ 586092.920294469571672, 4234224.21338028088212 ], [ 586089.752063182066195, 4234223.662093011662364 ], [ 586072.866738810553215, 4234226.30258696898818 ] ] ] ] } },
{ "type": "Feature", "properties": { "uipfonksiyon": "YERLEŞİK KONUT ALANI", "nizam": "A", "yanbahce": "4", "taks": "0.4", "kaks": "1.6", "onbahce": "5.5", "katadedi": "4", "yencok": null, "emsal": null, "aream2": 468.88, "facade_front": "3", "facade_side": "0,2", "facade_back": "1", "facade_count": 1, "is_corner": false, "front_direction": "S" }, "geometry": { "type": "MultiPolygon", "coordinates": [ [ [ [ 586035.451650319388136, 4234291.327931863255799 ], [ 586030.459177450393327, 4234262.61146432813257 ], [ 586014.695632295566611, 4234265.352019774727523 ], [ 586019.742134590400383, 4234294.379262008704245 ], [ 586035.451650319388136, 4234291.327931863255799 ] ] ] ] } },
{ "type": "Feature", "properties": { "uipfonksiyon": "YERLEŞİK KONUT ALANI", "nizam": "A", "yanbahce": "4", "taks": "0.4", "kaks": "1.6", "onbahce": "5.5", "katadedi": "4", "yencok": null, "emsal": null, "aream2": 463.83, "facade_front": "1", "facade_side": "0,2", "facade_back": "3", "facade_count": 1, "is_corner": false, "front_direction": "S" }, "geometry": { "type": "MultiPolygon", "coordinates": [ [ [ [ 586030.459177450393327, 4234262.61146432813257 ], [ 586035.451650319388136, 4234291.327931863255799 ], [ 586051.16116604837589, 4234288.276601717807353 ], [ 586046.222722605220042, 4234259.870908881537616 ], [ 586030.459177450393327, 4234262.61146432813257 ] ] ] ] } },
{ "type": "Feature", "properties": { "uipfonksiyon": "YERLEŞİK KONUT ALANI", "nizam": "A", "yanbahce": "4", "taks": "0.4", "kaks": "1.6", "onbahce": "5.5", "katadedi": "4", "yencok": null, "emsal": null, "aream2": 458.79, "facade_front": "1", "facade_side": "0,2", "facade_back": "3", "facade_count": 1, "is_corner": false, "front_direction": "S" }, "geometry": { "type": "MultiPolygon", "coordinates": [ [ [ [ 586046.222722605220042, 4234259.870908881537616 ], [ 586051.16116604837589, 4234288.276601717807353 ], [ 586066.870681777247228, 4234285.225271572358906 ], [ 586061.986267759930342, 4234257.130353434942663 ], [ 586046.222722605220042, 4234259.870908881537616 ] ] ] ] } },
{ "type": "Feature", "properties": { "uipfonksiyon": "YERLEŞİK KONUT ALANI", "nizam": "A", "yanbahce": "4", "taks": "0.4", "kaks": "1.6", "onbahce": "5.5", "katadedi": "4", "yencok": null, "emsal": null, "aream2": 453.74, "facade_front": "1", "facade_side": "0,2", "facade_back": "3", "facade_count": 1, "is_corner": false, "front_direction": "S" }, "geometry": { "type": "MultiPolygon", "coordinates": [ [ [ [ 586061.986267759930342, 4234257.130353434942663 ], [ 586066.870681777247228, 4234285.225271572358906 ], [ 586082.58019750600215, 4234282.17394142691046 ], [ 586077.749812914640643, 4234254.389797988347709 ], [ 586061.986267759930342, 4234257.130353434942663 ] ] ] ] } },
{ "type": "Feature", "properties": { "uipfonksiyon": "YERLEŞİK KONUT ALANI", "nizam": "A", "yanbahce": "4", "taks": "0.4", "kaks": "1.6", "onbahce": "5.5", "katadedi": "4", "yencok": null, "emsal": null, "aream2": 606.48, "facade_front": "1,2,3,4", "facade_side": "", "facade_back": "0,5", "facade_count": 4, "is_corner": true, "front_direction": "coklu" }, "geometry": { "type": "MultiPolygon", "coordinates": [ [ [ [ 586077.749812914640643, 4234254.389797988347709 ], [ 586082.58019750600215, 4234282.17394142691046 ], [ 586100.017133272835054, 4234278.78708669077605 ], [ 586102.161587000242434, 4234277.37898591067642 ], [ 586103.420142386690713, 4234274.451562371104956 ], [ 586099.28152373211924, 4234250.646423844620585 ], [ 586077.749812914640643, 4234254.389797988347709 ] ] ] ] } },
{ "type": "Feature", "properties": { "uipfonksiyon": "TİCARET - KONUT ALANI", "nizam": "A", "yanbahce": "6.5", "taks": "0.3", "kaks": "1.2", "onbahce": "5.5", "katadedi": "4", "yencok": null, "emsal": null, "aream2": 416.12, "facade_front": "", "facade_side": "", "facade_back": "0,1,2,3,4,5,6,7,8", "facade_count": 0, "is_corner": false, "front_direction": "belirsiz" }, "geometry": { "type": "MultiPolygon", "coordinates": [ [ [ [ 586317.061543537070975, 4234282.107576467096806 ], [ 586301.061446626437828, 4234284.939141849055886 ], [ 586306.593844920862466, 4234316.200616306625307 ], [ 586312.23451656056568, 4234315.312986171804368 ], [ 586313.817896200926043, 4234314.781423765234649 ], [ 586315.49267163744662, 4234313.325973559170961 ], [ 586316.372761953272857, 4234311.289150272496045 ], [ 586316.653690885868855, 4234307.840254943817854 ], [ 586316.818841129192151, 4234305.407007627189159 ], [ 586317.061543537070975, 4234282.107576467096806 ] ] ] ] } },
{ "type": "Feature", "properties": { "uipfonksiyon": "TİCARET - KONUT ALANI", "nizam": "A", "yanbahce": "6.5", "taks": "0.3", "kaks": "1.2", "onbahce": "5.5", "katadedi": "4", "yencok": null, "emsal": null, "aream2": 609.11, "facade_front": "3,4,5,6", "facade_side": "", "facade_back": "0,1,2,7", "facade_count": 4, "is_corner": true, "front_direction": "coklu" }, "geometry": { "type": "MultiPolygon", "coordinates": [ [ [ [ 586301.061446626437828, 4234284.939141849055886 ], [ 586317.061543537070975, 4234282.107576467096806 ], [ 586317.215438885032199, 4234267.33362306561321 ], [ 586317.307028556242585, 4234258.541014636866748 ], [ 586317.476227598264813, 4234250.03138071205467 ], [ 586316.52813676383812, 4234249.850812181830406 ], [ 586312.86548841279, 4234250.722838710993528 ], [ 586295.542262853356078, 4234253.752337615936995 ], [ 586301.061446626437828, 4234284.939141849055886 ] ] ] ] } },
{ "type": "Feature", "properties": { "uipfonksiyon": "TİCARET - KONUT ALANI", "nizam": "A", "yanbahce": "6.5", "taks": "0.3", "kaks": "1.2", "onbahce": "5.5", "katadedi": "4", "yencok": null, "emsal": null, "aream2": 505.51, "facade_front": "", "facade_side": "", "facade_back": "0,1,2,3,4", "facade_count": 0, "is_corner": false, "front_direction": "belirsiz" }, "geometry": { "type": "MultiPolygon", "coordinates": [ [ [ [ 586301.061446626437828, 4234284.939141849055886 ], [ 586285.306262896279804, 4234287.727364513091743 ], [ 586290.785467541776597, 4234318.688261931762099 ], [ 586300.593499710201286, 4234317.144845569506288 ], [ 586306.593844920862466, 4234316.200616306625307 ], [ 586301.061446626437828, 4234284.939141849055886 ] ] ] ] } },
{ "type": "Feature", "properties": { "uipfonksiyon": "TİCARET - KONUT ALANI", "nizam": "A", "yanbahce": "6.5", "taks": "0.3", "kaks": "1.2", "onbahce": "5.5", "katadedi": "4", "yencok": null, "emsal": null, "aream2": 507.0, "facade_front": "2", "facade_side": "1,3", "facade_back": "0", "facade_count": 1, "is_corner": false, "front_direction": "N" }, "geometry": { "type": "MultiPolygon", "coordinates": [ [ [ [ 586285.306262896279804, 4234287.727364513091743 ], [ 586301.061446626437828, 4234284.939141849055886 ], [ 586295.542262853356078, 4234253.752337615936995 ], [ 586279.781423966982402, 4234256.508605147711933 ], [ 586285.306262896279804, 4234287.727364513091743 ] ] ] ] } },
{ "type": "Feature", "properties": { "uipfonksiyon": "TİCARET - KONUT ALANI", "nizam": "A", "yanbahce": "6.5", "taks": "0.3", "kaks": "1.2", "onbahce": "5.5", "katadedi": "4", "yencok": null, "emsal": null, "aream2": 500.63, "facade_front": "", "facade_side": "", "facade_back": "0,1,2,3", "facade_count": 0, "is_corner": false, "front_direction": "belirsiz" }, "geometry": { "type": "MultiPolygon", "coordinates": [ [ [ [ 586285.306262896279804, 4234287.727364513091743 ], [ 586269.551079166005366, 4234290.5155871771276 ], [ 586274.977090162457898, 4234321.175907556898892 ], [ 586290.785467541776597, 4234318.688261931762099 ], [ 586285.306262896279804, 4234287.727364513091743 ] ] ] ] } },
{ "type": "Feature", "properties": { "uipfonksiyon": "TİCARET - KONUT ALANI", "nizam": "A", "yanbahce": "6.5", "taks": "0.3", "kaks": "1.2", "onbahce": "5.5", "katadedi": "4", "yencok": null, "emsal": null, "aream2": 507.52, "facade_front": "2,3", "facade_side": "", "facade_back": "0,1,4", "facade_count": 2, "is_corner": true, "front_direction": "N" }, "geometry": { "type": "MultiPolygon", "coordinates": [ [ [ [ 586269.551079166005366, 4234290.5155871771276 ], [ 586285.306262896279804, 4234287.727364513091743 ], [ 586279.781423966982402, 4234256.508605147711933 ], [ 586271.623879910912365, 4234257.935202677734196 ], [ 586264.020585080608726, 4234259.264872679486871 ], [ 586269.551079166005366, 4234290.5155871771276 ] ] ] ] } },
{ "type": "Feature", "properties": { "uipfonksiyon": "TİCARET - KONUT ALANI", "nizam": "A", "yanbahce": "6.5", "taks": "0.3", "kaks": "1.2", "onbahce": "5.5", "katadedi": "4", "yencok": null, "emsal": null, "aream2": 495.75, "facade_front": "", "facade_side": "", "facade_back": "0,1,2,3", "facade_count": 0, "is_corner": false, "front_direction": "belirsiz" }, "geometry": { "type": "MultiPolygon", "coordinates": [ [ [ [ 586269.551079166005366, 4234290.5155871771276 ], [ 586253.795895435614511, 4234293.303809841163456 ], [ 586259.168712783022784, 4234323.663553181104362 ], [ 586274.977090162457898, 4234321.175907556898892 ], [ 586269.551079166005366, 4234290.5155871771276 ] ] ] ] } },
{ "type": "Feature", "properties": { "uipfonksiyon": "TİCARET - KONUT ALANI", "nizam": "A", "yanbahce": "6.5", "taks": "0.3", "kaks": "1.2", "onbahce": "5.5", "katadedi": "4", "yencok": null, "emsal": null, "aream2": 508.04, "facade_front": "2", "facade_side": "1,3", "facade_back": "0", "facade_count": 1, "is_corner": false, "front_direction": "N" }, "geometry": { "type": "MultiPolygon", "coordinates": [ [ [ [ 586253.795895435614511, 4234293.303809841163456 ], [ 586269.551079166005366, 4234290.5155871771276 ], [ 586264.020585080608726, 4234259.264872679486871 ], [ 586248.259746194002219, 4234262.021140211261809 ], [ 586253.795895435614511, 4234293.303809841163456 ] ] ] ] } },
{ "type": "Feature", "properties": { "uipfonksiyon": "TİCARET - KONUT ALANI", "nizam": "A", "yanbahce": "6.5", "taks": "0.3", "kaks": "1.2", "onbahce": "5.5", "katadedi": "4", "yencok": null, "emsal": null, "aream2": 490.86, "facade_front": "", "facade_side": "", "facade_back": "0,1,2,3", "facade_count": 0, "is_corner": false, "front_direction": "belirsiz" }, "geometry": { "type": "MultiPolygon", "coordinates": [ [ [ [ 586238.040711705340073, 4234296.092032505199313 ], [ 586243.3603354038205, 4234326.151198806241155 ], [ 586259.168712783022784, 4234323.663553181104362 ], [ 586253.795895435614511, 4234293.303809841163456 ], [ 586238.040711705340073, 4234296.092032505199313 ] ] ] ] } },
{ "type": "Feature", "properties": { "uipfonksiyon": "TİCARET - KONUT ALANI", "nizam": "A", "yanbahce": "6.5", "taks": "0.3", "kaks": "1.2", "onbahce": "5.5", "katadedi": "4", "yencok": null, "emsal": null, "aream2": 485.98, "facade_front": "", "facade_side": "", "facade_back": "0,1,2,3", "facade_count": 0, "is_corner": false, "front_direction": "belirsiz" }, "geometry": { "type": "MultiPolygon", "coordinates": [ [ [ [ 586243.3603354038205, 4234326.151198806241155 ], [ 586238.040711705340073, 4234296.092032505199313 ], [ 586222.285527974949218, 4234298.880255170166492 ], [ 586227.551958024501801, 4234328.638844431377947 ], [ 586243.3603354038205, 4234326.151198806241155 ] ] ] ] } },
{ "type": "Feature", "properties": { "uipfonksiyon": "TİCARET - KONUT ALANI", "nizam": "A", "yanbahce": "6.5", "taks": "0.3", "kaks": "1.2", "onbahce": "5.5", "katadedi": "4", "yencok": null, "emsal": null, "aream2": 480.6, "facade_front": "", "facade_side": "", "facade_back": "0,1,2,3,4", "facade_count": 0, "is_corner": false, "front_direction": "belirsiz" }, "geometry": { "type": "MultiPolygon", "coordinates": [ [ [ [ 586227.551958024501801, 4234328.638844431377947 ], [ 586222.285527974949218, 4234298.880255170166492 ], [ 586206.530344244791195, 4234301.668477834202349 ], [ 586211.72851211996749, 4234331.041343561373651 ], [ 586223.133809528546408, 4234329.33409527875483 ], [ 586227.551958024501801, 4234328.638844431377947 ] ] ] ] } },
{ "type": "Feature", "properties": { "uipfonksiyon": "TİCARET - KONUT ALANI", "nizam": "A", "yanbahce": "6.5", "taks": "0.3", "kaks": "1.2", "onbahce": "5.5", "katadedi": "4", "yencok": null, "emsal": null, "aream2": 473.87, "facade_front": "", "facade_side": "", "facade_back": "0,1,2,3", "facade_count": 0, "is_corner": false, "front_direction": "belirsiz" }, "geometry": { "type": "MultiPolygon", "coordinates": [ [ [ [ 586211.72851211996749, 4234331.041343561373651 ], [ 586206.530344244791195, 4234301.668477834202349 ], [ 586190.775160514516756, 4234304.456700498238206 ], [ 586195.899221294792369, 4234333.410815273411572 ], [ 586211.72851211996749, 4234331.041343561373651 ] ] ] ] } },
{ "type": "Feature", "properties": { "uipfonksiyon": "TİCARET - KONUT ALANI", "nizam": "A", "yanbahce": "6.5", "taks": "0.3", "kaks": "1.2", "onbahce": "5.5", "katadedi": "4", "yencok": null, "emsal": null, "aream2": 508.56, "facade_front": "3", "facade_side": "0,2", "facade_back": "1", "facade_count": 1, "is_corner": false, "front_direction": "N" }, "geometry": { "type": "MultiPolygon", "coordinates": [ [ [ [ 586232.498907307512127, 4234264.777407743036747 ], [ 586238.040711705340073, 4234296.092032505199313 ], [ 586253.795895435614511, 4234293.303809841163456 ], [ 586248.259746194002219, 4234262.021140211261809 ], [ 586232.498907307512127, 4234264.777407743036747 ] ] ] ] } },
{ "type": "Feature", "properties": { "uipfonksiyon": "TİCARET - KONUT ALANI", "nizam": "A", "yanbahce": "6.5", "taks": "0.3", "kaks": "1.2", "onbahce": "5.5", "katadedi": "4", "yencok": null, "emsal": null, "aream2": 509.08, "facade_front": "1", "facade_side": "0,2", "facade_back": "3", "facade_count": 1, "is_corner": false, "front_direction": "N" }, "geometry": { "type": "MultiPolygon", "coordinates": [ [ [ [ 586238.040711705340073, 4234296.092032505199313 ], [ 586232.498907307512127, 4234264.777407743036747 ], [ 586216.738068421138451, 4234267.533675274811685 ], [ 586222.285527974949218, 4234298.880255170166492 ], [ 586238.040711705340073, 4234296.092032505199313 ] ] ] ] } },
{ "type": "Feature", "properties": { "uipfonksiyon": "TİCARET - KONUT ALANI", "nizam": "A", "yanbahce": "6.5", "taks": "0.3", "kaks": "1.2", "onbahce": "5.5", "katadedi": "4", "yencok": null, "emsal": null, "aream2": 509.51, "facade_front": "1,2", "facade_side": "", "facade_back": "0,3,4", "facade_count": 2, "is_corner": true, "front_direction": "N" }, "geometry": { "type": "MultiPolygon", "coordinates": [ [ [ [ 586222.285527974949218, 4234298.880255170166492 ], [ 586216.738068421138451, 4234267.533675274811685 ], [ 586205.815730872098356, 4234269.443782000802457 ], [ 586200.983372819027863, 4234270.324656165204942 ], [ 586206.530344244791195, 4234301.668477834202349 ], [ 586222.285527974949218, 4234298.880255170166492 ] ] ] ] } },
{ "type": "Feature", "properties": { "uipfonksiyon": "TİCARET - KONUT ALANI", "nizam": "A", "yanbahce": "6.5", "taks": "0.3", "kaks": "1.2", "onbahce": "5.5", "katadedi": "4", "yencok": null, "emsal": null, "aream2": 508.63, "facade_front": "1", "facade_side": "0,2", "facade_back": "3", "facade_count": 1, "is_corner": false, "front_direction": "N" }, "geometry": { "type": "MultiPolygon", "coordinates": [ [ [ [ 586206.530344244791195, 4234301.668477834202349 ], [ 586200.983372819027863, 4234270.324656165204942 ], [ 586185.242544945562258, 4234273.193998306058347 ], [ 586190.775160514516756, 4234304.456700498238206 ], [ 586206.530344244791195, 4234301.668477834202349 ] ] ] ] } },
{ "type": "Feature", "properties": { "uipfonksiyon": "TİCARET - KONUT ALANI", "nizam": "A", "yanbahce": "6.5", "taks": "0.3", "kaks": "1.2", "onbahce": "5.5", "katadedi": "4", "yencok": null, "emsal": null, "aream2": 467.06, "facade_front": "", "facade_side": "", "facade_back": "0,1,2,3", "facade_count": 0, "is_corner": false, "front_direction": "belirsiz" }, "geometry": { "type": "MultiPolygon", "coordinates": [ [ [ [ 586190.775160514516756, 4234304.456700498238206 ], [ 586175.019976784242317, 4234307.244923162274063 ], [ 586180.069930469617248, 4234335.780286985449493 ], [ 586195.899221294792369, 4234333.410815273411572 ], [ 586190.775160514516756, 4234304.456700498238206 ] ] ] ] } },
{ "type": "Feature", "properties": { "uipfonksiyon": "TİCARET - KONUT ALANI", "nizam": "A", "yanbahce": "6.5", "taks": "0.3", "kaks": "1.2", "onbahce": "5.5", "katadedi": "4", "yencok": null, "emsal": null, "aream2": 507.32, "facade_front": "2", "facade_side": "1,3", "facade_back": "0", "facade_count": 1, "is_corner": false, "front_direction": "N" }, "geometry": { "type": "MultiPolygon", "coordinates": [ [ [ [ 586175.019976784242317, 4234307.244923162274063 ], [ 586190.775160514516756, 4234304.456700498238206 ], [ 586185.242544945562258, 4234273.193998306058347 ], [ 586169.501717071980238, 4234276.06334044598043 ], [ 586175.019976784242317, 4234307.244923162274063 ] ] ] ] } },
{ "type": "Feature", "properties": { "uipfonksiyon": "TİCARET - KONUT ALANI", "nizam": "A", "yanbahce": "6.5", "taks": "0.3", "kaks": "1.2", "onbahce": "5.5", "katadedi": "4", "yencok": null, "emsal": null, "aream2": 460.26, "facade_front": "", "facade_side": "", "facade_back": "0,1,2,3", "facade_count": 0, "is_corner": false, "front_direction": "belirsiz" }, "geometry": { "type": "MultiPolygon", "coordinates": [ [ [ [ 586175.019976784242317, 4234307.244923162274063 ], [ 586159.264793053851463, 4234310.033145827241242 ], [ 586164.240639644442126, 4234338.149758698418736 ], [ 586180.069930469617248, 4234335.780286985449493 ], [ 586175.019976784242317, 4234307.244923162274063 ] ] ] ] } },
{ "type": "Feature", "properties": { "uipfonksiyon": "TİCARET - KONUT ALANI", "nizam": "A", "yanbahce": "6.5", "taks": "0.3", "kaks": "1.2", "onbahce": "5.5", "katadedi": "4", "yencok": null, "emsal": null, "aream2": 506.0, "facade_front": "2", "facade_side": "1,3", "facade_back": "0", "facade_count": 1, "is_corner": false, "front_direction": "N" }, "geometry": { "type": "MultiPolygon", "coordinates": [ [ [ [ 586159.264793053851463, 4234310.033145827241242 ], [ 586175.019976784242317, 4234307.244923162274063 ], [ 586169.501717071980238, 4234276.06334044598043 ], [ 586153.760889198631048, 4234278.932682586833835 ], [ 586159.264793053851463, 4234310.033145827241242 ] ] ] ] } },
{ "type": "Feature", "properties": { "uipfonksiyon": "TİCARET - KONUT ALANI", "nizam": "A", "yanbahce": "6.5", "taks": "0.3", "kaks": "1.2", "onbahce": "5.5", "katadedi": "4", "yencok": null, "emsal": null, "aream2": 453.34, "facade_front": "", "facade_side": "", "facade_back": "0,1,2,3,4", "facade_count": 0, "is_corner": false, "front_direction": "belirsiz" }, "geometry": { "type": "MultiPolygon", "coordinates": [ [ [ [ 586159.264793053851463, 4234310.033145827241242 ], [ 586143.509609323693439, 4234312.821368491277099 ], [ 586148.407854047953151, 4234340.499482789076865 ], [ 586160.034068919718266, 4234338.779436328448355 ], [ 586164.240639644442126, 4234338.149758698418736 ], [ 586159.264793053851463, 4234310.033145827241242 ] ] ] ] } },
{ "type": "Feature", "properties": { "uipfonksiyon": "TİCARET - KONUT ALANI", "nizam": "A", "yanbahce": "6.5", "taks": "0.3", "kaks": "1.2", "onbahce": "5.5", "katadedi": "4", "yencok": null, "emsal": null, "aream2": 504.68, "facade_front": "2", "facade_side": "1,3", "facade_back": "0", "facade_count": 1, "is_corner": false, "front_direction": "N" }, "geometry": { "type": "MultiPolygon", "coordinates": [ [ [ [ 586143.509609323693439, 4234312.821368491277099 ], [ 586159.264793053851463, 4234310.033145827241242 ], [ 586153.760889198631048, 4234278.932682586833835 ], [ 586138.020061325281858, 4234281.802024726755917 ], [ 586143.509609323693439, 4234312.821368491277099 ] ] ] ] } },
{ "type": "Feature", "properties": { "uipfonksiyon": "TİCARET - KONUT ALANI", "nizam": "A", "yanbahce": "6.5", "taks": "0.3", "kaks": "1.2", "onbahce": "5.5", "katadedi": "4", "yencok": null, "emsal": null, "aream2": 570.76, "facade_front": "1,2,3,4,5,6", "facade_side": "", "facade_back": "0,7", "facade_count": 6, "is_corner": true, "front_direction": "coklu" }, "geometry": { "type": "MultiPolygon", "coordinates": [ [ [ [ 586143.509609323693439, 4234312.821368491277099 ], [ 586122.533715473604389, 4234316.533509436994791 ], [ 586127.4919163758168, 4234338.9020184148103 ], [ 586129.04767571715638, 4234341.551426226273179 ], [ 586130.645269418950193, 4234342.509429588913918 ], [ 586132.482656795298681, 4234342.816160263493657 ], [ 586135.106065236614086, 4234342.467422914691269 ], [ 586148.407854047953151, 4234340.499482789076865 ], [ 586143.509609323693439, 4234312.821368491277099 ] ] ] ] } },
{ "type": "Feature", "properties": { "uipfonksiyon": "TİCARET - KONUT ALANI", "nizam": "A", "yanbahce": "6.5", "taks": "0.3", "kaks": "1.2", "onbahce": "5.5", "katadedi": "4", "yencok": null, "emsal": null, "aream2": 679.34, "facade_front": "2,3,4,5,6,7,8", "facade_side": "", "facade_back": "0,1", "facade_count": 7, "is_corner": true, "front_direction": "coklu" }, "geometry": { "type": "MultiPolygon", "coordinates": [ [ [ [ 586122.533715473604389, 4234316.533509436994791 ], [ 586143.509609323693439, 4234312.821368491277099 ], [ 586138.020061325281858, 4234281.802024726755917 ], [ 586124.052160222548991, 4234284.34818605799228 ], [ 586118.157688667415641, 4234286.56947316788137 ], [ 586117.429243284743279, 4234287.67075586039573 ], [ 586116.942319367546588, 4234290.242748179472983 ], [ 586117.037244030740112, 4234290.897553408518434 ], [ 586121.798871499369852, 4234313.218322264030576 ], [ 586122.533715473604389, 4234316.533509436994791 ] ] ] ] } },
{ "type": "Feature", "properties": { "uipfonksiyon": "YERLEŞİK KONUT ALANI", "nizam": "A", "yanbahce": "6.5", "taks": "0.3", "kaks": "1.2", "onbahce": "5.5", "katadedi": "4", "yencok": null, "emsal": null, "aream2": 466.88, "facade_front": "2,3,4,5,6", "facade_side": "", "facade_back": "0,1", "facade_count": 5, "is_corner": true, "front_direction": "coklu" }, "geometry": { "type": "MultiPolygon", "coordinates": [ [ [ [ 585961.743830005405471, 4234346.136054959148169 ], [ 585945.944171576178633, 4234348.660098049789667 ], [ 585950.730087554664351, 4234378.618317862041295 ], [ 585953.768637585220858, 4234378.244021249003708 ], [ 585964.026533339172602, 4234360.425007909536362 ], [ 585971.215654140454717, 4234347.936770309694111 ], [ 585972.390851744683459, 4234344.435161121189594 ], [ 585961.743830005405471, 4234346.136054959148169 ] ] ] ] } },
{ "type": "Feature", "properties": { "uipfonksiyon": "YERLEŞİK KONUT ALANI", "nizam": "A", "yanbahce": "6.5", "taks": "0.3", "kaks": "1.2", "onbahce": "5.5", "katadedi": "4", "yencok": null, "emsal": null, "aream2": 468.4, "facade_front": "0,1,2,3,4,5,6,7,8", "facade_side": "", "facade_back": "9", "facade_count": 9, "is_corner": true, "front_direction": "coklu" }, "geometry": { "type": "MultiPolygon", "coordinates": [ [ [ [ 585961.743830005405471, 4234346.136054959148169 ], [ 585972.390851744683459, 4234344.435161121189594 ], [ 585973.971467565512285, 4234339.725571124814451 ], [ 585975.559814244159497, 4234334.992946327663958 ], [ 585974.844437241903506, 4234318.160507286898792 ], [ 585973.602086510625668, 4234315.669585546478629 ], [ 585972.513485654373653, 4234314.780187584459782 ], [ 585970.528588345041499, 4234314.094924774952233 ], [ 585969.123143072123639, 4234314.123282192274928 ], [ 585956.940603897208348, 4234316.069479571655393 ], [ 585961.743830005405471, 4234346.136054959148169 ] ] ] ] } },
{ "type": "Feature", "properties": { "uipfonksiyon": "YERLEŞİK KONUT ALANI", "nizam": "A", "yanbahce": "6.5", "taks": "0.3", "kaks": "1.2", "onbahce": "5.5", "katadedi": "4", "yencok": null, "emsal": null, "aream2": 487.03, "facade_front": "2,3", "facade_side": "", "facade_back": "0,1,4", "facade_count": 2, "is_corner": true, "front_direction": "N" }, "geometry": { "type": "MultiPolygon", "coordinates": [ [ [ [ 585945.944171576178633, 4234348.660098049789667 ], [ 585961.743830005405471, 4234346.136054959148169 ], [ 585956.940603897208348, 4234316.069479571655393 ], [ 585948.416585443657823, 4234317.431217230856419 ], [ 585941.146751992637292, 4234318.629869548603892 ], [ 585945.944171576178633, 4234348.660098049789667 ] ] ] ] } },
{ "type": "Feature", "properties": { "uipfonksiyon": "YERLEŞİK KONUT ALANI", "nizam": "A", "yanbahce": "6.5", "taks": "0.3", "kaks": "1.2", "onbahce": "5.5", "katadedi": "4", "yencok": null, "emsal": null, "aream2": 484.56, "facade_front": "2,3", "facade_side": "", "facade_back": "0,1,4", "facade_count": 2, "is_corner": true, "front_direction": "S" }, "geometry": { "type": "MultiPolygon", "coordinates": [ [ [ [ 585945.944171576178633, 4234348.660098049789667 ], [ 585930.144513147184625, 4234351.184141140431166 ], [ 585934.914555397583172, 4234381.04299676977098 ], [ 585950.552355437423103, 4234378.640211373567581 ], [ 585950.730087554664351, 4234378.618317862041295 ], [ 585945.944171576178633, 4234348.660098049789667 ] ] ] ] } },
{ "type": "Feature", "properties": { "uipfonksiyon": "YERLEŞİK KONUT ALANI", "nizam": "A", "yanbahce": "6.5", "taks": "0.3", "kaks": "1.2", "onbahce": "5.5", "katadedi": "4", "yencok": null, "emsal": null, "aream2": 485.94, "facade_front": "2", "facade_side": "1,3", "facade_back": "0", "facade_count": 1, "is_corner": false, "front_direction": "N" }, "geometry": { "type": "MultiPolygon", "coordinates": [ [ [ [ 585930.144513147184625, 4234351.184141140431166 ], [ 585945.944171576178633, 4234348.660098049789667 ], [ 585941.146751992637292, 4234318.629869548603892 ], [ 585925.359702915651724, 4234321.232842929661274 ], [ 585930.144513147184625, 4234351.184141140431166 ] ] ] ] } },
{ "type": "Feature", "properties": { "uipfonksiyon": "YERLEŞİK KONUT ALANI", "nizam": "A", "yanbahce": "6.5", "taks": "0.3", "kaks": "1.2", "onbahce": "5.5", "katadedi": "4", "yencok": null, "emsal": null, "aream2": 483.04, "facade_front": "2", "facade_side": "1,3", "facade_back": "0", "facade_count": 1, "is_corner": false, "front_direction": "S" }, "geometry": { "type": "MultiPolygon", "coordinates": [ [ [ [ 585930.144513147184625, 4234351.184141140431166 ], [ 585914.344854718074203, 4234353.708184231072664 ], [ 585919.099867648328654, 4234383.472961385734379 ], [ 585934.914555397583172, 4234381.04299676977098 ], [ 585930.144513147184625, 4234351.184141140431166 ] ] ] ] } },
{ "type": "Feature", "properties": { "uipfonksiyon": "YERLEŞİK KONUT ALANI", "nizam": "A", "yanbahce": "6.5", "taks": "0.3", "kaks": "1.2", "onbahce": "5.5", "katadedi": "4", "yencok": null, "emsal": null, "aream2": 484.83, "facade_front": "2,3", "facade_side": "", "facade_back": "0,1,4", "facade_count": 2, "is_corner": true, "front_direction": "N" }, "geometry": { "type": "MultiPolygon", "coordinates": [ [ [ [ 585914.344854718074203, 4234353.708184231072664 ], [ 585930.144513147184625, 4234351.184141140431166 ], [ 585925.359702915651724, 4234321.232842929661274 ], [ 585922.03374352119863, 4234321.781228111125529 ], [ 585909.568279239349067, 4234323.808432795107365 ], [ 585914.344854718074203, 4234353.708184231072664 ] ] ] ] } },
{ "type": "Feature", "properties": { "uipfonksiyon": "YERLEŞİK KONUT ALANI", "nizam": "A", "yanbahce": "6.5", "taks": "0.3", "kaks": "1.2", "onbahce": "5.5", "katadedi": "4", "yencok": null, "emsal": null, "aream2": 481.51, "facade_front": "", "facade_side": "", "facade_back": "0,1,2,3", "facade_count": 0, "is_corner": false, "front_direction": "belirsiz" }, "geometry": { "type": "MultiPolygon", "coordinates": [ [ [ [ 585898.54519628896378, 4234356.232227321714163 ], [ 585903.285179899190553, 4234385.902926001697779 ], [ 585919.099867648328654, 4234383.472961385734379 ], [ 585914.344854718074203, 4234353.708184231072664 ], [ 585898.54519628896378, 4234356.232227321714163 ] ] ] ] } },
{ "type": "Feature", "properties": { "uipfonksiyon": "YERLEŞİK KONUT ALANI", "nizam": "A", "yanbahce": "6.5", "taks": "0.3", "kaks": "1.2", "onbahce": "5.5", "katadedi": "4", "yencok": null, "emsal": null, "aream2": 480.03, "facade_front": "", "facade_side": "", "facade_back": "0,1,2,3,4", "facade_count": 0, "is_corner": false, "front_direction": "belirsiz" }, "geometry": { "type": "MultiPolygon", "coordinates": [ [ [ [ 585882.745537859853357, 4234358.756270412355661 ], [ 585887.472662468906492, 4234388.34647608269006 ], [ 585893.91020874097012, 4234387.343412754125893 ], [ 585903.285179899190553, 4234385.902926001697779 ], [ 585898.54519628896378, 4234356.232227321714163 ], [ 585882.745537859853357, 4234358.756270412355661 ] ] ] ] } },
{ "type": "Feature", "properties": { "uipfonksiyon": "YERLEŞİK KONUT ALANI", "nizam": "A", "yanbahce": "6.5", "taks": "0.3", "kaks": "1.2", "onbahce": "5.5", "katadedi": "4", "yencok": null, "emsal": null, "aream2": 478.95, "facade_front": "", "facade_side": "", "facade_back": "0,1,2,3", "facade_count": 0, "is_corner": false, "front_direction": "belirsiz" }, "geometry": { "type": "MultiPolygon", "coordinates": [ [ [ [ 585887.472662468906492, 4234388.34647608269006 ], [ 585882.745537859853357, 4234358.756270412355661 ], [ 585866.945879430742934, 4234361.28031350299716 ], [ 585871.663304599700496, 4234390.809803949669003 ], [ 585887.472662468906492, 4234388.34647608269006 ] ] ] ] } },
{ "type": "Feature", "properties": { "uipfonksiyon": "YERLEŞİK KONUT ALANI", "nizam": "A", "yanbahce": "6.5", "taks": "0.3", "kaks": "1.2", "onbahce": "5.5", "katadedi": "4", "yencok": null, "emsal": null, "aream2": 477.97, "facade_front": "", "facade_side": "", "facade_back": "0,1,2,3", "facade_count": 0, "is_corner": false, "front_direction": "belirsiz" }, "geometry": { "type": "MultiPolygon", "coordinates": [ [ [ [ 585871.663304599700496, 4234390.809803949669003 ], [ 585866.945879430742934, 4234361.28031350299716 ], [ 585851.146221001632512, 4234363.804356593638659 ], [ 585855.853946730494499, 4234393.273131816647947 ], [ 585871.663304599700496, 4234390.809803949669003 ] ] ] ] } },
{ "type": "Feature", "properties": { "uipfonksiyon": "YERLEŞİK KONUT ALANI", "nizam": "A", "yanbahce": "6.5", "taks": "0.3", "kaks": "1.2", "onbahce": "5.5", "katadedi": "4", "yencok": null, "emsal": null, "aream2": 476.99, "facade_front": "", "facade_side": "", "facade_back": "0,1,2,3", "facade_count": 0, "is_corner": false, "front_direction": "belirsiz" }, "geometry": { "type": "MultiPolygon", "coordinates": [ [ [ [ 585855.853946730494499, 4234393.273131816647947 ], [ 585851.146221001632512, 4234363.804356593638659 ], [ 585835.346562572522089, 4234366.328399684280157 ], [ 585840.044588861288503, 4234395.73645968362689 ], [ 585855.853946730494499, 4234393.273131816647947 ] ] ] ] } },
{ "type": "Feature", "properties": { "uipfonksiyon": "YERLEŞİK KONUT ALANI", "nizam": "A", "yanbahce": "6.5", "taks": "0.3", "kaks": "1.2", "onbahce": "5.5", "katadedi": "4", "yencok": null, "emsal": null, "aream2": 474.6, "facade_front": "3,4,5", "facade_side": "", "facade_back": "0,1,2", "facade_count": 3, "is_corner": true, "front_direction": "S" }, "geometry": { "type": "MultiPolygon", "coordinates": [ [ [ [ 585840.044588861288503, 4234395.73645968362689 ], [ 585835.346562572522089, 4234366.328399684280157 ], [ 585819.546904143411666, 4234368.852442774921656 ], [ 585824.208839625120163, 4234398.034586494788527 ], [ 585826.697561852750368, 4234397.637005612254143 ], [ 585837.596215539495461, 4234396.117951853200793 ], [ 585840.044588861288503, 4234395.73645968362689 ] ] ] ] } },
{ "type": "Feature", "properties": { "uipfonksiyon": "YERLEŞİK KONUT ALANI", "nizam": "A", "yanbahce": "6.5", "taks": "0.3", "kaks": "1.2", "onbahce": "5.5", "katadedi": "4", "yencok": null, "emsal": null, "aream2": 472.83, "facade_front": "3", "facade_side": "0,2", "facade_back": "1", "facade_count": 1, "is_corner": false, "front_direction": "S" }, "geometry": { "type": "MultiPolygon", "coordinates": [ [ [ [ 585824.208839625120163, 4234398.034586494788527 ], [ 585819.546904143411666, 4234368.852442774921656 ], [ 585803.747245714301243, 4234371.376485865563154 ], [ 585808.409181195893325, 4234400.558629585430026 ], [ 585824.208839625120163, 4234398.034586494788527 ] ] ] ] } },
{ "type": "Feature", "properties": { "uipfonksiyon": "YERLEŞİK KONUT ALANI", "nizam": "A", "yanbahce": "6.5", "taks": "0.3", "kaks": "1.2", "onbahce": "5.5", "katadedi": "4", "yencok": null, "emsal": null, "aream2": 457.8, "facade_front": "4", "facade_side": "0,2,3", "facade_back": "1", "facade_count": 1, "is_corner": false, "front_direction": "S" }, "geometry": { "type": "MultiPolygon", "coordinates": [ [ [ [ 585808.409181195893325, 4234400.558629585430026 ], [ 585803.747245714301243, 4234371.376485865563154 ], [ 585787.947587285190821, 4234373.900528956204653 ], [ 585791.84335125843063, 4234398.286697451025248 ], [ 585798.722150094108656, 4234402.106162022799253 ], [ 585808.409181195893325, 4234400.558629585430026 ] ] ] ] } },
{ "type": "Feature", "properties": { "uipfonksiyon": "YERLEŞİK KONUT ALANI", "nizam": "A", "yanbahce": "6.5", "taks": "0.3", "kaks": "1.2", "onbahce": "5.5", "katadedi": "4", "yencok": null, "emsal": null, "aream2": 777.87, "facade_front": "1", "facade_side": "0,2,3,5", "facade_back": "4", "facade_count": 1, "is_corner": false, "front_direction": "N" }, "geometry": { "type": "MultiPolygon", "coordinates": [ [ [ [ 585787.947587285190821, 4234373.900528956204653 ], [ 585783.192750667803921, 4234344.136855460703373 ], [ 585767.375032748212107, 4234346.547852232120931 ], [ 585772.147928856080398, 4234376.424572046846151 ], [ 585774.063325389754027, 4234388.414308315142989 ], [ 585791.84335125843063, 4234398.286697451025248 ], [ 585787.947587285190821, 4234373.900528956204653 ] ] ] ] } },
{ "type": "Feature", "properties": { "uipfonksiyon": "YERLEŞİK KONUT ALANI", "nizam": "A", "yanbahce": "6.5", "taks": "0.3", "kaks": "1.2", "onbahce": "5.5", "katadedi": "4", "yencok": null, "emsal": null, "aream2": 605.77, "facade_front": "1,2,3", "facade_side": "", "facade_back": "0,4,5,6,7,8", "facade_count": 3, "is_corner": true, "front_direction": "coklu" }, "geometry": { "type": "MultiPolygon", "coordinates": [ [ [ [ 585772.147928856080398, 4234376.424572046846151 ], [ 585767.375032748212107, 4234346.547852232120931 ], [ 585754.978739050100558, 4234348.437342500314116 ], [ 585752.645166411530226, 4234349.797526294365525 ], [ 585751.357573784072883, 4234352.05195061955601 ], [ 585753.660258608055301, 4234370.678922243416309 ], [ 585754.795199151383713, 4234377.715648957528174 ], [ 585756.866617730935104, 4234378.865807591937482 ], [ 585774.063325389754027, 4234388.414308315142989 ], [ 585772.147928856080398, 4234376.424572046846151 ] ] ] ] } },
{ "type": "Feature", "properties": { "uipfonksiyon": "YERLEŞİK KONUT ALANI", "nizam": "A", "yanbahce": "6.5", "taks": "0.3", "kaks": "1.2", "onbahce": "5.5", "katadedi": "4", "yencok": null, "emsal": null, "aream2": 484.1, "facade_front": "3", "facade_side": "0,2", "facade_back": "1", "facade_count": 1, "is_corner": false, "front_direction": "N" }, "geometry": { "type": "MultiPolygon", "coordinates": [ [ [ [ 585893.775687949266285, 4234326.376713792793453 ], [ 585898.54519628896378, 4234356.232227321714163 ], [ 585914.344854718074203, 4234353.708184231072664 ], [ 585909.568279239349067, 4234323.808432795107365 ], [ 585893.775687949266285, 4234326.376713792793453 ] ] ] ] } },
{ "type": "Feature", "properties": { "uipfonksiyon": "YERLEŞİK KONUT ALANI", "nizam": "A", "yanbahce": "6.5", "taks": "0.3", "kaks": "1.2", "onbahce": "5.5", "katadedi": "4", "yencok": null, "emsal": null, "aream2": 483.39, "facade_front": "3,4", "facade_side": "", "facade_back": "0,1,2", "facade_count": 2, "is_corner": true, "front_direction": "N" }, "geometry": { "type": "MultiPolygon", "coordinates": [ [ [ [ 585877.983096659183502, 4234328.944994790479541 ], [ 585882.745537859853357, 4234358.756270412355661 ], [ 585898.54519628896378, 4234356.232227321714163 ], [ 585893.775687949266285, 4234326.376713792793453 ], [ 585883.555876024300233, 4234328.03871772158891 ], [ 585877.983096659183502, 4234328.944994790479541 ] ] ] ] } },
{ "type": "Feature", "properties": { "uipfonksiyon": "YERLEŞİK KONUT ALANI", "nizam": "A", "yanbahce": "6.5", "taks": "0.3", "kaks": "1.2", "onbahce": "5.5", "katadedi": "4", "yencok": null, "emsal": null, "aream2": 482.67, "facade_front": "1", "facade_side": "0,2", "facade_back": "3", "facade_count": 1, "is_corner": false, "front_direction": "N" }, "geometry": { "type": "MultiPolygon", "coordinates": [ [ [ [ 585882.745537859853357, 4234358.756270412355661 ], [ 585877.983096659183502, 4234328.944994790479541 ], [ 585862.190505369217135, 4234331.513275788165629 ], [ 585866.945879430742934, 4234361.28031350299716 ], [ 585882.745537859853357, 4234358.756270412355661 ] ] ] ] } },
{ "type": "Feature", "properties": { "uipfonksiyon": "YERLEŞİK KONUT ALANI", "nizam": "A", "yanbahce": "6.5", "taks": "0.3", "kaks": "1.2", "onbahce": "5.5", "katadedi": "4", "yencok": null, "emsal": null, "aream2": 481.95, "facade_front": "1,2", "facade_side": "", "facade_back": "0,3,4", "facade_count": 2, "is_corner": true, "front_direction": "N" }, "geometry": { "type": "MultiPolygon", "coordinates": [ [ [ [ 585866.945879430742934, 4234361.28031350299716 ], [ 585862.190505369217135, 4234331.513275788165629 ], [ 585849.022218546480872, 4234333.654777470976114 ], [ 585846.397914079134353, 4234334.081556785851717 ], [ 585851.146221001632512, 4234363.804356593638659 ], [ 585866.945879430742934, 4234361.28031350299716 ] ] ] ] } },
{ "type": "Feature", "properties": { "uipfonksiyon": "YERLEŞİK KONUT ALANI", "nizam": "A", "yanbahce": "6.5", "taks": "0.3", "kaks": "1.2", "onbahce": "5.5", "katadedi": "4", "yencok": null, "emsal": null, "aream2": 481.24, "facade_front": "1", "facade_side": "0,2", "facade_back": "3", "facade_count": 1, "is_corner": false, "front_direction": "N" }, "geometry": { "type": "MultiPolygon", "coordinates": [ [ [ [ 585851.146221001632512, 4234363.804356593638659 ], [ 585846.397914079134353, 4234334.081556785851717 ], [ 585830.605322789167985, 4234336.649837783537805 ], [ 585835.346562572522089, 4234366.328399684280157 ], [ 585851.146221001632512, 4234363.804356593638659 ] ] ] ] } },
{ "type": "Feature", "properties": { "uipfonksiyon": "YERLEŞİK KONUT ALANI", "nizam": "A", "yanbahce": "6.5", "taks": "0.3", "kaks": "1.2", "onbahce": "5.5", "katadedi": "4", "yencok": null, "emsal": null, "aream2": 480.52, "facade_front": "1,2", "facade_side": "", "facade_back": "0,3,4", "facade_count": 2, "is_corner": true, "front_direction": "N" }, "geometry": { "type": "MultiPolygon", "coordinates": [ [ [ [ 585835.346562572522089, 4234366.328399684280157 ], [ 585830.605322789167985, 4234336.649837783537805 ], [ 585828.765079969423823, 4234336.949108535423875 ], [ 585814.812731499085203, 4234339.218118781223893 ], [ 585819.546904143411666, 4234368.852442774921656 ], [ 585835.346562572522089, 4234366.328399684280157 ] ] ] ] } },
{ "type": "Feature", "properties": { "uipfonksiyon": "YERLEŞİK KONUT ALANI", "nizam": "A", "yanbahce": "6.5", "taks": "0.3", "kaks": "1.2", "onbahce": "5.5", "katadedi": "4", "yencok": null, "emsal": null, "aream2": 479.99, "facade_front": "1,2", "facade_side": "", "facade_back": "0,3,4", "facade_count": 2, "is_corner": true, "front_direction": "N" }, "geometry": { "type": "MultiPolygon", "coordinates": [ [ [ [ 585819.546904143411666, 4234368.852442774921656 ], [ 585814.812731499085203, 4234339.218118781223893 ], [ 585805.098948566941544, 4234340.797829397022724 ], [ 585799.010468587395735, 4234341.725858689285815 ], [ 585803.747245714301243, 4234371.376485865563154 ], [ 585819.546904143411666, 4234368.852442774921656 ] ] ] ] } },
{ "type": "Feature", "properties": { "uipfonksiyon": "YERLEŞİK KONUT ALANI", "nizam": "A", "yanbahce": "6.5", "taks": "0.3", "kaks": "1.2", "onbahce": "5.5", "katadedi": "4", "yencok": null, "emsal": null, "aream2": 481.34, "facade_front": "1", "facade_side": "0,2", "facade_back": "3", "facade_count": 1, "is_corner": false, "front_direction": "N" }, "geometry": { "type": "MultiPolygon", "coordinates": [ [ [ [ 585803.747245714301243, 4234371.376485865563154 ], [ 585799.010468587395735, 4234341.725858689285815 ], [ 585783.192750667803921, 4234344.136855460703373 ], [ 585787.947587285190821, 4234373.900528956204653 ], [ 585803.747245714301243, 4234371.376485865563154 ] ] ] ] } },
{ "type": "Feature", "properties": { "uipfonksiyon": "YERLEŞİK KONUT ALANI", "nizam": "A", "yanbahce": "6.5", "taks": "0.3", "kaks": "1.2", "onbahce": "5.5", "katadedi": "4", "yencok": null, "emsal": null, "aream2": 518.33, "facade_front": "1,2,3,4,5,6,7", "facade_side": "", "facade_back": "0,8,9", "facade_count": 7, "is_corner": true, "front_direction": "coklu" }, "geometry": { "type": "MultiPolygon", "coordinates": [ [ [ [ 586095.015148625941947, 4234320.595180387608707 ], [ 586112.378782746964134, 4234316.990639371797442 ], [ 586112.341307574766688, 4234316.816372282803059 ], [ 586107.005387696321122, 4234292.003271522000432 ], [ 586106.024503070279025, 4234290.342934649437666 ], [ 586103.890431348467246, 4234288.931349138729274 ], [ 586102.625078762997873, 4234288.679765283130109 ], [ 586101.33747530716937, 4234288.760319257155061 ], [ 586089.164299031021073, 4234291.124854597263038 ], [ 586094.95040106610395, 4234320.269051395356655 ], [ 586095.015148625941947, 4234320.595180387608707 ] ] ] ] } },
{ "type": "Feature", "properties": { "uipfonksiyon": "YERLEŞİK KONUT ALANI", "nizam": "A", "yanbahce": "6.5", "taks": "0.3", "kaks": "1.2", "onbahce": "5.5", "katadedi": "4", "yencok": null, "emsal": null, "aream2": 482.37, "facade_front": "3", "facade_side": "0,1,2,4", "facade_back": "5", "facade_count": 1, "is_corner": false, "front_direction": "N" }, "geometry": { "type": "MultiPolygon", "coordinates": [ [ [ [ 586079.348552325507626, 4234323.84743095561862 ], [ 586095.015148625941947, 4234320.595180387608707 ], [ 586094.95040106610395, 4234320.269051395356655 ], [ 586089.164299031021073, 4234291.124854597263038 ], [ 586073.457721583079547, 4234294.175722884014249 ], [ 586079.256700208061375, 4234323.384778176434338 ], [ 586079.348552325507626, 4234323.84743095561862 ] ] ] ] } },
{ "type": "Feature", "properties": { "uipfonksiyon": "YERLEŞİK KONUT ALANI", "nizam": "A", "yanbahce": "6.5", "taks": "0.3", "kaks": "1.2", "onbahce": "5.5", "katadedi": "4", "yencok": null, "emsal": null, "aream2": 485.66, "facade_front": "3", "facade_side": "0,1,2,4", "facade_back": "5", "facade_count": 1, "is_corner": false, "front_direction": "N" }, "geometry": { "type": "MultiPolygon", "coordinates": [ [ [ [ 586063.681956024840474, 4234327.099681523628533 ], [ 586079.348552325507626, 4234323.84743095561862 ], [ 586079.256700208061375, 4234323.384778176434338 ], [ 586073.457721583079547, 4234294.175722884014249 ], [ 586057.75114413513802, 4234297.22659117076546 ], [ 586063.562999349785969, 4234326.500504957512021 ], [ 586063.681956024840474, 4234327.099681523628533 ] ] ] ] } },
{ "type": "Feature", "properties": { "uipfonksiyon": "YERLEŞİK KONUT ALANI", "nizam": "A", "yanbahce": "6.5", "taks": "0.3", "kaks": "1.2", "onbahce": "5.5", "katadedi": "4", "yencok": null, "emsal": null, "aream2": 564.13, "facade_front": "2,3", "facade_side": "", "facade_back": "0,1,4,5,6,7", "facade_count": 2, "is_corner": true, "front_direction": "S" }, "geometry": { "type": "MultiPolygon", "coordinates": [ [ [ [ 586047.869298491743393, 4234329.616231738589704 ], [ 586032.175597633584403, 4234332.731958519667387 ], [ 586038.036807113909163, 4234362.254466337151825 ], [ 586053.730507972068153, 4234359.138739556074142 ], [ 586056.004840196459554, 4234358.687208213843405 ], [ 586050.525030981516466, 4234329.83094593603164 ], [ 586063.681956024840474, 4234327.099681523628533 ], [ 586063.562999349785969, 4234326.500504957512021 ], [ 586047.869298491743393, 4234329.616231738589704 ] ] ] ] } },
{ "type": "Feature", "properties": { "uipfonksiyon": "YERLEŞİK KONUT ALANI", "nizam": "A", "yanbahce": "6.5", "taks": "0.3", "kaks": "1.2", "onbahce": "5.5", "katadedi": "4", "yencok": null, "emsal": null, "aream2": 478.05, "facade_front": "2,3", "facade_side": "", "facade_back": "0,1,4", "facade_count": 2, "is_corner": true, "front_direction": "N" }, "geometry": { "type": "MultiPolygon", "coordinates": [ [ [ [ 586047.869298491743393, 4234329.616231738589704 ], [ 586063.562999349785969, 4234326.500504957512021 ], [ 586057.75114413513802, 4234297.22659117076546 ], [ 586053.339495594264008, 4234298.083516154438257 ], [ 586042.044566687196493, 4234300.27745945751667 ], [ 586047.869298491743393, 4234329.616231738589704 ] ] ] ] } },
{ "type": "Feature", "properties": { "uipfonksiyon": "YERLEŞİK KONUT ALANI", "nizam": "A", "yanbahce": "6.5", "taks": "0.3", "kaks": "1.2", "onbahce": "5.5", "katadedi": "4", "yencok": null, "emsal": null, "aream2": 479.11, "facade_front": "2", "facade_side": "1,3", "facade_back": "0", "facade_count": 1, "is_corner": false, "front_direction": "N" }, "geometry": { "type": "MultiPolygon", "coordinates": [ [ [ [ 586032.175597633584403, 4234332.731958519667387 ], [ 586047.869298491743393, 4234329.616231738589704 ], [ 586042.044566687196493, 4234300.27745945751667 ], [ 586026.337989239254966, 4234303.328327744267881 ], [ 586032.175597633584403, 4234332.731958519667387 ] ] ] ] } },
{ "type": "Feature", "properties": { "uipfonksiyon": "YERLEŞİK KONUT ALANI", "nizam": "A", "yanbahce": "6.5", "taks": "0.3", "kaks": "1.2", "onbahce": "5.5", "katadedi": "4", "yencok": null, "emsal": null, "aream2": 481.58, "facade_front": "2", "facade_side": "1,3", "facade_back": "0", "facade_count": 1, "is_corner": false, "front_direction": "S" }, "geometry": { "type": "MultiPolygon", "coordinates": [ [ [ [ 586032.175597633584403, 4234332.731958519667387 ], [ 586016.481896775425412, 4234335.84768530074507 ], [ 586022.343106255750172, 4234365.370193118229508 ], [ 586038.036807113909163, 4234362.254466337151825 ], [ 586032.175597633584403, 4234332.731958519667387 ] ] ] ] } },
{ "type": "Feature", "properties": { "uipfonksiyon": "YERLEŞİK KONUT ALANI", "nizam": "A", "yanbahce": "6.5", "taks": "0.3", "kaks": "1.2", "onbahce": "5.5", "katadedi": "4", "yencok": null, "emsal": null, "aream2": 480.17, "facade_front": "2,3", "facade_side": "", "facade_back": "0,1,4", "facade_count": 2, "is_corner": true, "front_direction": "N" }, "geometry": { "type": "MultiPolygon", "coordinates": [ [ [ [ 586016.481896775425412, 4234335.84768530074507 ], [ 586032.175597633584403, 4234332.731958519667387 ], [ 586026.337989239254966, 4234303.328327744267881 ], [ 586010.901149493874982, 4234306.326801789924502 ], [ 586010.631496486952528, 4234306.37962263636291 ], [ 586016.481896775425412, 4234335.84768530074507 ] ] ] ] } },
{ "type": "Feature", "properties": { "uipfonksiyon": "YERLEŞİK KONUT ALANI", "nizam": "A", "yanbahce": "6.5", "taks": "0.3", "kaks": "1.2", "onbahce": "5.5", "katadedi": "4", "yencok": null, "emsal": null, "aream2": 481.58, "facade_front": "2", "facade_side": "1,3", "facade_back": "0", "facade_count": 1, "is_corner": false, "front_direction": "S" }, "geometry": { "type": "MultiPolygon", "coordinates": [ [ [ [ 586016.481896775425412, 4234335.84768530074507 ], [ 586000.788195917266421, 4234338.963412081822753 ], [ 586006.649405397591181, 4234368.485919899307191 ], [ 586022.343106255750172, 4234365.370193118229508 ], [ 586016.481896775425412, 4234335.84768530074507 ] ] ] ] } },
{ "type": "Feature", "properties": { "uipfonksiyon": "YERLEŞİK KONUT ALANI", "nizam": "A", "yanbahce": "6.5", "taks": "0.3", "kaks": "1.2", "onbahce": "5.5", "katadedi": "4", "yencok": null, "emsal": null, "aream2": 481.02, "facade_front": "2", "facade_side": "1,3", "facade_back": "0", "facade_count": 1, "is_corner": false, "front_direction": "N" }, "geometry": { "type": "MultiPolygon", "coordinates": [ [ [ [ 586000.788195917266421, 4234338.963412081822753 ], [ 586016.481896775425412, 4234335.84768530074507 ], [ 586010.631496486952528, 4234306.37962263636291 ], [ 585994.929850783548318, 4234309.455331780016422 ], [ 586000.788195917266421, 4234338.963412081822753 ] ] ] ] } },
{ "type": "Feature", "properties": { "uipfonksiyon": "YERLEŞİK KONUT ALANI", "nizam": "A", "yanbahce": "6.5", "taks": "0.3", "kaks": "1.2", "onbahce": "5.5", "katadedi": "4", "yencok": null, "emsal": null, "aream2": 481.58, "facade_front": "2", "facade_side": "1,3", "facade_back": "0", "facade_count": 1, "is_corner": false, "front_direction": "S" }, "geometry": { "type": "MultiPolygon", "coordinates": [ [ [ [ 586000.788195917266421, 4234338.963412081822753 ], [ 585985.094495058991015, 4234342.079138862900436 ], [ 585990.95570453943219, 4234371.601646680384874 ], [ 586006.649405397591181, 4234368.485919899307191 ], [ 586000.788195917266421, 4234338.963412081822753 ] ] ] ] } },
{ "type": "Feature", "properties": { "uipfonksiyon": "YERLEŞİK KONUT ALANI", "nizam": "A", "yanbahce": "6.5", "taks": "0.3", "kaks": "1.2", "onbahce": "5.5", "katadedi": "4", "yencok": null, "emsal": null, "aream2": 359.28, "facade_front": "2,3,4,5,6,7,8,9", "facade_side": "", "facade_back": "0,1", "facade_count": 8, "is_corner": true, "front_direction": "coklu" }, "geometry": { "type": "MultiPolygon", "coordinates": [ [ [ [ 585985.094495058991015, 4234342.079138862900436 ], [ 586000.788195917266421, 4234338.963412081822753 ], [ 585994.929850783548318, 4234309.455331780016422 ], [ 585989.268953660153784, 4234310.564213828183711 ], [ 585987.710503253852949, 4234311.390209887176752 ], [ 585986.535833058878779, 4234312.705955718643963 ], [ 585985.891120780841447, 4234314.347717953845859 ], [ 585985.88354382768739, 4234317.675536649301648 ], [ 585986.539976754342206, 4234336.564243568107486 ], [ 585984.941380856093019, 4234341.307913185097277 ], [ 585985.094495058991015, 4234342.079138862900436 ] ] ] ] } },
{ "type": "Feature", "properties": { "uipfonksiyon": "YERLEŞİK KONUT ALANI", "nizam": "A", "yanbahce": "6.5", "taks": "0.3", "kaks": "1.2", "onbahce": "5.5", "katadedi": "4", "yencok": null, "emsal": null, "aream2": 307.38, "facade_front": "0,1,2,3,4,5,6", "facade_side": "", "facade_back": "7", "facade_count": 7, "is_corner": true, "front_direction": "coklu" }, "geometry": { "type": "MultiPolygon", "coordinates": [ [ [ [ 585985.094495058991015, 4234342.079138862900436 ], [ 585984.651867181877606, 4234342.167015364393592 ], [ 585981.009092837339267, 4234352.976575178094208 ], [ 585973.100342372665182, 4234366.601551229134202 ], [ 585972.430610109586269, 4234369.355992245487869 ], [ 585973.996452396037057, 4234372.751349382102489 ], [ 585976.942554597160779, 4234374.383727653883398 ], [ 585990.95570453943219, 4234371.601646680384874 ], [ 585985.094495058991015, 4234342.079138862900436 ] ] ] ] } },
{ "type": "Feature", "properties": { "uipfonksiyon": "CAMİ", "nizam": null, "yanbahce": "3", "taks": null, "kaks": null, "onbahce": null, "katadedi": null, "yencok": "12", "emsal": "1.2", "aream2": 353.25, "facade_front": "", "facade_side": "", "facade_back": "0,1,2,3,4,5", "facade_count": 0, "is_corner": false, "front_direction": "belirsiz" }, "geometry": { "type": "MultiPolygon", "coordinates": [ [ [ [ 586076.523157366202213, 4234339.74165578559041 ], [ 586073.476695950492285, 4234325.066377806477249 ], [ 586063.681956024840474, 4234327.099681523628533 ], [ 586050.525030981516466, 4234329.83094593603164 ], [ 586053.321715434663929, 4234344.558075462467968 ], [ 586066.600753191974945, 4234341.801461501047015 ], [ 586076.523157366202213, 4234339.74165578559041 ] ] ] ] } },
{ "type": "Feature", "properties": { "uipfonksiyon": "CAMİ", "nizam": null, "yanbahce": "3", "taks": null, "kaks": null, "onbahce": null, "katadedi": null, "yencok": "12", "emsal": "1.2", "aream2": 469.93, "facade_front": "", "facade_side": "", "facade_back": "0,1,2,3,4,5,6,7,8,9", "facade_count": 0, "is_corner": false, "front_direction": "belirsiz" }, "geometry": { "type": "MultiPolygon", "coordinates": [ [ [ [ 586069.428434694418684, 4234356.044298161752522 ], [ 586079.495968224364333, 4234354.062147584743798 ], [ 586085.127077621640638, 4234352.953464241698384 ], [ 586095.195421785581857, 4234350.971154063008726 ], [ 586100.825720548862591, 4234349.862630321644247 ], [ 586097.933945793076418, 4234335.296960365027189 ], [ 586092.18916089728009, 4234336.489528271369636 ], [ 586082.267349492525682, 4234338.549210933037102 ], [ 586076.523157366202213, 4234339.74165578559041 ], [ 586066.600753191974945, 4234341.801461501047015 ], [ 586069.428434694418684, 4234356.044298161752522 ] ] ] ] } },
{ "type": "Feature", "properties": { "uipfonksiyon": "CAMİ", "nizam": null, "yanbahce": "3", "taks": null, "kaks": null, "onbahce": null, "katadedi": null, "yencok": "12", "emsal": "1.2", "aream2": 196.84, "facade_front": "", "facade_side": "", "facade_back": "0,1,2,3", "facade_count": 0, "is_corner": false, "front_direction": "belirsiz" }, "geometry": { "type": "MultiPolygon", "coordinates": [ [ [ [ 586066.600753191974945, 4234341.801461501047015 ], [ 586053.321715434663929, 4234344.558075462467968 ], [ 586056.004840196459554, 4234358.687208213843405 ], [ 586069.428434694418684, 4234356.044298161752522 ], [ 586066.600753191974945, 4234341.801461501047015 ] ] ] ] } },
{ "type": "Feature", "properties": { "uipfonksiyon": "CAMİ", "nizam": null, "yanbahce": "3", "taks": null, "kaks": null, "onbahce": null, "katadedi": null, "yencok": "12", "emsal": "1.2", "aream2": 328.73, "facade_front": "", "facade_side": "", "facade_back": "0,1,2,3,4,5,6,7", "facade_count": 0, "is_corner": false, "front_direction": "belirsiz" }, "geometry": { "type": "MultiPolygon", "coordinates": [ [ [ [ 586079.348552325391211, 4234323.84743095561862 ], [ 586073.476695950492285, 4234325.066377806477249 ], [ 586076.523157366202213, 4234339.74165578559041 ], [ 586082.267349492525682, 4234338.549210933037102 ], [ 586092.18916089728009, 4234336.489528271369636 ], [ 586097.933945793076418, 4234335.296960365027189 ], [ 586095.015148625941947, 4234320.595180386677384 ], [ 586089.142699481570162, 4234321.814250292256474 ], [ 586079.348552325391211, 4234323.84743095561862 ] ] ] ] } },
{ "type": "Feature", "properties": { "uipfonksiyon": "CAMİ", "nizam": null, "yanbahce": "3", "taks": null, "kaks": null, "onbahce": null, "katadedi": null, "yencok": "12", "emsal": "1.2", "aream2": 532.16, "facade_front": "1,2,3,4,5", "facade_side": "", "facade_back": "0,6,7", "facade_count": 5, "is_corner": true, "front_direction": "coklu" }, "geometry": { "type": "MultiPolygon", "coordinates": [ [ [ [ 586097.933945793076418, 4234335.296960365027189 ], [ 586100.825720548862591, 4234349.862630321644247 ], [ 586114.063156918040477, 4234347.256372090429068 ], [ 586116.714651852613315, 4234345.807404739782214 ], [ 586117.801152096595615, 4234342.080995067022741 ], [ 586115.544941211235709, 4234331.641069273464382 ], [ 586112.378782746964134, 4234316.990639371797442 ], [ 586095.015148625941947, 4234320.595180386677384 ], [ 586097.933945793076418, 4234335.296960365027189 ] ] ] ] } }
]
}
